file,file_date,compound,n_res,n_atoms,mw,smiles
"PXR_pdbalignments_holo_TIER1_sorted_moesession.moe","2026-05-29 13:43:33","5A86.A",271,2213,31484,"SC[C@H](NC(=O)[C@@H](NC(=O)[C@@H](NC(=O)[C@@H](NC(=O)CNC(=O)[C@@H](NC(=O)[C@@H](NC(=O)[C@@H](NC(=O)[C@@H](NC(=O)[C@@H](NC(=O)[C@@H](NC(=O)[C@@H](NC(=O)[C@@H](NC(=O)[C@@H](NC(=O)[C@@H](NC(=O)[C@@H](NC(=O)[C@@H](NC(=O)[C@@H](NC(=O)[C@@H](NC(=O)[C@@H](NC(=O)[C@@H](NC(=O)[C@@H](NC(=O)[C@@H](NC(=O)CNC(=O)[C@@H](NC(=O)[C@@H](NC(=O)[C@@H](NC(=O)[C@@H](NC(=O)[C@@H](NC(=O)[C@@H](NC(=O)[C@@H](NC(=O)[C@@H](NC(=O)[C@@H](NC(=O)[C@H]1N(C(=O)[C@@H](NC(=O)[C@@H](NC(=O)[C@@H](NC(=O)[C@@H](NC(=O)[C@@H](NC(=O)[C@@H](NC(=O)[C@@H](NC(=O)[C@@H](NC(=O)[C@@H](NC(=O)[C@@H](NC(=O)[C@@H](NC(=O)[C@@H](NC(=O)[C@@H](NC(=O)[C@@H](NC(=O)CNC(=O)[C@@H](NC(=O)[C@@H](NC(=O)[C@@H](NC(=O)[C@@H](NC(=O)[C@@H](NC(=O)[C@@H](NC(=O)[C@@H](NC(=O)[C@@H](NC(=O)[C@@H](NC(=O)[C@@H](NC(=O)[C@@H](NC(=O)[C@H]2N(C(=O)[C@@H](NC(=O)[C@@H](NC(=O)[C@@H](NC(=O)[C@@H](NC(=O)[C@@H](NC(=O)[C@@H](NC(=O)[C@@H](NC(=O)CNC(=O)CNC(=O)[C@@H](NC(=O)[C@@H](NC(=O)[C@@H](NC(=O)[C@H]3N(C(=O)[C@H]4N(C(=O)[C@@H](NC(=O)[C@@H](NC(=O)[C@@H](NC(=O)[C@@H](NC(=O)[C@@H](NC(=O)[C@@H](NC(=O)CNC(=O)[C@@H](NC(=O)[C@@H](NC(=O)CNC(=O)[C@@H](NC(=O)[C@@H](NC(=O)[C@@H](NC(=O)[C@@H](NC(=O)[C@@H](NC(=O)[C@@H](NC(=O)[C@@H](NC(=O)[C@@H](NC(=O)[C@@H](NC(=O)[C@@H](NC(=O)[C@@H](NC(=O)[C@@H](NC(=O)[C@@H](NC(=O)[C@@H](NC(=O)[C@@H](NC(=O)[C@@H](NC(=O)[C@@H](NC(=O)[C@@H](NC(=O)[C@@H](NC(=O)[C@@H](NC(=O)[C@@H](NC(=O)[C@@H](NC(=O)[C@@H]([NH3+])CCC(=O)[O-])CCC(=O)[O-])C)C)CCCC[NH3+])Cc5c[nH]c6ccccc56)CO)CCC(=O)N)C(C)C)CCCNC(=[NH2+])N)CCCC[NH3+])CC(=O)[O-])CC(C)C)CS)CO)CC(C)C)CCCC[NH3+])C(C)C)CO)CC(C)C)CCC(=O)N)CC(C)C)CCCNC(=[NH2+])N)CCC(=O)[O-])CC(=O)[O-])CO)C(C)C)Cc5c[nH]c6ccccc56)CC(=O)N)Cc5ccc(O)cc5)CCCC[NH3+])CCC4)CCC3)C)CC(=O)[O-])CO)CCCC[NH3+])CCC(=O)[O-])[C@@H](C)CC)Cc3ccccc3)CO)CC(C)C)CC(C)C)CCC2)Cc2nc[nH]c2)CCSC)C)CC(=O)[O-])CCSC)CO)[C@H](O)C)Cc2ccc(O)cc2)CCSC)Cc2ccccc2)CCCC[NH3+])[C@@H](C)CC)[C@@H](C)CC)CO)Cc2ccccc2)C)CCCC[NH3+])C(C)C)[C@@H](C)CC)CO)Cc2ccc(O)cc2)Cc2ccccc2)CCCNC(=[NH2+])N)CC(=O)[O-])CC(C)C)CCC1)[C@@H](C)CC)CCC(=O)[O-])CC(=O)[O-])CCC(=O)N)[C@@H](C)CC)CO)CC(C)C)CC(C)C)CCCC[NH3+])C)C)Cc1ccccc1)CCC(=O)[O-])CC(C)C)CS)CCC(=O)N)CC(C)C)CCCNC(=[NH2+])N)Cc1ccccc1)CC(=O)N)[C@H](O)C)C(C)C)Cc1ccccc1)CC(=O)N)C)CCC(=O)[O-])[C@H](O)C)[C@H](O)C)Cc1c[nH]c2ccccc12)CCC(=O)[O-])C(=O)NCC(=O)N[C@@H](CCCNC(=[NH2+])N)C(=O)N[C@@H](CC(C)C)C(=O)N[C@@H](CO)C(=O)N[C@@H](Cc1ccc(O)cc1)C(=O)N[C@@H](CS)C(=O)N[C@@H](CC(C)C)C(=O)N[C@@H](CCC(=O)[O-])C(=O)N[C@@H](CC(=O)[O-])C(=O)N[C@@H]([C@H](O)C)C(=O)N[C@@H](C)C=O.SC[C@H](NC(=O)[C@@H](NC(=O)[C@@H](NC(=O)[C@@H](NC(=O)[C@@H](NC(=O)[C@@H](NC(=O)[C@@H](NC(=O)[C@@H](NC(=O)[C@@H](NC(=O)[C@@H](NC(=O)[C@@H](NC(=O)[C@@H](NC(=O)[C@@H](NC(=O)[C@@H](NC(=O)[C@@H](NC(=O)[C@@H](NC(=O)[C@@H](NC(=O)[C@@H](NC(=O)[C@@H](NC(=O)[C@@H](NC(=O)[C@@H](NC(=O)[C@@H](NC(=O)[C@@H](NC(=O)[C@@H](NC(=O)CNC(=O)[C@H]1N(C(=O)[C@@H](NC(=O)[C@@H](NC(=O)[C@H]2N(C(=O)[C@@H](NC(=O)[C@@H](NC(=O)[C@@H](NC(=O)[C@@H](NC(=O)[C@@H](NC(=O)[C@@H](NC(=O)[C@@H](NC(=O)[C@@H](NC(=O)[C@@H](NC(=O)[C@@H](NC(=O)[C@@H](NC(=O)[C@@H](NC(=O)[C@@H](NC(=O)[C@@H](NC(=O)[C@@H](NC(=O)[C@@H](NC(=O)[C@@H](NC(=O)[C@@H](NC(=O)[C@@H](NC(=O)[C@@H](NC(=O)[C@@H](NC(=O)[C@@H](NC(=O)[C@@H](NC(=O)[C@@H](NC(=O)[C@@H](NC(=O)[C@@H](NC(=O)[C@@H](NC(=O)[C@@H](NC(=O)[C@H]3N(C(=O)[C@@H](NC(=O)[C@@H](NC(=O)[C@@H](NC(=O)[C@@H](NC(=O)[C@@H](NC(=O)[C@@H]([NH3+])CCC(=O)N)CCC(=O)N)CC(C)C)CC(C)C)CC(C)C)CCC(=O)[O-])CCC3)CCSC)CC(C)C)CCCC[NH3+])Cc3ccccc3)Cc3nc[nH]c3)Cc3ccc(O)cc3)CCSC)CC(C)C)CCCC[NH3+])CCCC[NH3+])CC(C)C)CCC(=O)N)CC(C)C)Cc3nc[nH]c3)CCC(=O)[O-])CCC(=O)[O-])CCC(=O)[O-])Cc3ccc(O)cc3)C(C)C)CC(C)C)CCSC)CCC(=O)N)C)[C@@H](C)CC)CO)CC(C)C)Cc3ccccc3)CO)CCC2)CC(=O)[O-])CCCNC(=[NH2+])N)CCC1)C(C)C)CC(C)C)CCC(=O)N)Cc1nc[nH]c1)CCCNC(=[NH2+])N)C(C)C)C(C)C)CC(=O)[O-])CCC(=O)N)CC(C)C)CCC(=O)N)CCC(=O)[O-])CCC(=O)N)Cc1ccccc1)C)[C@@H](C)CC)[C@H](O)C)CC(C)C)CCCC[NH3+])CO)Cc1ccc(O)cc1)[C@@H](C)CC)CCC(=O)[O-])C(=O)N[C@@H](CC(=O)N)C(=O)N[C@@H](CCCNC(=[NH2+])N)C(=O)N1[C@H](C(=O)N[C@@H](CCC(=O)N)C(=O)N2[C@H](C(=O)N[C@@H](C)C(=O)N[C@@H](Cc3nc[nH]c3)C(=O)N[C@@H](CCCNC(=[NH2+])N)C(=O)N[C@@H](Cc3ccccc3)C(=O)N[C@@H](CC(C)C)C(=O)N[C@@H](Cc3ccccc3)C(=O)N[C@@H](CC(C)C)C(=O)N[C@@H](CCCC[NH3+])C(=O)N[C@@H]([C@@H](C)CC)C(=O)N[C@@H](CCSC)C(=O)N[C@@H](C)C(=O)N[C@@H](CCSC)C(=O)N[C@@H](CC(C)C)C(=O)N[C@@H]([C@H](O)C)C(=O)N[C@@H](CCC(=O)[O-])C(=O)N[C@@H](CC(C)C)C(=O)N[C@@H](CCCNC(=[NH2+])N)C(=O)N[C@@H](CO)C(=O)N[C@@H]([C@@H](C)CC)C(=O)N[C@@H](CC(=O)N)C(=O)N[C@@H](C)C(=O)N[C@@H](CCC(=O)N)C(=O)N[C@@H](Cc3nc[nH]c3)C(=O)N[C@@H]([C@H](O)C)C(=O)N[C@@H](CCC(=O)N)C(=O)N[C@@H](CCCNC(=[NH2+])N)C(=O)N[C@@H](CC(C)C)C(=O)N[C@@H](CC(C)C)C(=O)N[C@@H](CCCNC(=[NH2+])N)C(=O)N[C@@H]([C@@H](C)CC)C(=O)N[C@@H](CCC(=O)N)C(=O)N[C@@H](CC(=O)[O-])C(=O)N[C@@H]([C@@H](C)CC)C(=O)N[C@@H](Cc3nc[nH]c3)C(=O)N3[C@H](C(=O)N[C@@H](Cc4ccccc4)C(=O)N[C@@H](C)C(=O)N[C@@H]([C@H](O)C)C(=O)N4[C@H](C(=O)N[C@@H](CC(C)C)C(=O)N[C@@H](CCSC)C(=O)N[C@@H](CCC(=O)N)C(=O)N[C@@H](CCC(=O)[O-])C(=O)N[C@@H](CC(C)C)C(=O)N[C@@H](Cc5ccccc5)C(=O)NCC(=O)N[C@@H]([C@@H](C)CC)C(=O)N[C@H](C=O)[C@H](O)C)CCC4)CCC3)CCC2)CCC1.S(C)CC[C@H](NC(=O)[C@@H](NC(=O)[C@@H](NC(=O)[C@@H](NC(=O)[C@@H](NC(=O)[C@@H](NC(=O)[C@@H]([NH3+])CC(C)C)[C@H](O)C)CCC(=O)[O-])CCC(=O)[O-])CCC(=O)N)CCCNC(=[NH2+])N)C(=O)N[C@@H](CCSC)C(=O)N[C@@H]([C@@H](C)CC)C(=O)N[C@@H](CCCNC(=[NH2+])N)C(=O)N[C@@H](CCC(=O)[O-])C(=O)N[C@@H](CC(C)C)C(=O)N[C@@H](CCSC)C(=O)N[C@@H](CC(=O)[O-])C(=O)N[C@@H](C)C(=O)N[C@@H](CCC(=O)N)C(=O)N[C@@H](CCSC)C(=O)N[C@@H](CCCC[NH3+])C(=O)N[C@@H]([C@H](O)C)C(=O)N[C@@H](Cc1ccccc1)C(=O)N[C@@H](CC(=O)[O-])C(=O)N[C@@H]([C@H](O)C)C(=O)N[C@@H]([C@H](O)C)C(=O)N[C@@H](Cc1ccccc1)C(=O)N[C@@H](CO)C(=O)N[C@@H](Cc1nc[nH]c1)C(=O)N[C@@H](Cc1ccccc1)C(=O)N[C@@H](CCCC[NH3+])C(=O)N[C@@H](CC(=O)N)C(=O)N[C@@H](Cc1ccccc1)C(=O)N[C@@H](CCCNC(=[NH2+])N)C(=O)N[C@@H](CC(C)C)C(=O)N1[C@H](C(=O)NCC(=O)N[C@H](C=O)C(C)C)CCC1"
"PXR_pdbalignments_holo_TIER1_sorted_moesession.moe","2026-05-29 13:43:33","5A86.A",1,28,431.866,"Clc1ccc(S(=O)(=O)N[C@H](C)c2n(CC)c3cc(C(F)(F)F)ccc3n2)cc1"
"PXR_pdbalignments_holo_TIER1_sorted_moesession.moe","2026-05-29 13:43:33","8CH8.A",275,2140,30440.6,"SC[C@H](NC(=O)[C@@H](NC(=O)[C@@H](NC(=O)[C@@H](NC(=O)CNC(=O)[C@@H](NC(=O)[C@@H](NC(=O)[C@@H](NC(=O)[C@@H](NC(=O)[C@@H](NC(=O)[C@@H](NC(=O)[C@@H](NC(=O)[C@@H](NC(=O)[C@@H](NC(=O)[C@@H](NC(=O)[C@@H](NC(=O)[C@@H](NC(=O)[C@@H](NC(=O)[C@@H](NC(=O)[C@@H](NC(=O)[C@@H](NC(=O)[C@@H](NC(=O)[C@@H](NC(=O)CNC(=O)[C@@H](NC(=O)[C@@H](NC(=O)[C@@H](NC(=O)[C@@H](NC(=O)[C@@H](NC(=O)[C@@H](NC(=O)[C@@H](NC(=O)[C@@H](NC(=O)[C@@H](NC(=O)[C@H]1N(C(=O)[C@@H](NC(=O)[C@@H](NC(=O)[C@@H](NC(=O)[C@@H](NC(=O)[C@@H](NC(=O)[C@@H](NC(=O)[C@@H](NC(=O)[C@@H](NC(=O)[C@@H](NC(=O)[C@@H](NC(=O)[C@@H](NC(=O)[C@@H](NC(=O)[C@@H](NC(=O)[C@@H](NC(=O)CNC(=O)[C@@H](NC(=O)[C@@H](NC(=O)[C@@H](NC(=O)[C@@H](NC(=O)[C@@H](NC(=O)[C@@H](NC(=O)[C@@H](NC(=O)[C@@H](NC(=O)[C@@H](NC(=O)[C@@H](NC(=O)[C@@H](NC(=O)[C@H]2N(C(=O)[C@@H](NC(=O)[C@@H](NC(=O)[C@@H](NC(=O)[C@@H](NC(=O)[C@@H](NC(=O)[C@@H](NC(=O)[C@@H](NC(=O)CNC(=O)CNC(=O)[C@@H](NC(=O)[C@@H](NC(=O)[C@@H](NC(=O)[C@H]3N(C(=O)[C@H]4N(C(=O)[C@@H](NC(=O)[C@@H](NC(=O)[C@@H](NC(=O)[C@@H](NC(=O)[C@@H](NC(=O)[C@@H](NC(=O)CNC(=O)[C@@H](NC(=O)[C@@H](NC(=O)CNC(=O)[C@@H](NC(=O)[C@@H](NC(=O)[C@@H](NC(=O)[C@@H](NC(=O)[C@@H](NC(=O)[C@@H](NC(=O)[C@@H](NC(=O)[C@@H](NC(=O)[C@@H](NC(=O)[C@@H](NC(=O)[C@@H](NC(=O)[C@@H](NC(=O)[C@@H](NC(=O)[C@@H](NC(=O)[C@@H](NC(=O)[C@@H](NC(=O)[C@@H](NC(=O)[C@@H](NC(=O)[C@@H](NC(=O)[C@@H](NC(=O)[C@@H]([NH3+])C)C)CCCC[NH3+])Cc5c[nH]c6ccccc56)CO)CCC(=O)N)C(C)C)C)C)CC(=O)[O-])CC(C)C)CS)CO)C)C)C(C)C)CO)CC(C)C)CCC(=O)N)CC(C)C)CCCNC(=[NH2+])N)C)CC(=O)[O-])CO)C(C)C)Cc5c[nH]c6ccccc56)CC(=O)N)Cc5ccc(O)cc5)C)CCC4)CCC3)C)CC(=O)[O-])CO)C)CCC(=O)[O-])[C@@H](C)CC)Cc3ccccc3)CO)CC(C)C)CC(C)C)CCC2)Cc2nc[nH]c2)CCSC)C)CC(=O)[O-])CCSC)CO)[C@H](O)C)Cc2ccc(O)cc2)CCSC)Cc2ccccc2)CCCC[NH3+])[C@@H](C)CC)[C@@H](C)CC)CO)Cc2ccccc2)C)CCCC[NH3+])C(C)C)[C@@H](C)CC)CO)Cc2ccc(O)cc2)Cc2ccccc2)CCCNC(=[NH2+])N)CC(=O)[O-])CC(C)C)CCC1)[C@@H](C)CC)CCC(=O)[O-])CC(=O)[O-])CCC(=O)N)[C@@H](C)CC)CO)CC(C)C)CC(C)C)CCCC[NH3+])C)C)Cc1ccccc1)CCC(=O)[O-])CC(C)C)CS)CCC(=O)N)CC(C)C)CCCNC(=[NH2+])N)Cc1ccccc1)CC(=O)N)[C@H](O)C)C(C)C)Cc1ccccc1)CC(=O)N)C)CCC(=O)[O-])[C@H](O)C)[C@H](O)C)Cc1c[nH]c2ccccc12)CCC(=O)[O-])C(=O)NCC(=O)N[C@@H](CCC)C(=O)N[C@@H](CC(C)C)C(=O)N[C@@H](CO)C(=O)N[C@@H](Cc1ccc(O)cc1)C(=O)N[C@@H](CS)C(=O)N[C@@H](CC(C)C)C(=O)N[C@@H](CCC(=O)[O-])C(=O)N[C@@H](C)C=O.SC[C@H](NC(=O)[C@@H](NC(=O)[C@@H](NC(=O)[C@@H](NC(=O)[C@@H](NC(=O)[C@@H](NC(=O)[C@@H](NC(=O)[C@@H](NC(=O)[C@@H](NC(=O)[C@@H](NC(=O)[C@@H](NC(=O)[C@@H](NC(=O)[C@@H](NC(=O)[C@@H](NC(=O)[C@@H](NC(=O)[C@@H](NC(=O)[C@@H](NC(=O)[C@@H](NC(=O)[C@@H](NC(=O)[C@@H](NC(=O)[C@@H](NC(=O)[C@@H](NC(=O)[C@@H](NC(=O)[C@@H](NC(=O)CNC(=O)[C@H]1N(C(=O)[C@@H](NC(=O)[C@@H](NC(=O)[C@H]2N(C(=O)[C@@H](NC(=O)[C@@H](NC(=O)[C@@H](NC(=O)[C@@H](NC(=O)[C@@H](NC(=O)[C@@H](NC(=O)[C@@H](NC(=O)[C@@H](NC(=O)[C@@H](NC(=O)[C@@H](NC(=O)[C@@H](NC(=O)[C@@H](NC(=O)[C@@H](NC(=O)[C@@H](NC(=O)[C@@H](NC(=O)[C@@H](NC(=O)[C@@H](NC(=O)[C@@H](NC(=O)[C@@H](NC(=O)[C@@H](NC(=O)[C@@H](NC(=O)[C@@H](NC(=O)[C@@H](NC(=O)[C@@H](NC(=O)[C@@H](NC(=O)[C@@H](NC(=O)[C@@H](NC(=O)[C@@H](NC(=O)[C@H]3N(C(=O)[C@@H](NC(=O)[C@@H](NC(=O)[C@@H](NC(=O)[C@@H](NC(=O)[C@@H](NC(=O)[C@@H](NC(=O)[C@@H](NC(=O)C[NH3+])C)C)CCC(=O)N)C)C)C)CCC(=O)[O-])CCC3)CCSC)CC(C)C)CC)Cc3ccccc3)Cc3nc[nH]c3)Cc3ccc(O)cc3)CCSC)CC(C)C)CCCC[NH3+])CC)CC(C)C)CCC(=O)N)CC(C)C)Cc3nc[nH]c3)CCC(=O)[O-])CCC(=O)[O-])CCC(=O)[O-])Cc3ccc(O)cc3)C(C)C)CC(C)C)CCSC)CCC(=O)N)C)[C@@H](C)CC)CO)CC(C)C)Cc3ccccc3)CO)CCC2)CC(=O)[O-])CCCNC(=[NH2+])N)CCC1)C(C)C)CC(C)C)CCC(=O)N)C[CH2])C)C(C)C)C(C)C)CC(=O)[O-])C)CC(C)C)CCC(=O)N)CCC(=O)[O-])CCC(=O)N)Cc1ccccc1)C)[C@@H](C)CC)[C@H](O)C)CC(C)C)CCCC[NH3+])CO)Cc1ccc(O)cc1)[C@@H](C)CC)CCC(=O)[O-])C(=O)N[C@@H](CC(=O)N)C(=O)N[C@@H](CCCNC(=[NH2+])N)C(=O)N1[C@H](C(=O)N[C@@H](CCC(=O)N)C(=O)N2[C@H](C(=O)N[C@@H](C)C(=O)N[C@@H](Cc3nc[nH]c3)C(=O)N[C@@H](CCCNC(=[NH2+])N)C(=O)N[C@@H](Cc3ccccc3)C(=O)N[C@@H](CC(C)C)C(=O)N[C@@H](Cc3ccccc3)C(=O)N[C@@H](CC(C)C)C(=O)N[C@@H](CCCC[NH3+])C(=O)N[C@@H]([C@@H](C)CC)C(=O)N[C@@H](CCSC)C(=O)N[C@@H](C)C(=O)N[C@@H](CCSC)C(=O)N[C@@H](CC(C)C)C(=O)N[C@@H]([C@H](O)C)C(=O)N[C@@H](CCC(=O)[O-])C(=O)N[C@@H](CC(C)C)C(=O)N[C@@H](CCCNC(=[NH2+])N)C(=O)N[C@@H](CO)C(=O)N[C@@H]([C@@H](C)CC)C(=O)N[C@@H](CC(=O)N)C(=O)N[C@@H](C)C(=O)N[C@@H](CCC(=O)N)C(=O)N[C@@H](Cc3nc[nH]c3)C(=O)N[C@@H]([C@H](O)C)C(=O)N[C@@H](CC)C(=O)N[C@@H](CCC[NH2+])C(=O)N[C@@H](CC)C(=O)N[C@@H](CC(C)C)C(=O)N[C@@H](CCCNC(=[NH2+])N)C(=O)N[C@@H]([C@@H](C)CC)C(=O)N[C@@H](CCC(=O)N)C(=O)N[C@@H](CC(=O)[O-])C(=O)N[C@@H]([C@@H](C)CC)C(=O)N[C@@H](Cc3nc[nH]c3)C(=O)N3[C@H](C(=O)N[C@@H](Cc4ccccc4)C(=O)N[C@@H](C)C(=O)N[C@@H]([C@H](O)C)C(=O)N4[C@H](C(=O)N[C@@H](CC(C)C)C(=O)N[C@@H](CCSC)C(=O)N[C@@H](CCC(=O)N)C(=O)N[C@@H](CCC(=O)[O-])C(=O)N[C@@H](CC(C)C)C(=O)N[C@@H](Cc5ccccc5)C(=O)NCC(=O)N[C@@H]([C@@H](C)CC)C(=O)N[C@@H]([C@H](O)C)C(=O)NCC(=O)N[C@@H](CO)C=O)CCC4)CCC3)CCC2)CCC1.S(C)CC[C@H](NC(=O)[C@@H](NC(=O)[C@@H](NC(=O)[C@@H](NC(=O)[C@@H](NC(=O)[C@@H](NC(=O)[C@@H](NC(=O)CNC(=O)[C@@H](NC(=O)[C@@H]([NH3+])C)C)CC(C)C)[C@H](O)C)CCC(=O)[O-])C)CCC(=O)N)CCCNC(=[NH2+])N)C(=O)N[C@@H](CCSC)C(=O)N[C@@H]([C@@H](C)CC)C(=O)N[C@@H](CCCNC(=[NH2+])N)C(=O)N[C@@H](CCC(=O)[O-])C(=O)N[C@@H](CC(C)C)C(=O)N[C@@H](CCSC)C(=O)N[C@@H](CC(=O)[O-])C(=O)N[C@@H](C)C(=O)N[C@@H](CCC(=O)N)C(=O)N[C@@H](CCSC)C(=O)N[C@@H](CCCC[NH3+])C(=O)N[C@@H]([C@H](O)C)C(=O)N[C@@H](Cc1ccccc1)C(=O)N[C@@H](CC(=O)[O-])C(=O)N[C@@H]([C@H](O)C)C(=O)N[C@@H]([C@H](O)C)C(=O)N[C@@H](Cc1ccccc1)C(=O)N[C@@H](CO)C(=O)N[C@@H](Cc1nc[nH]c1)C(=O)N[C@@H](Cc1ccccc1)C(=O)N[C@@H](CCCC[NH3+])C(=O)N[C@@H](CC(=O)N)C(=O)N[C@@H](Cc1ccccc1)C(=O)N[C@@H](CCCNC(=[NH2+])N)C(=O)N[C@@H](CC(C)C)C(=O)N1[C@H](C(=O)NCC(=O)N[C@@H](C(C)C)C(=O)N[C@@H](C)C=O)CCC1"
"PXR_pdbalignments_holo_TIER1_sorted_moesession.moe","2026-05-29 13:43:33","8CH8.A",1,23,328.436,"S=C(Oc1ccc2CCCCc2c1)N(C)c1nc(OC)ccc1"
"PXR_pdbalignments_holo_TIER1_sorted_moesession.moe","2026-05-29 13:43:33","8CH8.A",68,68,1088,"O.O.O.O.O.O.O.O.O.O.O.O.O.O.O.O.O.O.O.O.O.O.O.O.O.O.O.O.O.O.O.O.O.O.O.O.O.O.O.O.O.O.O.O.O.O.O.O.O.O.O.O.O.O.O.O.O.O.O.O.O.O.O.O.O.O.O.O"
"PXR_pdbalignments_holo_TIER1_sorted_moesession.moe","2026-05-29 13:43:33","7AXA.A",272,2145,30504.8,"SC[C@H](NC(=O)[C@@H](NC(=O)[C@@H](NC(=O)[C@@H](NC(=O)CNC(=O)[C@@H](NC(=O)[C@@H](NC(=O)[C@@H](NC(=O)[C@@H](NC(=O)[C@@H](NC(=O)[C@@H](NC(=O)[C@@H](NC(=O)[C@@H](NC(=O)[C@@H](NC(=O)[C@@H](NC(=O)[C@@H](NC(=O)[C@@H](NC(=O)[C@@H](NC(=O)[C@@H](NC(=O)[C@@H](NC(=O)[C@@H](NC(=O)[C@@H](NC(=O)[C@@H](NC(=O)CNC(=O)[C@@H](NC(=O)[C@@H](NC(=O)[C@@H](NC(=O)[C@@H](NC(=O)[C@@H](NC(=O)[C@@H](NC(=O)[C@@H](NC(=O)[C@@H](NC(=O)[C@@H](NC(=O)[C@H]1N(C(=O)[C@@H](NC(=O)[C@@H](NC(=O)[C@@H](NC(=O)[C@@H](NC(=O)[C@@H](NC(=O)[C@@H](NC(=O)[C@@H](NC(=O)[C@@H](NC(=O)[C@@H](NC(=O)[C@@H](NC(=O)[C@@H](NC(=O)[C@@H](NC(=O)[C@@H](NC(=O)[C@@H](NC(=O)CNC(=O)[C@@H](NC(=O)[C@@H](NC(=O)[C@@H](NC(=O)[C@@H](NC(=O)[C@@H](NC(=O)[C@@H](NC(=O)[C@@H](NC(=O)[C@@H](NC(=O)[C@@H](NC(=O)[C@@H](NC(=O)[C@@H](NC(=O)[C@H]2N(C(=O)[C@@H](NC(=O)[C@@H](NC(=O)[C@@H](NC(=O)[C@@H](NC(=O)[C@@H](NC(=O)[C@@H](NC(=O)[C@@H](NC(=O)CNC(=O)CNC(=O)[C@@H](NC(=O)[C@@H](NC(=O)[C@@H](NC(=O)[C@H]3N(C(=O)[C@H]4N(C(=O)[C@@H](NC(=O)[C@@H](NC(=O)[C@@H](NC(=O)[C@@H](NC(=O)[C@@H](NC(=O)[C@@H](NC(=O)CNC(=O)[C@@H](NC(=O)[C@@H](NC(=O)CNC(=O)[C@@H](NC(=O)[C@@H](NC(=O)[C@@H](NC(=O)[C@@H](NC(=O)[C@@H](NC(=O)[C@@H](NC(=O)[C@@H](NC(=O)[C@@H](NC(=O)[C@@H](NC(=O)[C@@H](NC(=O)[C@@H](NC(=O)[C@@H](NC(=O)[C@@H](NC(=O)[C@@H](NC(=O)[C@@H](NC(=O)[C@@H](NC(=O)[C@@H](NC(=O)[C@@H](NC(=O)[C@@H](NC(=O)[C@@H](NC(=O)[C@@H](NC(=O)[C@@H]([NH3+])C)C)C)CCCC[NH3+])Cc5c[nH]c6ccccc56)CO)CCC(=O)N)C(C)C)C)C)CC(=O)[O-])CC(C)C)CS)CO)CC(C)C)CCCC[NH3+])C(C)C)CO)CC(C)C)CCC(=O)N)CC(C)C)CCCNC(=[NH2+])N)C)CC(=O)[O-])CO)C(C)C)Cc5c[nH]c6ccccc56)CC(=O)N)Cc5ccc(O)cc5)CC)CCC4)CCC3)C)CC(=O)[O-])C)C)CCC(=O)[O-])[C@@H](C)CC)Cc3ccccc3)CO)CC(C)C)CC(C)C)CCC2)Cc2nc[nH]c2)CCSC)C)CC(=O)[O-])CCSC)CO)[C@H](O)C)Cc2ccc(O)cc2)CCSC)Cc2ccccc2)CCCC[NH3+])[C@@H](C)CC)[C@@H](C)CC)CO)Cc2ccccc2)C)CCCC[NH3+])C(C)C)[C@@H](C)CC)CO)Cc2ccc(O)cc2)Cc2ccccc2)CCCNC(=[NH2+])N)CC(=O)[O-])CC(C)C)CCC1)[C@@H](C)CC)CCC(=O)[O-])CC(=O)[O-])CCC(=O)N)[C@@H](C)CC)CO)CC(C)C)CC(C)C)CCCC[NH3+])C)C)Cc1ccccc1)CCC(=O)[O-])CC(C)C)CS)CCC(=O)N)CC(C)C)CCCNC(=[NH2+])N)Cc1ccccc1)CC(=O)N)[C@H](O)C)C(C)C)Cc1ccccc1)CC(=O)N)C)CCC(=O)[O-])[C@H](O)C)[C@H](O)C)Cc1c[nH]c2ccccc12)CCC(=O)[O-])C(=O)NCC(=O)N[C@@H](C)C(=O)N[C@@H](CC(C)C)C(=O)N[C@@H](CO)C(=O)N[C@@H](Cc1ccc(O)cc1)C(=O)N[C@@H](CS)C(=O)N[C@@H](CC(C)C)C(=O)N[C@@H](C)C(=O)N[C@@H](C)C=O.SC[C@H](NC(=O)[C@@H](NC(=O)[C@@H](NC(=O)[C@@H](NC(=O)[C@@H](NC(=O)[C@@H](NC(=O)[C@@H](NC(=O)[C@@H](NC(=O)[C@@H](NC(=O)[C@@H](NC(=O)[C@@H](NC(=O)[C@@H](NC(=O)[C@@H](NC(=O)[C@@H](NC(=O)[C@@H](NC(=O)[C@@H](NC(=O)[C@@H](NC(=O)[C@@H](NC(=O)[C@@H](NC(=O)[C@@H](NC(=O)[C@@H](NC(=O)[C@@H](NC(=O)[C@@H](NC(=O)[C@@H](NC(=O)CNC(=O)[C@H]1N(C(=O)[C@@H](NC(=O)[C@@H](NC(=O)[C@H]2N(C(=O)[C@@H](NC(=O)[C@@H](NC(=O)[C@@H](NC(=O)[C@@H](NC(=O)[C@@H](NC(=O)[C@@H](NC(=O)[C@@H](NC(=O)[C@@H](NC(=O)[C@@H](NC(=O)[C@@H](NC(=O)[C@@H](NC(=O)[C@@H](NC(=O)[C@@H](NC(=O)[C@@H](NC(=O)[C@@H](NC(=O)[C@@H](NC(=O)[C@@H](NC(=O)[C@@H](NC(=O)[C@@H](NC(=O)[C@@H](NC(=O)[C@@H](NC(=O)[C@@H](NC(=O)[C@@H](NC(=O)[C@@H](NC(=O)[C@@H](NC(=O)[C@@H](NC(=O)[C@@H](NC(=O)[C@@H](NC(=O)[C@H]3N(C(=O)[C@@H](NC(=O)[C@@H](NC(=O)[C@@H](NC(=O)[C@@H](NC(=O)[C@@H](NC(=O)[C@@H]([NH3+])C)C)C)C)CC(C)C)CCC(=O)[O-])CCC3)CCSC)CC(C)C)CCC)Cc3ccccc3)Cc3nc[nH]c3)Cc3ccc(O)cc3)CCSC)CC(C)C)CCCC[NH3+])CCC)CC(C)C)CCC(=O)N)CC(C)C)Cc3nc[nH]c3)CCC(=O)[O-])CCC(=O)[O-])CCC(=O)[O-])Cc3ccc(O)cc3)C(C)C)CC(C)C)CCSC)CCC(=O)N)C)[C@@H](C)CC)CO)CC(C)C)Cc3ccccc3)CO)CCC2)CC(=O)[O-])CCCNC(=[NH2+])N)CCC1)C(C)C)CC(C)C)CCC(=O)N)Cc1nc[nH]c1)C)C(C)C)C(C)C)CC(=O)[O-])CCC(=O)N)CC(C)C)CCC(=O)N)CCC(=O)[O-])CCC(=O)N)Cc1ccccc1)C)[C@@H](C)CC)[C@H](O)C)CC(C)C)CCCC[NH3+])CO)Cc1ccc(O)cc1)[C@@H](C)CC)CCC(=O)[O-])C(=O)N[C@@H](CC(=O)N)C(=O)N[C@@H](CCCNC(=[NH2+])N)C(=O)N1[C@H](C(=O)N[C@@H](CCC(=O)N)C(=O)N2[C@H](C(=O)N[C@@H](C)C(=O)N[C@@H](Cc3nc[nH]c3)C(=O)N[C@@H](CCCNC(=[NH2+])N)C(=O)N[C@@H](Cc3ccccc3)C(=O)N[C@@H](CC(C)C)C(=O)N[C@@H](Cc3ccccc3)C(=O)N[C@@H](CC(C)C)C(=O)N[C@@H](CCCC[NH3+])C(=O)N[C@@H]([C@@H](C)CC)C(=O)N[C@@H](CCSC)C(=O)N[C@@H](C)C(=O)N[C@@H](CCSC)C(=O)N[C@@H](CC(C)C)C(=O)N[C@@H]([C@H](O)C)C(=O)N[C@@H](CCC(=O)[O-])C(=O)N[C@@H](CC(C)C)C(=O)N[C@@H](CCCNC(=[NH2+])N)C(=O)N[C@@H](CO)C(=O)N[C@@H]([C@@H](C)CC)C(=O)N[C@@H](CC(=O)N)C(=O)N[C@@H](C)C(=O)N[C@@H](CCC(=O)N)C(=O)N[C@@H](Cc3nc[nH]c3)C(=O)N[C@@H]([C@H](O)C)C(=O)N[C@@H](CCC(=O)N)C(=O)N[C@@H](CCCNC(=[NH2+])N)C(=O)N[C@@H](CC(C)C)C(=O)N[C@@H](CC(C)C)C(=O)N[C@@H](CCCNC(=[NH2+])N)C(=O)N[C@@H]([C@@H](C)CC)C(=O)N[C@@H](CCC(=O)N)C(=O)N[C@@H](CC(=O)[O-])C(=O)N[C@@H]([C@@H](C)CC)C(=O)N[C@@H](Cc3nc[nH]c3)C(=O)N3[C@H](C(=O)N[C@@H](Cc4ccccc4)C(=O)N[C@@H](C)C(=O)N[C@@H]([C@H](O)C)C(=O)N4[C@H](C(=O)N[C@@H](CC(C)C)C(=O)N[C@@H](CCSC)C(=O)N[C@@H](CCC(=O)N)C(=O)N[C@@H](CCC(=O)[O-])C(=O)N[C@@H](CC(C)C)C(=O)N[C@@H](Cc5ccccc5)C(=O)NCC(=O)N[C@@H]([C@@H](C)CC)C(=O)N[C@@H]([C@H](O)C)C(=O)NCC(=O)N[C@@H](CO)C(=O)N[C@@H](CC(C)C)C=O)CCC4)CCC3)CCC2)CCC1.S(C)CC[C@H](NC(=O)[C@@H](NC(=O)[C@@H](NC(=O)[C@@H](NC(=O)[C@@H](NC(=O)[C@@H](NC(=O)[C@@H](NC(=O)C[NH3+])CC(C)C)[C@H](O)C)CCC(=O)[O-])CCC(=O)[O-])CCC(=O)N)CCCNC(=[NH2+])N)C(=O)N[C@@H](CCSC)C(=O)N[C@@H]([C@@H](C)CC)C(=O)N[C@@H](C)C(=O)N[C@@H](CCC(=O)[O-])C(=O)N[C@@H](CC(C)C)C(=O)N[C@@H](CCSC)C(=O)N[C@@H](CC(=O)[O-])C(=O)N[C@@H](C)C(=O)N[C@@H](CCC(=O)N)C(=O)N[C@@H](CCSC)C(=O)N[C@@H](CCCC[NH3+])C(=O)N[C@@H]([C@H](O)C)C(=O)N[C@@H](Cc1ccccc1)C(=O)N[C@@H](CC(=O)[O-])C(=O)N[C@@H]([C@H](O)C)C(=O)N[C@@H]([C@H](O)C)C(=O)N[C@@H](Cc1ccccc1)C(=O)N[C@@H](CO)C(=O)N[C@@H](Cc1nc[nH]c1)C(=O)N[C@@H](Cc1ccccc1)C(=O)N[C@@H](CCCC[NH3+])C(=O)N[C@@H](CC(=O)N)C(=O)N[C@@H](Cc1ccccc1)C(=O)N[C@@H](CCCNC(=[NH2+])N)C(=O)N[C@@H](CC(C)C)C(=O)N1[C@H](C(=O)NCC(=O)N[C@H](C=O)C(C)C)CCC1"
"PXR_pdbalignments_holo_TIER1_sorted_moesession.moe","2026-05-29 13:43:33","7AXA.A",1,25,344.845,"Clc1c(C(n2cncc2)(c2ccccc2)c2ccccc2)cccc1"
"PXR_pdbalignments_holo_TIER1_sorted_moesession.moe","2026-05-29 13:43:33","7AXA.A",170,170,2720,"O.O.O.O.O.O.O.O.O.O.O.O.O.O.O.O.O.O.O.O.O.O.O.O.O.O.O.O.O.O.O.O.O.O.O.O.O.O.O.O.O.O.O.O.O.O.O.O.O.O.O.O.O.O.O.O.O.O.O.O.O.O.O.O.O.O.O.O.O.O.O.O.O.O.O.O.O.O.O.O.O.O.O.O.O.O.O.O.O.O.O.O.O.O.O.O.O.O.O.O.O.O.O.O.O.O.O.O.O.O.O.O.O.O.O.O.O.O.O.O.O.O.O.O.O.O.O.O.O.O.O.O.O.O.O.O.O.O.O.O.O.O.O.O.O.O.O.O.O.O.O.O.O.O.O.O.O.O.O.O.O.O.O.O.O.O.O.O.O.O"
"PXR_pdbalignments_holo_TIER1_sorted_moesession.moe","2026-05-29 13:43:33","8SVR.B",1,38,524.662,"O=C(Nc1c(O[C@@H](CC)CCC)ccc(C(C)(C)C)c1)c1c(C)n(-c2c(OC)cc(OC)c(OC)c2)nn1"
"PXR_pdbalignments_holo_TIER1_sorted_moesession.moe","2026-05-29 13:43:33","8SVR.B",278,2192,31178,"SC[C@H](NC(=O)[C@@H](NC(=O)[C@@H](NC(=O)[C@@H](NC(=O)CNC(=O)[C@@H](NC(=O)[C@@H](NC(=O)[C@@H](NC(=O)[C@@H](NC(=O)[C@@H](NC(=O)[C@@H](NC(=O)[C@@H](NC(=O)[C@@H](NC(=O)[C@@H](NC(=O)[C@@H](NC(=O)[C@@H](NC(=O)[C@@H](NC(=O)[C@@H](NC(=O)[C@@H](NC(=O)[C@@H](NC(=O)[C@@H](NC(=O)[C@@H](NC(=O)[C@@H](NC(=O)CNC(=O)[C@@H](NC(=O)[C@@H](NC(=O)[C@@H](NC(=O)[C@@H](NC(=O)[C@@H](NC(=O)[C@@H](NC(=O)[C@@H](NC(=O)[C@@H](NC(=O)[C@@H](NC(=O)[C@H]1N(C(=O)[C@@H](NC(=O)[C@@H](NC(=O)[C@@H](NC(=O)[C@@H](NC(=O)[C@@H](NC(=O)[C@@H](NC(=O)[C@@H](NC(=O)[C@@H](NC(=O)[C@@H](NC(=O)[C@@H](NC(=O)[C@@H](NC(=O)[C@@H](NC(=O)[C@@H](NC(=O)[C@@H](NC(=O)CNC(=O)[C@@H](NC(=O)[C@@H](NC(=O)[C@@H](NC(=O)[C@@H](NC(=O)[C@@H](NC(=O)[C@@H](NC(=O)[C@@H](NC(=O)[C@@H](NC(=O)[C@@H](NC(=O)[C@@H](NC(=O)[C@@H](NC(=O)[C@H]2N(C(=O)[C@@H](NC(=O)[C@@H](NC(=O)[C@@H](NC(=O)[C@@H](NC(=O)[C@@H](NC(=O)[C@@H](NC(=O)[C@@H]([NH3+])C)CCC(=O)[O-])C)C)CO)CC(C)C)CC(C)C)CCC2)Cc2nc[nH]c2)CCSC)C)CC(=O)[O-])CCSC)CO)[C@H](O)C)Cc2ccc(O)cc2)CCSC)Cc2ccccc2)CCCC[NH3+])[C@@H](C)CC)[C@@H](C)CC)CO)Cc2ccccc2)C)CCCC[NH3+])C(C)C)[C@@H](C)CC)CO)Cc2ccc(O)cc2)Cc2ccccc2)CCCNC(=[NH2+])N)CC(=O)[O-])CC(C)C)CCC1)[C@@H](C)CC)C)CC(=O)[O-])CCC(=O)N)[C@@H](C)CC)CO)CC(C)C)CC(C)C)CCCC[NH3+])C)C)Cc1ccccc1)CCC(=O)[O-])CC(C)C)CS)CCC(=O)N)CC(C)C)CCCNC(=[NH2+])N)Cc1ccccc1)CC(=O)N)[C@H](O)C)C(C)C)Cc1ccccc1)CC(=O)N)C)C)[C@H](O)C)[C@H](O)C)Cc1c[nH]c2ccccc12)CCC(=O)[O-])C(=O)NCC(=O)N[C@@H](C)C(=O)N[C@@H](CC(C)C)C(=O)N[C@@H](CO)C(=O)N[C@@H](Cc1ccc(O)cc1)C(=O)N[C@@H](CS)C(=O)N[C@@H](CC(C)C)C(=O)N[C@@H](C)C=O.SC[C@H](NC(=O)[C@@H](NC(=O)[C@@H](NC(=O)[C@@H](NC(=O)[C@@H](NC(=O)[C@@H](NC(=O)[C@@H](NC(=O)[C@@H](NC(=O)[C@@H](NC(=O)[C@@H](NC(=O)[C@@H](NC(=O)[C@@H](NC(=O)[C@@H](NC(=O)[C@@H](NC(=O)[C@@H](NC(=O)[C@@H](NC(=O)[C@@H](NC(=O)[C@@H](NC(=O)[C@@H](NC(=O)[C@@H](NC(=O)[C@@H](NC(=O)[C@@H](NC(=O)[C@@H](NC(=O)[C@@H](NC(=O)CNC(=O)[C@H]1N(C(=O)[C@@H](NC(=O)[C@@H](NC(=O)[C@H]2N(C(=O)[C@@H](NC(=O)[C@@H](NC(=O)[C@@H](NC(=O)[C@@H](NC(=O)[C@@H](NC(=O)[C@@H](NC(=O)[C@@H](NC(=O)[C@@H](NC(=O)[C@@H](NC(=O)[C@@H](NC(=O)[C@@H](NC(=O)[C@@H](NC(=O)[C@@H](NC(=O)[C@@H](NC(=O)[C@@H](NC(=O)[C@@H](NC(=O)[C@@H](NC(=O)[C@@H](NC(=O)[C@@H](NC(=O)[C@@H](NC(=O)[C@@H](NC(=O)[C@@H](NC(=O)[C@@H](NC(=O)[C@@H](NC(=O)[C@@H](NC(=O)[C@@H](NC(=O)[C@@H](NC(=O)[C@@H](NC(=O)[C@H]3N(C(=O)[C@@H](NC(=O)[C@@H](NC(=O)[C@@H](NC(=O)[C@@H](NC(=O)[C@@H](NC(=O)[C@@H]([NH3+])C)C)CC(C)C)CC(C)C)C)CCC(=O)[O-])CCC3)CCSC)CC(C)C)CCCC[NH3+])Cc3ccccc3)Cc3nc[nH]c3)Cc3ccc(O)cc3)CCSC)CC(C)C)CCCC[NH3+])CCCC[NH3+])CC(C)C)CCC(=O)N)CC(C)C)Cc3nc[nH]c3)CCC(=O)[O-])CCC(=O)[O-])CCC(=O)[O-])Cc3ccc(O)cc3)C(C)C)CC(C)C)CCSC)CCC(=O)N)C)[C@@H](C)CC)CO)CC(C)C)Cc3ccccc3)CO)CCC2)CC(=O)[O-])CCCNC(=[NH2+])N)CCC1)C(C)C)CC(C)C)CCC(=O)N)Cc1nc[nH]c1)CCCNC(=[NH2+])N)C(C)C)C(C)C)CC(=O)[O-])CCC(=O)N)CC(C)C)CCC(=O)N)CCC(=O)[O-])CCC(=O)N)Cc1ccccc1)C)[C@@H](C)CC)[C@H](O)C)CC(C)C)CCCC[NH3+])CO)Cc1ccc(O)cc1)[C@@H](C)CC)CCC(=O)[O-])C(=O)N[C@@H](CC(=O)N)C(=O)N[C@@H](CCCNC(=[NH2+])N)C(=O)N1[C@H](C(=O)N[C@@H](CCC(=O)N)C(=O)N2[C@H](C(=O)N[C@@H](C)C(=O)N[C@@H](Cc3nc[nH]c3)C(=O)N[C@@H](CCCNC(=[NH2+])N)C(=O)N[C@@H](Cc3ccccc3)C(=O)N[C@@H](CC(C)C)C(=O)N[C@@H](Cc3ccccc3)C(=O)N[C@@H](CC(C)C)C(=O)N[C@@H](CCCC[NH3+])C(=O)N[C@@H]([C@@H](C)CC)C(=O)N[C@@H](CCSC)C(=O)N[C@@H](C)C(=O)N[C@@H](CCSC)C(=O)N[C@@H](CC(C)C)C(=O)N[C@@H]([C@H](O)C)C(=O)N[C@@H](CCC(=O)[O-])C(=O)N[C@@H](CC(C)C)C(=O)N[C@@H](CCCNC(=[NH2+])N)C(=O)N[C@@H](CO)C(=O)N[C@@H]([C@@H](C)CC)C(=O)N[C@@H](CC(=O)N)C(=O)N[C@@H](C)C(=O)N[C@@H](CCC(=O)N)C(=O)N[C@@H](Cc3nc[nH]c3)C(=O)N[C@@H]([C@H](O)C)C(=O)N[C@@H](CCC(=O)N)C(=O)N[C@@H](CCCNC(=[NH2+])N)C(=O)N[C@@H](CC(C)C)C(=O)N[C@@H](CC(C)C)C(=O)N[C@@H](CCCNC(=[NH2+])N)C(=O)N[C@@H]([C@@H](C)CC)C(=O)N[C@@H](CCC(=O)N)C(=O)N[C@@H](CC(=O)[O-])C(=O)N[C@@H]([C@@H](C)CC)C(=O)N[C@@H](Cc3nc[nH]c3)C(=O)N3[C@H](C(=O)N[C@@H](Cc4ccccc4)C(=O)N[C@@H](C)C(=O)N[C@@H]([C@H](O)C)C(=O)N4[C@H](C(=O)N[C@@H](CC(C)C)C(=O)N[C@@H](CCSC)C(=O)N[C@@H](CCC(=O)N)C(=O)N[C@@H](CCC(=O)[O-])C(=O)N[C@@H](CC(C)C)C(=O)N[C@@H](Cc5ccccc5)C(=O)NCC(=O)N[C@H](C=O)[C@@H](C)CC)CCC4)CCC3)CCC2)CCC1.S(C)CC[C@H](NC(=O)[C@@H](NC(=O)[C@@H](NC(=O)[C@@H](NC(=O)[C@@H](NC(=O)[C@@H](NC(=O)[C@@H](NC(=O)C[NH3+])CC(C)C)[C@H](O)C)CCC(=O)[O-])C)CCC(=O)N)CCCNC(=[NH2+])N)C(=O)N[C@@H](CCSC)C(=O)N[C@@H]([C@@H](C)CC)C(=O)N[C@@H](CCCNC(=[NH2+])N)C(=O)N[C@@H](CCC(=O)[O-])C(=O)N[C@@H](CC(C)C)C(=O)N[C@@H](CCSC)C(=O)N[C@@H](CC(=O)[O-])C(=O)N[C@@H](C)C(=O)N[C@@H](CCC(=O)N)C(=O)N[C@@H](CCSC)C(=O)N[C@@H](CCCC[NH3+])C(=O)N[C@@H]([C@H](O)C)C(=O)N[C@@H](Cc1ccccc1)C(=O)N[C@@H](CC(=O)[O-])C(=O)N[C@@H]([C@H](O)C)C(=O)N[C@@H]([C@H](O)C)C(=O)N[C@@H](Cc1ccccc1)C(=O)N[C@@H](CO)C(=O)N[C@@H](Cc1nc[nH]c1)C(=O)N[C@@H](Cc1ccccc1)C(=O)N[C@@H](CCCC[NH3+])C(=O)N[C@@H](CC(=O)N)C(=O)N[C@@H](Cc1ccccc1)C(=O)N[C@@H](CCCNC(=[NH2+])N)C(=O)N[C@@H](CC(C)C)C(=O)N1[C@H](C(=O)NCC(=O)N[C@H](C=O)C(C)C)CCC1.OC[C@H](NC(=O)CNC(=O)[C@@H](NC(=O)[C@@H](NC(=O)[C@@H](NC(=O)[C@@H](NC(=O)[C@@H](NC(=O)[C@@H](NC(=O)[C@@H](NC(=O)[C@@H](NC(=O)[C@@H](NC(=O)[C@@H](NC(=O)[C@@H](NC(=O)[C@@H](NC(=O)[C@@H](NC(=O)[C@@H](NC(=O)[C@@H]([NH3+])CO)CC(C)C)[C@H](O)C)C)CCCNC(=[NH2+])N)Cc1nc[nH]c1)CCCC[NH3+])[C@@H](C)CC)CC(C)C)Cc1nc[nH]c1)CCCNC(=[NH2+])N)CC(C)C)CC(C)C)CCC(=O)N)CCC(=O)[O-])C=O.OC[C@H](NC(=O)[C@@H](NC(=O)[C@@H](NC(=O)[C@H]1N(C(=O)[C@H]2N(C(=O)[C@@H](NC(=O)[C@@H](NC(=O)[C@@H](NC(=O)[C@@H](NC(=O)[C@@H](NC(=O)[C@@H](NC(=O)CNC(=O)[C@@H](NC(=O)[C@@H](NC(=O)CNC(=O)[C@@H](NC(=O)[C@@H](NC(=O)[C@@H](NC(=O)[C@@H](NC(=O)[C@@H](NC(=O)[C@@H](NC(=O)[C@@H](NC(=O)[C@@H](NC(=O)[C@@H](NC(=O)[C@@H](NC(=O)[C@@H](NC(=O)[C@@H](NC(=O)[C@@H](NC(=O)[C@@H](NC(=O)[C@@H](NC(=O)[C@@H](NC(=O)[C@@H](NC(=O)[C@@H]([NH3+])C)C)C)C(C)C)C)C)C)CC(C)C)C)C)CC(C)C)C)C(C)C)CO)CC(C)C)CCC(=O)N)CC(C)C)CCC)C)CC(=O)[O-])CO)C(C)C)Cc3c[nH]c4ccccc34)CC(=O)N)Cc3ccc(O)cc3)CCCC[NH3+])CCC2)CCC1)C)C)C=O"
"PXR_pdbalignments_holo_TIER1_sorted_moesession.moe","2026-05-29 13:43:33","1ILH.A",270,2141,30434.9,"SC[C@H](NC(=O)[C@@H](NC(=O)[C@@H](NC(=O)[C@@H](NC(=O)CNC(=O)[C@@H](NC(=O)[C@@H](NC(=O)[C@@H](NC(=O)[C@@H](NC(=O)[C@@H](NC(=O)[C@@H](NC(=O)[C@@H](NC(=O)[C@@H](NC(=O)[C@@H](NC(=O)[C@@H](NC(=O)[C@@H](NC(=O)[C@@H](NC(=O)[C@@H](NC(=O)[C@@H](NC(=O)[C@@H](NC(=O)[C@@H](NC(=O)[C@@H](NC(=O)[C@@H](NC(=O)CNC(=O)[C@@H](NC(=O)[C@@H](NC(=O)[C@@H](NC(=O)[C@@H](NC(=O)[C@@H](NC(=O)[C@@H](NC(=O)[C@@H](NC(=O)[C@@H](NC(=O)[C@@H](NC(=O)[C@H]1N(C(=O)[C@@H](NC(=O)[C@@H](NC(=O)[C@@H](NC(=O)[C@@H](NC(=O)[C@@H](NC(=O)[C@@H](NC(=O)[C@@H](NC(=O)[C@@H](NC(=O)[C@@H](NC(=O)[C@@H](NC(=O)[C@@H](NC(=O)[C@@H](NC(=O)[C@@H](NC(=O)[C@@H](NC(=O)CNC(=O)[C@@H](NC(=O)[C@@H](NC(=O)[C@@H](NC(=O)[C@@H](NC(=O)[C@@H](NC(=O)[C@@H](NC(=O)[C@@H](NC(=O)[C@@H](NC(=O)[C@@H](NC(=O)[C@@H](NC(=O)[C@@H](NC(=O)[C@H]2N(C(=O)[C@@H](NC(=O)[C@@H](NC(=O)[C@@H](NC(=O)[C@@H](NC(=O)[C@@H](NC(=O)[C@@H](NC(=O)[C@@H](NC(=O)CNC(=O)CNC(=O)[C@@H](NC(=O)[C@@H](NC(=O)[C@@H](NC(=O)[C@H]3N(C(=O)[C@H]4N(C(=O)[C@@H](NC(=O)[C@@H](NC(=O)[C@@H](NC(=O)[C@@H](NC(=O)[C@@H](NC(=O)[C@@H](NC(=O)CNC(=O)[C@@H](NC(=O)[C@@H](NC(=O)CNC(=O)[C@@H](NC(=O)[C@@H](NC(=O)[C@@H](NC(=O)[C@@H](NC(=O)[C@@H](NC(=O)[C@@H](NC(=O)[C@@H](NC(=O)[C@@H](NC(=O)[C@@H](NC(=O)[C@@H](NC(=O)[C@@H](NC(=O)[C@@H](NC(=O)[C@@H](NC(=O)[C@@H](NC(=O)[C@@H](NC(=O)[C@@H](NC(=O)[C@@H](NC(=O)[C@@H](NC(=O)[C@@H]([NH3+])C)C)C)C)C(C)C)C)C)CC(=O)[O-])CC(C)C)C)CO)CC(C)C)CCCC[NH3+])C(C)C)CO)CC(C)C)CCC(=O)N)CC(C)C)CCCNC(=[NH2+])N)C)CC(=O)[O-])CO)C(C)C)Cc5c[nH]c6ccccc56)CC(=O)N)Cc5ccc(O)cc5)CCCC[NH3+])CCC4)CCC3)C)C)C)C)C)[C@@H](C)CC)Cc3ccccc3)CO)CC(C)C)CC(C)C)CCC2)Cc2nc[nH]c2)CCSC)C)CC(=O)[O-])CCSC)CO)[C@H](O)C)Cc2ccc(O)cc2)CCSC)Cc2ccccc2)CCCC[NH3+])[C@@H](C)CC)[C@@H](C)CC)CO)Cc2ccccc2)C)CCCC[NH3+])C(C)C)[C@@H](C)CC)CO)Cc2ccc(O)cc2)Cc2ccccc2)CCCNC(=[NH2+])N)CC(=O)[O-])CC(C)C)CCC1)[C@@H](C)CC)CCC(=O)[O-])CC(=O)[O-])CCC(=O)N)[C@@H](C)CC)CO)CC(C)C)CC(C)C)CCCC[NH3+])C)C)Cc1ccccc1)CCC(=O)[O-])CC(C)C)CS)CCC(=O)N)CC(C)C)CCCNC(=[NH2+])N)Cc1ccccc1)CC(=O)N)[C@H](O)C)C(C)C)Cc1ccccc1)CC(=O)N)C)CCC(=O)[O-])[C@H](O)C)[C@H](O)C)Cc1c[nH]c2ccccc12)CCC(=O)[O-])C(=O)NCC(=O)N[C@@H](CCCNC(=[NH2+])N)C(=O)N[C@@H](CC(C)C)C(=O)N[C@@H](CO)C(=O)N[C@@H](Cc1ccc(O)cc1)C(=O)N[C@@H](CS)C(=O)N[C@@H](CC(C)C)C(=O)N[C@@H](CCC(=O)[O-])C(=O)N[C@@H](C)C(=O)N[C@@H](C)C(=O)N[C@@H](C)C(=O)NCC(=O)NCC(=O)N[C@@H](Cc1ccccc1)C(=O)N[C@@H](C)C(=O)N[C@@H](C)C(=O)N[C@@H](CC(C)C)C(=O)N[C@@H](CC(C)C)C(=O)N[C@@H](CC(C)C)C(=O)N[C@@H](CCC(=O)[O-])C(=O)N1[C@H](C(=O)N[C@@H](CCSC)C(=O)N[C@@H](CC(C)C)C(=O)N[C@@H](CCCC[NH3+])C(=O)N[C@@H](Cc2ccccc2)C(=O)N[C@@H](Cc2nc[nH]c2)C(=O)N[C@@H](Cc2ccc(O)cc2)C(=O)N[C@@H](CCSC)C(=O)N[C@@H](CC(C)C)C(=O)N[C@@H](CCCC[NH3+])C(=O)N[C@@H](CCCC[NH3+])C(=O)N[C@@H](CC(C)C)C(=O)N[C@@H](CCC(=O)N)C(=O)N[C@@H](CC(C)C)C(=O)N[C@@H](Cc2nc[nH]c2)C(=O)N[C@@H](CCC(=O)[O-])C(=O)N[C@@H](CCC(=O)[O-])C(=O)N[C@@H](CCC(=O)[O-])C(=O)N[C@@H](Cc2ccc(O)cc2)C(=O)N[C@@H](C(C)C)C(=O)N[C@@H](CC(C)C)C(=O)N[C@@H](CCSC)C(=O)N[C@@H](CCC(=O)N)C(=O)N[C@@H](C)C(=O)N[C@@H]([C@@H](C)CC)C(=O)N[C@@H](CO)C(=O)N[C@@H](CC(C)C)C(=O)N[C@@H](Cc2ccccc2)C(=O)N[C@@H](CO)C(=O)N2[C@H](C(=O)N[C@@H](CC(=O)[O-])C(=O)N[C@@H](CCCNC(=[NH2+])N)C(=O)N3[C@H](C(=O)NCC(=O)N[C@@H](C(C)C)C(=O)N[C@@H](CC(C)C)C(=O)N[C@@H](CCC(=O)N)C(=O)N[C@@H](Cc4nc[nH]c4)C(=O)N[C@@H](CCCNC(=[NH2+])N)C(=O)N[C@@H](C(C)C)C(=O)N[C@@H](C(C)C)C(=O)N[C@@H](CC(=O)[O-])C(=O)N[C@@H](CCC(=O)N)C(=O)N[C@@H](CC(C)C)C(=O)N[C@@H](CCC(=O)N)C(=O)N[C@@H](CCC(=O)[O-])C(=O)N[C@@H](CCC(=O)N)C(=O)N[C@@H](Cc4ccccc4)C(=O)N[C@@H](C)C(=O)N[C@@H]([C@@H](C)CC)C(=O)N[C@@H]([C@H](O)C)C(=O)N[C@@H](CC(C)C)C(=O)N[C@@H](CCCC[NH3+])C(=O)N[C@@H](CO)C(=O)N[C@@H](Cc4ccc(O)cc4)C(=O)N[C@@H]([C@@H](C)CC)C(=O)N[C@@H](CCC(=O)[O-])C(=O)N[C@@H](CS)C(=O)N[C@@H](CC(=O)N)C(=O)N[C@@H](CCCNC(=[NH2+])N)C(=O)N4[C@H](C(=O)N[C@@H](CCC(=O)N)C(=O)N5[C@H](C(=O)N[C@@H](C)C(=O)N[C@@H](Cc6nc[nH]c6)C(=O)N[C@@H](CCCNC(=[NH2+])N)C(=O)N[C@@H](Cc6ccccc6)C(=O)N[C@@H](CC(C)C)C(=O)N[C@@H](Cc6ccccc6)C(=O)N[C@@H](CC(C)C)C(=O)N[C@@H](CCCC[NH3+])C(=O)N[C@@H]([C@@H](C)CC)C(=O)N[C@@H](CCSC)C(=O)N[C@@H](C)C(=O)N[C@@H](CCSC)C(=O)N[C@@H](CC(C)C)C(=O)N[C@@H]([C@H](O)C)C(=O)N[C@@H](CCC(=O)[O-])C(=O)N[C@@H](CC(C)C)C(=O)N[C@@H](CCCNC(=[NH2+])N)C(=O)N[C@@H](CO)C(=O)N[C@@H]([C@@H](C)CC)C(=O)N[C@@H](CC(=O)N)C(=O)N[C@@H](C)C(=O)N[C@@H](CCC(=O)N)C(=O)N[C@@H](Cc6nc[nH]c6)C(=O)N[C@@H]([C@H](O)C)C(=O)N[C@@H](CCC(=O)N)C(=O)N[C@@H](CCCNC(=[NH2+])N)C(=O)N[C@@H](CC(C)C)C(=O)N[C@@H](CC(C)C)C(=O)N[C@@H](CCCNC(=[NH2+])N)C(=O)N[C@@H]([C@@H](C)CC)C(=O)N[C@@H](CCC(=O)N)C(=O)N[C@@H](CC(=O)[O-])C(=O)N[C@@H]([C@@H](C)CC)C(=O)N[C@@H](Cc6nc[nH]c6)C(=O)N6[C@H](C(=O)N[C@@H](Cc7ccccc7)C(=O)N[C@@H](C)C(=O)N[C@@H]([C@H](O)C)C(=O)N7[C@H](C(=O)N[C@@H](CC(C)C)C(=O)N[C@@H](CCSC)C(=O)N[C@@H](CCC(=O)N)C(=O)N[C@@H](CCC(=O)[O-])C(=O)N[C@@H](CC(C)C)C(=O)N[C@@H](Cc8ccccc8)C(=O)NCC(=O)N[C@H](C=O)[C@@H](C)CC)CCC7)CCC6)CCC5)CCC4)CCC3)CCC2)CCC1.S(C)CC[C@H](NC(=O)[C@@H](NC(=O)[C@@H](NC(=O)[C@@H](NC(=O)[C@@H](NC(=O)[C@@H](NC(=O)[C@@H](NC(=O)C[NH3+])CC(C)C)[C@H](O)C)CCC(=O)[O-])CCC(=O)[O-])CCC(=O)N)CCCNC(=[NH2+])N)C(=O)N[C@@H](CCSC)C(=O)N[C@@H]([C@@H](C)CC)C(=O)N[C@@H](CCCNC(=[NH2+])N)C(=O)N[C@@H](CCC(=O)[O-])C(=O)N[C@@H](CC(C)C)C(=O)N[C@@H](CCSC)C(=O)N[C@@H](CC(=O)[O-])C(=O)N[C@@H](C)C(=O)N[C@@H](CCC(=O)N)C(=O)N[C@@H](CCSC)C(=O)N[C@@H](CCCC[NH3+])C(=O)N[C@@H]([C@H](O)C)C(=O)N[C@@H](Cc1ccccc1)C(=O)N[C@@H](CC(=O)[O-])C(=O)N[C@@H]([C@H](O)C)C(=O)N[C@@H]([C@H](O)C)C(=O)N[C@@H](Cc1ccccc1)C(=O)N[C@@H](CO)C(=O)N[C@@H](Cc1nc[nH]c1)C(=O)N[C@@H](Cc1ccccc1)C(=O)N[C@@H](CCCC[NH3+])C(=O)N[C@@H](CC(=O)N)C(=O)N[C@@H](Cc1ccccc1)C(=O)N[C@@H](CCCNC(=[NH2+])N)C(=O)N[C@@H](CC(C)C)C(=O)N1[C@H](C(=O)NCC(=O)N[C@@H](C)C=O)CCC1"
"PXR_pdbalignments_holo_TIER1_sorted_moesession.moe","2026-05-29 13:43:33","1ILH.A",1,33,504.541,"P(=O)(OCC)(OCC)C(P(=O)(OCC)OCC)=Cc1cc(C(C)(C)C)c(O)c(C(C)(C)C)c1"
"PXR_pdbalignments_holo_TIER1_sorted_moesession.moe","2026-05-29 13:43:33","1ILH.A",166,166,2656,"O.O.O.O.O.O.O.O.O.O.O.O.O.O.O.O.O.O.O.O.O.O.O.O.O.O.O.O.O.O.O.O.O.O.O.O.O.O.O.O.O.O.O.O.O.O.O.O.O.O.O.O.O.O.O.O.O.O.O.O.O.O.O.O.O.O.O.O.O.O.O.O.O.O.O.O.O.O.O.O.O.O.O.O.O.O.O.O.O.O.O.O.O.O.O.O.O.O.O.O.O.O.O.O.O.O.O.O.O.O.O.O.O.O.O.O.O.O.O.O.O.O.O.O.O.O.O.O.O.O.O.O.O.O.O.O.O.O.O.O.O.O.O.O.O.O.O.O.O.O.O.O.O.O.O.O.O.O.O.O.O.O.O.O.O.O"
"PXR_pdbalignments_holo_TIER1_sorted_moesession.moe","2026-05-29 13:43:33","1M13.A",273,2140,30428.7,"SC[C@H](NC(=O)[C@@H](NC(=O)[C@@H](NC(=O)[C@@H](NC(=O)CNC(=O)[C@@H](NC(=O)[C@@H](NC(=O)[C@@H](NC(=O)[C@@H](NC(=O)[C@@H](NC(=O)[C@@H](NC(=O)[C@@H](NC(=O)[C@@H](NC(=O)[C@@H](NC(=O)[C@@H](NC(=O)[C@@H](NC(=O)[C@@H](NC(=O)[C@@H](NC(=O)[C@@H](NC(=O)[C@@H](NC(=O)[C@@H](NC(=O)[C@@H](NC(=O)[C@@H](NC(=O)CNC(=O)[C@@H](NC(=O)[C@@H](NC(=O)[C@@H](NC(=O)[C@@H](NC(=O)[C@@H](NC(=O)[C@@H](NC(=O)[C@@H](NC(=O)[C@@H](NC(=O)[C@@H](NC(=O)[C@H]1N(C(=O)[C@@H](NC(=O)[C@@H](NC(=O)[C@@H](NC(=O)[C@@H](NC(=O)[C@@H](NC(=O)[C@@H](NC(=O)[C@@H](NC(=O)[C@@H](NC(=O)[C@@H](NC(=O)[C@@H](NC(=O)[C@@H](NC(=O)[C@@H](NC(=O)[C@@H](NC(=O)[C@@H](NC(=O)CNC(=O)[C@@H](NC(=O)[C@@H](NC(=O)[C@@H](NC(=O)[C@@H](NC(=O)[C@@H](NC(=O)[C@@H](NC(=O)[C@@H](NC(=O)[C@@H](NC(=O)[C@@H](NC(=O)[C@@H](NC(=O)[C@@H](NC(=O)[C@H]2N(C(=O)[C@@H](NC(=O)[C@@H](NC(=O)[C@@H](NC(=O)[C@@H](NC(=O)[C@@H](NC(=O)[C@@H](NC(=O)[C@@H](NC(=O)CNC(=O)CNC(=O)[C@@H](NC(=O)[C@@H](NC(=O)[C@@H](NC(=O)[C@H]3N(C(=O)[C@H]4N(C(=O)[C@@H](NC(=O)[C@@H](NC(=O)[C@@H](NC(=O)[C@@H](NC(=O)[C@@H](NC(=O)[C@@H](NC(=O)CNC(=O)[C@@H](NC(=O)[C@@H](NC(=O)CNC(=O)[C@@H](NC(=O)[C@@H](NC(=O)[C@@H](NC(=O)[C@@H](NC(=O)[C@@H](NC(=O)[C@@H](NC(=O)[C@@H](NC(=O)[C@@H](NC(=O)[C@@H](NC(=O)[C@@H](NC(=O)[C@@H](NC(=O)[C@@H](NC(=O)[C@@H](NC(=O)[C@@H](NC(=O)[C@@H](NC(=O)[C@@H](NC(=O)[C@@H](NC(=O)[C@@H](NC(=O)[C@@H]([NH3+])C)C)C)C)C)C)C)CC(=O)[O-])CC(C)C)C)CO)CC(C)C)CCCC[NH3+])C(C)C)CO)CC(C)C)CCC(=O)N)CC(C)C)CCCNC(=[NH2+])N)C)CC(=O)[O-])CO)C(C)C)Cc5c[nH]c6ccccc56)CC(=O)N)Cc5ccc(O)cc5)CC)CCC4)CCC3)C)CC(=O)[O-])C)C)C)[C@@H](C)CC)Cc3ccccc3)CO)CC(C)C)CC(C)C)CCC2)Cc2nc[nH]c2)CCSC)C)CC(=O)[O-])CCSC)CO)[C@H](O)C)Cc2ccc(O)cc2)CCSC)Cc2ccccc2)CCCC[NH3+])[C@@H](C)CC)[C@@H](C)CC)CO)Cc2ccccc2)C)CCCC[NH3+])C(C)C)[C@@H](C)CC)CO)Cc2ccc(O)cc2)Cc2ccccc2)CCCNC(=[NH2+])N)CC(=O)[O-])CC(C)C)CCC1)[C@@H](C)CC)CCC(=O)[O-])CC(=O)[O-])CCC(=O)N)[C@@H](C)CC)CO)CC(C)C)CC(C)C)CCCC[NH3+])C)C)Cc1ccccc1)CCC(=O)[O-])CC(C)C)CS)CCC(=O)N)CC(C)C)CCCNC(=[NH2+])N)Cc1ccccc1)CC(=O)N)[C@H](O)C)C(C)C)Cc1ccccc1)CC(=O)N)C)CCC(=O)[O-])[C@H](O)C)[C@H](O)C)Cc1c[nH]c2ccccc12)CCC(=O)[O-])C(=O)NCC(=O)N[C@@H](CCCNC(=[NH2+])N)C(=O)N[C@@H](CC(C)C)C(=O)N[C@@H](CO)C(=O)N[C@@H](Cc1ccc(O)cc1)C(=O)N[C@@H](CS)C(=O)N[C@@H](CC(C)C)C(=O)N[C@@H](CCC(=O)[O-])C(=O)N[C@@H](C)C(=O)N[C@@H](C)C(=O)N[C@@H](C)C(=O)NCC(=O)NCC(=O)N[C@@H](C)C(=O)N[C@@H](C)C(=O)N[C@@H](C)C(=O)N[C@@H](CC(C)C)C(=O)N[C@@H](CC(C)C)C(=O)N[C@@H](CC(C)C)C(=O)N[C@@H](CCC(=O)[O-])C(=O)N1[C@H](C(=O)N[C@@H](CCSC)C(=O)N[C@@H](CC(C)C)C(=O)N[C@@H](CCCC[NH3+])C(=O)N[C@@H](Cc2ccccc2)C(=O)N[C@@H](Cc2nc[nH]c2)C(=O)N[C@@H](Cc2ccc(O)cc2)C(=O)N[C@@H](CCSC)C(=O)N[C@@H](CC(C)C)C(=O)N[C@@H](CCCC[NH3+])C(=O)N[C@@H](CC)C(=O)N[C@@H](CC(C)C)C(=O)N[C@@H](CCC(=O)N)C(=O)N[C@@H](CC(C)C)C(=O)N[C@@H](Cc2nc[nH]c2)C(=O)N[C@@H](CCC(=O)[O-])C(=O)N[C@@H](CCC(=O)[O-])C(=O)N[C@@H](CCC(=O)[O-])C(=O)N[C@@H](Cc2ccc(O)cc2)C(=O)N[C@@H](C(C)C)C(=O)N[C@@H](CC(C)C)C(=O)N[C@@H](CCSC)C(=O)N[C@@H](CCC(=O)N)C(=O)N[C@@H](C)C(=O)N[C@@H]([C@@H](C)CC)C(=O)N[C@@H](CO)C(=O)N[C@@H](CC(C)C)C(=O)N[C@@H](Cc2ccccc2)C(=O)N[C@@H](CO)C(=O)N2[C@H](C(=O)N[C@@H](CC(=O)[O-])C(=O)N[C@@H](CCCNC(=[NH2+])N)C(=O)N3[C@H](C(=O)NCC(=O)N[C@@H](C(C)C)C(=O)N[C@@H](CC(C)C)C(=O)N[C@@H](CCC(=O)N)C(=O)N[C@@H](Cc4nc[nH]c4)C(=O)N[C@@H](CCCNC(=[NH2+])N)C(=O)N[C@@H](C(C)C)C(=O)N[C@@H](C(C)C)C(=O)N[C@@H](CC(=O)[O-])C(=O)N[C@@H](CCC(=O)N)C(=O)N[C@@H](CC(C)C)C(=O)N[C@@H](CCC(=O)N)C(=O)N[C@@H](CCC(=O)[O-])C(=O)N[C@@H](CCC(=O)N)C(=O)N[C@@H](Cc4ccccc4)C(=O)N[C@@H](C)C(=O)N[C@@H]([C@@H](C)CC)C(=O)N[C@@H]([C@H](O)C)C(=O)N[C@@H](CC(C)C)C(=O)N[C@@H](CCCC[NH3+])C(=O)N[C@@H](CO)C(=O)N[C@@H](Cc4ccc(O)cc4)C(=O)N[C@@H]([C@@H](C)CC)C(=O)N[C@@H](CCC(=O)[O-])C(=O)N[C@@H](CS)C(=O)N[C@@H](CC(=O)N)C(=O)N[C@@H](CCCNC(=[NH2+])N)C(=O)N4[C@H](C(=O)N[C@@H](CCC(=O)N)C(=O)N5[C@H](C(=O)N[C@@H](C)C(=O)N[C@@H](Cc6nc[nH]c6)C(=O)N[C@@H](CCCNC(=[NH2+])N)C(=O)N[C@@H](Cc6ccccc6)C(=O)N[C@@H](CC(C)C)C(=O)N[C@@H](Cc6ccccc6)C(=O)N[C@@H](CC(C)C)C(=O)N[C@@H](CCCC[NH3+])C(=O)N[C@@H]([C@@H](C)CC)C(=O)N[C@@H](CCSC)C(=O)N[C@@H](C)C(=O)N[C@@H](CCSC)C(=O)N[C@@H](CC(C)C)C(=O)N[C@@H]([C@H](O)C)C(=O)N[C@@H](CCC(=O)[O-])C(=O)N[C@@H](CC(C)C)C(=O)N[C@@H](CCCNC(=[NH2+])N)C(=O)N[C@@H](CO)C(=O)N[C@@H]([C@@H](C)CC)C(=O)N[C@@H](CC(=O)N)C(=O)N[C@@H](C)C(=O)N[C@@H](CCC(=O)N)C(=O)N[C@@H](Cc6nc[nH]c6)C(=O)N[C@@H]([C@H](O)C)C(=O)N[C@@H](CCC(=O)N)C(=O)N[C@@H](CCCNC(=[NH2+])N)C(=O)N[C@@H](CC(C)C)C(=O)N[C@@H](CC(C)C)C(=O)N[C@@H](CCCNC(=[NH2+])N)C(=O)N[C@@H]([C@@H](C)CC)C(=O)N[C@@H](CCC(=O)N)C(=O)N[C@@H](CC(=O)[O-])C(=O)N[C@@H]([C@@H](C)CC)C(=O)N[C@@H](Cc6nc[nH]c6)C(=O)N6[C@H](C(=O)N[C@@H](Cc7ccccc7)C(=O)N[C@@H](C)C(=O)N[C@@H]([C@H](O)C)C(=O)N7[C@H](C(=O)N[C@@H](CC(C)C)C(=O)N[C@@H](CCSC)C(=O)N[C@@H](CCC(=O)N)C(=O)N[C@@H](CCC(=O)[O-])C(=O)N[C@@H](CC(C)C)C(=O)N[C@@H](Cc8ccccc8)C(=O)NCC(=O)N[C@@H]([C@@H](C)CC)C(=O)N[C@@H]([C@H](O)C)C(=O)NCC(=O)N[C@@H](CO)C=O)CCC7)CCC6)CCC5)CCC4)CCC3)CCC2)CCC1.S(C)CC[C@H](NC(=O)[C@@H](NC(=O)[C@@H](NC(=O)[C@@H](NC(=O)[C@@H](NC(=O)[C@@H](NC(=O)[C@@H](NC(=O)C[NH3+])CC(C)C)[C@H](O)C)CCC(=O)[O-])C)CCC(=O)N)CCCNC(=[NH2+])N)C(=O)N[C@@H](CCSC)C(=O)N[C@@H]([C@@H](C)CC)C(=O)N[C@@H](CCCNC(=[NH2+])N)C(=O)N[C@@H](CCC(=O)[O-])C(=O)N[C@@H](CC(C)C)C(=O)N[C@@H](CCSC)C(=O)N[C@@H](CC(=O)[O-])C(=O)N[C@@H](C)C(=O)N[C@@H](CCC(=O)N)C(=O)N[C@@H](CCSC)C(=O)N[C@@H](CCCC[NH3+])C(=O)N[C@@H]([C@H](O)C)C(=O)N[C@@H](Cc1ccccc1)C(=O)N[C@@H](CC(=O)[O-])C(=O)N[C@@H]([C@H](O)C)C(=O)N[C@@H]([C@H](O)C)C(=O)N[C@@H](Cc1ccccc1)C(=O)N[C@@H](CO)C(=O)N[C@@H](Cc1nc[nH]c1)C(=O)N[C@@H](Cc1ccccc1)C(=O)N[C@@H](CC)C(=O)N[C@@H](CC(=O)N)C(=O)N[C@@H](Cc1ccccc1)C(=O)N[C@@H](CCCNC(=[NH2+])N)C(=O)N[C@@H](CC(C)C)C(=O)N1[C@H](C(=O)NCC(=O)N[C@@H](C)C=O)CCC1"
"PXR_pdbalignments_holo_TIER1_sorted_moesession.moe","2026-05-29 13:43:33","1M13.A",1,39,536.797,"OC1=C(CC=C(C)C)C(=O)[C@]2(CC=C(C)C)C(=O)[C@@]1(C(=O)C(C)C)[C@](C)(CCC=C(C)C)[C@H](CC=C(C)C)C2"
"PXR_pdbalignments_holo_TIER1_sorted_moesession.moe","2026-05-29 13:43:33","2O9I.A",279,2265,32195.7,"SC[C@H](NC(=O)[C@@H](NC(=O)[C@@H](NC(=O)[C@@H](NC(=O)CNC(=O)[C@@H](NC(=O)[C@@H](NC(=O)[C@@H](NC(=O)[C@@H](NC(=O)[C@@H](NC(=O)[C@@H](NC(=O)[C@@H](NC(=O)[C@@H](NC(=O)[C@@H](NC(=O)[C@@H](NC(=O)[C@@H](NC(=O)[C@@H](NC(=O)[C@@H](NC(=O)[C@@H](NC(=O)[C@@H](NC(=O)[C@@H](NC(=O)[C@@H](NC(=O)[C@@H](NC(=O)CNC(=O)[C@@H](NC(=O)[C@@H](NC(=O)[C@@H](NC(=O)[C@@H](NC(=O)[C@@H](NC(=O)[C@@H](NC(=O)[C@@H](NC(=O)[C@@H](NC(=O)[C@@H](NC(=O)[C@H]1N(C(=O)[C@@H](NC(=O)[C@@H](NC(=O)[C@@H](NC(=O)[C@@H](NC(=O)[C@@H](NC(=O)[C@@H](NC(=O)[C@@H](NC(=O)[C@@H](NC(=O)[C@@H](NC(=O)[C@@H](NC(=O)[C@@H](NC(=O)[C@@H](NC(=O)[C@@H](NC(=O)[C@@H](NC(=O)CNC(=O)[C@@H](NC(=O)[C@@H](NC(=O)[C@@H](NC(=O)[C@@H](NC(=O)[C@@H](NC(=O)[C@@H](NC(=O)[C@@H](NC(=O)[C@@H](NC(=O)[C@@H](NC(=O)[C@@H](NC(=O)[C@@H](NC(=O)[C@H]2N(C(=O)[C@@H](NC(=O)[C@@H](NC(=O)[C@@H](NC(=O)[C@@H](NC(=O)[C@@H](NC(=O)[C@@H](NC(=O)[C@@H](NC(=O)CNC(=O)CNC(=O)[C@@H](NC(=O)[C@@H](NC(=O)[C@@H](NC(=O)[C@H]3N(C(=O)[C@H]4N(C(=O)[C@@H](NC(=O)[C@@H](NC(=O)[C@@H](NC(=O)[C@@H](NC(=O)[C@@H](NC(=O)[C@@H](NC(=O)CNC(=O)[C@@H](NC(=O)[C@@H](NC(=O)CNC(=O)[C@@H](NC(=O)[C@@H](NC(=O)[C@@H](NC(=O)[C@@H](NC(=O)[C@@H](NC(=O)[C@@H](NC(=O)[C@@H](NC(=O)[C@@H](NC(=O)[C@@H](NC(=O)[C@@H](NC(=O)[C@@H](NC(=O)[C@@H](NC(=O)[C@@H](NC(=O)[C@@H](NC(=O)[C@@H](NC(=O)[C@@H](NC(=O)[C@@H](NC(=O)[C@@H](NC(=O)[C@@H](NC(=O)[C@@H](NC(=O)[C@@H](NC(=O)[C@@H](NC(=O)[C@@H](NC(=O)[C@@H](NC(=O)[C@@H]([NH3+])CO)CCCNC(=[NH2+])N)CCC(=O)[O-])CCC(=O)[O-])C)C)CCCC[NH3+])Cc5c[nH]c6ccccc56)CO)CCC(=O)N)C(C)C)CCCNC(=[NH2+])N)CCCC[NH3+])CC(=O)[O-])CC(C)C)CS)CO)CC(C)C)CCCC[NH3+])C(C)C)CO)CC(C)C)CCC(=O)N)CC(C)C)CCCNC(=[NH2+])N)CCC(=O)[O-])CC(=O)[O-])CO)C(C)C)Cc5c[nH]c6ccccc56)CC(=O)N)Cc5ccc(O)cc5)CCCC[NH3+])CCC4)CCC3)C)CC(=O)[O-])CO)CCCC[NH3+])CCC(=O)[O-])[C@@H](C)CC)Cc3ccccc3)CO)CC(C)C)CC(C)C)CCC2)Cc2nc[nH]c2)CCSC)C)CC(=O)[O-])CCSC)CO)[C@H](O)C)Cc2ccc(O)cc2)CCSC)Cc2ccccc2)CCCC[NH3+])[C@@H](C)CC)[C@@H](C)CC)CO)Cc2ccccc2)C)CCCC[NH3+])C(C)C)[C@@H](C)CC)CO)Cc2ccc(O)cc2)Cc2ccccc2)CCCNC(=[NH2+])N)CC(=O)[O-])CC(C)C)CCC1)[C@@H](C)CC)CCC(=O)[O-])CC(=O)[O-])CCC(=O)N)[C@@H](C)CC)CO)CC(C)C)CC(C)C)CCCC[NH3+])C)C)Cc1ccccc1)CCC(=O)[O-])CC(C)C)CO)CCC(=O)N)CC(C)C)CCCNC(=[NH2+])N)Cc1ccccc1)CC(=O)N)[C@H](O)C)C(C)C)Cc1ccccc1)CC(=O)N)C)CCC(=O)[O-])[C@H](O)C)[C@H](O)C)Cc1c[nH]c2ccccc12)CCC(=O)[O-])C(=O)NCC(=O)N[C@@H](CCCNC(=[NH2+])N)C(=O)N[C@@H](CC(C)C)C(=O)N[C@@H](CO)C(=O)N[C@@H](Cc1ccc(O)cc1)C(=O)N[C@@H](CS)C(=O)N[C@@H](CC(C)C)C(=O)N[C@@H](CCC(=O)[O-])C(=O)N[C@@H](CC(=O)[O-])C(=O)N[C@@H]([C@H](O)C)C(=O)N[C@@H](C)C(=O)NCC(=O)NCC(=O)N[C@@H](Cc1ccccc1)C(=O)N[C@@H](CCC(=O)N)C(=O)N[C@@H](CCC(=O)N)C(=O)N[C@@H](CC(C)C)C(=O)N[C@@H](CC(C)C)C(=O)N[C@@H](CC(C)C)C(=O)N[C@@H](CCC(=O)[O-])C(=O)N1[C@H](C(=O)N[C@@H](CCSC)C(=O)N[C@@H](CC(C)C)C(=O)N[C@@H](CCCC[NH3+])C(=O)N[C@@H](Cc2ccccc2)C(=O)N[C@@H](Cc2nc[nH]c2)C(=O)N[C@@H](Cc2ccc(O)cc2)C(=O)N[C@@H](CCSC)C(=O)N[C@@H](CC(C)C)C(=O)N[C@@H](CCCC[NH3+])C(=O)N[C@@H](CCCC[NH3+])C(=O)N[C@@H](CC(C)C)C(=O)N[C@@H](CCC(=O)N)C(=O)N[C@@H](CC(C)C)C(=O)N[C@@H](Cc2nc[nH]c2)C(=O)N[C@@H](CCC(=O)[O-])C(=O)N[C@@H](CCC(=O)[O-])C(=O)N[C@@H](CCC(=O)[O-])C(=O)N[C@@H](Cc2ccc(O)cc2)C(=O)N[C@@H](C(C)C)C(=O)N[C@@H](CC(C)C)C(=O)N[C@@H](CCSC)C(=O)N[C@@H](CCC(=O)N)C(=O)N[C@@H](C)C(=O)N[C@@H]([C@@H](C)CC)C(=O)N[C@@H](CO)C(=O)N[C@@H](CC(C)C)C(=O)N[C@@H](Cc2ccccc2)C(=O)N[C@@H](CO)C(=O)N2[C@H](C(=O)N[C@@H](CC(=O)[O-])C(=O)N[C@@H](CCCNC(=[NH2+])N)C(=O)N3[C@H](C(=O)NCC(=O)N[C@@H](C(C)C)C(=O)N[C@@H](CC(C)C)C(=O)N[C@@H](CCC(=O)N)C(=O)N[C@@H](Cc4nc[nH]c4)C(=O)N[C@@H](CCCNC(=[NH2+])N)C(=O)N[C@@H](C(C)C)C(=O)N[C@@H](C(C)C)C(=O)N[C@@H](CC(=O)[O-])C(=O)N[C@@H](CCC(=O)N)C(=O)N[C@@H](CC(C)C)C(=O)N[C@@H](CCC(=O)N)C(=O)N[C@@H](CCC(=O)[O-])C(=O)N[C@@H](CCC(=O)N)C(=O)N[C@@H](Cc4ccccc4)C(=O)N[C@@H](C)C(=O)N[C@@H]([C@@H](C)CC)C(=O)N[C@@H]([C@H](O)C)C(=O)N[C@@H](CC(C)C)C(=O)N[C@@H](CCCC[NH3+])C(=O)N[C@@H](CO)C(=O)N[C@@H](Cc4ccc(O)cc4)C(=O)N[C@@H]([C@@H](C)CC)C(=O)N[C@@H](CCC(=O)[O-])C(=O)N[C@@H](CS)C(=O)N[C@@H](CC(=O)N)C(=O)N[C@@H](CCCNC(=[NH2+])N)C(=O)N4[C@H](C(=O)N[C@@H](CCC(=O)N)C(=O)N5[C@H](C(=O)N[C@@H](C)C(=O)N[C@@H](Cc6nc[nH]c6)C(=O)N[C@@H](CCCNC(=[NH2+])N)C(=O)N[C@@H](Cc6ccccc6)C(=O)N[C@@H](CC(C)C)C(=O)N[C@@H](Cc6ccccc6)C(=O)N[C@@H](CC(C)C)C(=O)N[C@@H](CCCC[NH3+])C(=O)N[C@@H]([C@@H](C)CC)C(=O)N[C@@H](CCSC)C(=O)N[C@@H](C)C(=O)N[C@@H](CCSC)C(=O)N[C@@H](CC(C)C)C(=O)N[C@@H]([C@H](O)C)C(=O)N[C@@H](CCC(=O)[O-])C(=O)N[C@@H](CC(C)C)C(=O)N[C@@H](CCCNC(=[NH2+])N)C(=O)N[C@@H](CO)C(=O)N[C@@H]([C@@H](C)CC)C(=O)N[C@@H](CC(=O)N)C(=O)N[C@@H](C)C(=O)N[C@@H](CCC(=O)N)C(=O)N[C@@H](Cc6nc[nH]c6)C(=O)N[C@@H]([C@H](O)C)C(=O)N[C@@H](CCC(=O)N)C(=O)N[C@@H](CCCNC(=[NH2+])N)C(=O)N[C@@H](CC(C)C)C(=O)N[C@@H](CC(C)C)C(=O)N[C@@H](CCCNC(=[NH2+])N)C(=O)N[C@@H]([C@@H](C)CC)C(=O)N[C@@H](CCC(=O)N)C(=O)N[C@@H](CC(=O)[O-])C(=O)N[C@@H]([C@@H](C)CC)C(=O)N[C@@H](Cc6nc[nH]c6)C(=O)N6[C@H](C(=O)N[C@@H](Cc7ccccc7)C(=O)N[C@@H](C)C(=O)N[C@@H]([C@H](O)C)C(=O)N7[C@H](C(=O)N[C@@H](CC(C)C)C(=O)N[C@@H](CCSC)C(=O)N[C@@H](CCC(=O)N)C(=O)N[C@@H](CCC(=O)[O-])C(=O)N[C@@H](CC(C)C)C(=O)N[C@@H](Cc8ccccc8)C(=O)NCC(=O)N[C@@H]([C@@H](C)CC)C(=O)N[C@@H]([C@H](O)C)C(=O)NCC=O)CCC7)CCC6)CCC5)CCC4)CCC3)CCC2)CCC1.S(C)CC[C@H](NC(=O)[C@@H](NC(=O)[C@@H](NC(=O)[C@@H](NC(=O)[C@@H](NC(=O)[C@@H](NC(=O)[C@@H](NC(=O)C[NH3+])CC(C)C)[C@H](O)C)CCC(=O)[O-])CCC(=O)[O-])CCC(=O)N)CCCNC(=[NH2+])N)C(=O)N[C@@H](CCSC)C(=O)N[C@@H]([C@@H](C)CC)C(=O)N[C@@H](CCCNC(=[NH2+])N)C(=O)N[C@@H](CCC(=O)[O-])C(=O)N[C@@H](CC(C)C)C(=O)N[C@@H](CCSC)C(=O)N[C@@H](CC(=O)[O-])C(=O)N[C@@H](C)C(=O)N[C@@H](CCC(=O)N)C(=O)N[C@@H](CCSC)C(=O)N[C@@H](CCCC[NH3+])C(=O)N[C@@H]([C@H](O)C)C(=O)N[C@@H](Cc1ccccc1)C(=O)N[C@@H](CC(=O)[O-])C(=O)N[C@@H]([C@H](O)C)C(=O)N[C@@H]([C@H](O)C)C(=O)N[C@@H](Cc1ccccc1)C(=O)N[C@@H](CO)C(=O)N[C@@H](Cc1nc[nH]c1)C(=O)N[C@@H](Cc1ccccc1)C(=O)N[C@@H](CCCC[NH3+])C(=O)N[C@@H](CC(=O)N)C(=O)N[C@@H](Cc1ccccc1)C(=O)N[C@@H](CCCNC(=[NH2+])N)C(=O)N[C@@H](CC(C)C)C(=O)N1[C@H](C(=O)NCC(=O)N[C@@H](C(C)C)C(=O)N[C@@H](CC(C)C)C=O)CCC1"
"PXR_pdbalignments_holo_TIER1_sorted_moesession.moe","2026-05-29 13:43:33","2O9I.A",1,31,481.335,"S(=O)(=O)(N(CC(F)(F)F)c1ccc(C(O)(C(F)(F)F)C(F)(F)F)cc1)c1ccccc1"
"PXR_pdbalignments_holo_TIER1_sorted_moesession.moe","2026-05-29 13:43:33","2O9I.B",279,2265,32195.7,"SC[C@H](NC(=O)[C@@H](NC(=O)[C@@H](NC(=O)[C@@H](NC(=O)CNC(=O)[C@@H](NC(=O)[C@@H](NC(=O)[C@@H](NC(=O)[C@@H](NC(=O)[C@@H](NC(=O)[C@@H](NC(=O)[C@@H](NC(=O)[C@@H](NC(=O)[C@@H](NC(=O)[C@@H](NC(=O)[C@@H](NC(=O)[C@@H](NC(=O)[C@@H](NC(=O)[C@@H](NC(=O)[C@@H](NC(=O)[C@@H](NC(=O)[C@@H](NC(=O)[C@@H](NC(=O)CNC(=O)[C@@H](NC(=O)[C@@H](NC(=O)[C@@H](NC(=O)[C@@H](NC(=O)[C@@H](NC(=O)[C@@H](NC(=O)[C@@H](NC(=O)[C@@H](NC(=O)[C@@H](NC(=O)[C@H]1N(C(=O)[C@@H](NC(=O)[C@@H](NC(=O)[C@@H](NC(=O)[C@@H](NC(=O)[C@@H](NC(=O)[C@@H](NC(=O)[C@@H](NC(=O)[C@@H](NC(=O)[C@@H](NC(=O)[C@@H](NC(=O)[C@@H](NC(=O)[C@@H](NC(=O)[C@@H](NC(=O)[C@@H](NC(=O)CNC(=O)[C@@H](NC(=O)[C@@H](NC(=O)[C@@H](NC(=O)[C@@H](NC(=O)[C@@H](NC(=O)[C@@H](NC(=O)[C@@H](NC(=O)[C@@H](NC(=O)[C@@H](NC(=O)[C@@H](NC(=O)[C@@H](NC(=O)[C@H]2N(C(=O)[C@@H](NC(=O)[C@@H](NC(=O)[C@@H](NC(=O)[C@@H](NC(=O)[C@@H](NC(=O)[C@@H](NC(=O)[C@@H](NC(=O)CNC(=O)CNC(=O)[C@@H](NC(=O)[C@@H](NC(=O)[C@@H](NC(=O)[C@H]3N(C(=O)[C@H]4N(C(=O)[C@@H](NC(=O)[C@@H](NC(=O)[C@@H](NC(=O)[C@@H](NC(=O)[C@@H](NC(=O)[C@@H](NC(=O)CNC(=O)[C@@H](NC(=O)[C@@H](NC(=O)CNC(=O)[C@@H](NC(=O)[C@@H](NC(=O)[C@@H](NC(=O)[C@@H](NC(=O)[C@@H](NC(=O)[C@@H](NC(=O)[C@@H](NC(=O)[C@@H](NC(=O)[C@@H](NC(=O)[C@@H](NC(=O)[C@@H](NC(=O)[C@@H](NC(=O)[C@@H](NC(=O)[C@@H](NC(=O)[C@@H](NC(=O)[C@@H](NC(=O)[C@@H](NC(=O)[C@@H](NC(=O)[C@@H](NC(=O)[C@@H](NC(=O)[C@@H](NC(=O)[C@@H](NC(=O)[C@@H](NC(=O)[C@@H](NC(=O)[C@@H]([NH3+])CO)CCCNC(=[NH2+])N)CCC(=O)[O-])CCC(=O)[O-])C)C)CCCC[NH3+])Cc5c[nH]c6ccccc56)CO)CCC(=O)N)C(C)C)CCCNC(=[NH2+])N)CCCC[NH3+])CC(=O)[O-])CC(C)C)CS)CO)CC(C)C)CCCC[NH3+])C(C)C)CO)CC(C)C)CCC(=O)N)CC(C)C)CCCNC(=[NH2+])N)CCC(=O)[O-])CC(=O)[O-])CO)C(C)C)Cc5c[nH]c6ccccc56)CC(=O)N)Cc5ccc(O)cc5)CCCC[NH3+])CCC4)CCC3)C)CC(=O)[O-])CO)CCCC[NH3+])CCC(=O)[O-])[C@@H](C)CC)Cc3ccccc3)CO)CC(C)C)CC(C)C)CCC2)Cc2nc[nH]c2)CCSC)C)CC(=O)[O-])CCSC)CO)[C@H](O)C)Cc2ccc(O)cc2)CCSC)Cc2ccccc2)CCCC[NH3+])[C@@H](C)CC)[C@@H](C)CC)CO)Cc2ccccc2)C)CCCC[NH3+])C(C)C)[C@@H](C)CC)CO)Cc2ccc(O)cc2)Cc2ccccc2)CCCNC(=[NH2+])N)CC(=O)[O-])CC(C)C)CCC1)[C@@H](C)CC)CCC(=O)[O-])CC(=O)[O-])CCC(=O)N)[C@@H](C)CC)CO)CC(C)C)CC(C)C)CCCC[NH3+])C)C)Cc1ccccc1)CCC(=O)[O-])CC(C)C)CO)CCC(=O)N)CC(C)C)CCCNC(=[NH2+])N)Cc1ccccc1)CC(=O)N)[C@H](O)C)C(C)C)Cc1ccccc1)CC(=O)N)C)CCC(=O)[O-])[C@H](O)C)[C@H](O)C)Cc1c[nH]c2ccccc12)CCC(=O)[O-])C(=O)NCC(=O)N[C@@H](CCCNC(=[NH2+])N)C(=O)N[C@@H](CC(C)C)C(=O)N[C@@H](CO)C(=O)N[C@@H](Cc1ccc(O)cc1)C(=O)N[C@@H](CS)C(=O)N[C@@H](CC(C)C)C(=O)N[C@@H](CCC(=O)[O-])C(=O)N[C@@H](CC(=O)[O-])C(=O)N[C@@H]([C@H](O)C)C(=O)N[C@@H](C)C(=O)NCC(=O)NCC(=O)N[C@@H](Cc1ccccc1)C(=O)N[C@@H](CCC(=O)N)C(=O)N[C@@H](CCC(=O)N)C(=O)N[C@@H](CC(C)C)C(=O)N[C@@H](CC(C)C)C(=O)N[C@@H](CC(C)C)C(=O)N[C@@H](CCC(=O)[O-])C(=O)N1[C@H](C(=O)N[C@@H](CCSC)C(=O)N[C@@H](CC(C)C)C(=O)N[C@@H](CCCC[NH3+])C(=O)N[C@@H](Cc2ccccc2)C(=O)N[C@@H](Cc2nc[nH]c2)C(=O)N[C@@H](Cc2ccc(O)cc2)C(=O)N[C@@H](CCSC)C(=O)N[C@@H](CC(C)C)C(=O)N[C@@H](CCCC[NH3+])C(=O)N[C@@H](CCCC[NH3+])C(=O)N[C@@H](CC(C)C)C(=O)N[C@@H](CCC(=O)N)C(=O)N[C@@H](CC(C)C)C(=O)N[C@@H](Cc2nc[nH]c2)C(=O)N[C@@H](CCC(=O)[O-])C(=O)N[C@@H](CCC(=O)[O-])C(=O)N[C@@H](CCC(=O)[O-])C(=O)N[C@@H](Cc2ccc(O)cc2)C(=O)N[C@@H](C(C)C)C(=O)N[C@@H](CC(C)C)C(=O)N[C@@H](CCSC)C(=O)N[C@@H](CCC(=O)N)C(=O)N[C@@H](C)C(=O)N[C@@H]([C@@H](C)CC)C(=O)N[C@@H](CO)C(=O)N[C@@H](CC(C)C)C(=O)N[C@@H](Cc2ccccc2)C(=O)N[C@@H](CO)C(=O)N2[C@H](C(=O)N[C@@H](CC(=O)[O-])C(=O)N[C@@H](CCCNC(=[NH2+])N)C(=O)N3[C@H](C(=O)NCC(=O)N[C@@H](C(C)C)C(=O)N[C@@H](CC(C)C)C(=O)N[C@@H](CCC(=O)N)C(=O)N[C@@H](Cc4nc[nH]c4)C(=O)N[C@@H](CCCNC(=[NH2+])N)C(=O)N[C@@H](C(C)C)C(=O)N[C@@H](C(C)C)C(=O)N[C@@H](CC(=O)[O-])C(=O)N[C@@H](CCC(=O)N)C(=O)N[C@@H](CC(C)C)C(=O)N[C@@H](CCC(=O)N)C(=O)N[C@@H](CCC(=O)[O-])C(=O)N[C@@H](CCC(=O)N)C(=O)N[C@@H](Cc4ccccc4)C(=O)N[C@@H](C)C(=O)N[C@@H]([C@@H](C)CC)C(=O)N[C@@H]([C@H](O)C)C(=O)N[C@@H](CC(C)C)C(=O)N[C@@H](CCCC[NH3+])C(=O)N[C@@H](CO)C(=O)N[C@@H](Cc4ccc(O)cc4)C(=O)N[C@@H]([C@@H](C)CC)C(=O)N[C@@H](CCC(=O)[O-])C(=O)N[C@@H](CS)C(=O)N[C@@H](CC(=O)N)C(=O)N[C@@H](CCCNC(=[NH2+])N)C(=O)N4[C@H](C(=O)N[C@@H](CCC(=O)N)C(=O)N5[C@H](C(=O)N[C@@H](C)C(=O)N[C@@H](Cc6nc[nH]c6)C(=O)N[C@@H](CCCNC(=[NH2+])N)C(=O)N[C@@H](Cc6ccccc6)C(=O)N[C@@H](CC(C)C)C(=O)N[C@@H](Cc6ccccc6)C(=O)N[C@@H](CC(C)C)C(=O)N[C@@H](CCCC[NH3+])C(=O)N[C@@H]([C@@H](C)CC)C(=O)N[C@@H](CCSC)C(=O)N[C@@H](C)C(=O)N[C@@H](CCSC)C(=O)N[C@@H](CC(C)C)C(=O)N[C@@H]([C@H](O)C)C(=O)N[C@@H](CCC(=O)[O-])C(=O)N[C@@H](CC(C)C)C(=O)N[C@@H](CCCNC(=[NH2+])N)C(=O)N[C@@H](CO)C(=O)N[C@@H]([C@@H](C)CC)C(=O)N[C@@H](CC(=O)N)C(=O)N[C@@H](C)C(=O)N[C@@H](CCC(=O)N)C(=O)N[C@@H](Cc6nc[nH]c6)C(=O)N[C@@H]([C@H](O)C)C(=O)N[C@@H](CCC(=O)N)C(=O)N[C@@H](CCCNC(=[NH2+])N)C(=O)N[C@@H](CC(C)C)C(=O)N[C@@H](CC(C)C)C(=O)N[C@@H](CCCNC(=[NH2+])N)C(=O)N[C@@H]([C@@H](C)CC)C(=O)N[C@@H](CCC(=O)N)C(=O)N[C@@H](CC(=O)[O-])C(=O)N[C@@H]([C@@H](C)CC)C(=O)N[C@@H](Cc6nc[nH]c6)C(=O)N6[C@H](C(=O)N[C@@H](Cc7ccccc7)C(=O)N[C@@H](C)C(=O)N[C@@H]([C@H](O)C)C(=O)N7[C@H](C(=O)N[C@@H](CC(C)C)C(=O)N[C@@H](CCSC)C(=O)N[C@@H](CCC(=O)N)C(=O)N[C@@H](CCC(=O)[O-])C(=O)N[C@@H](CC(C)C)C(=O)N[C@@H](Cc8ccccc8)C(=O)NCC(=O)N[C@@H]([C@@H](C)CC)C(=O)N[C@@H]([C@H](O)C)C(=O)NCC=O)CCC7)CCC6)CCC5)CCC4)CCC3)CCC2)CCC1.S(C)CC[C@H](NC(=O)[C@@H](NC(=O)[C@@H](NC(=O)[C@@H](NC(=O)[C@@H](NC(=O)[C@@H](NC(=O)[C@@H](NC(=O)C[NH3+])CC(C)C)[C@H](O)C)CCC(=O)[O-])CCC(=O)[O-])CCC(=O)N)CCCNC(=[NH2+])N)C(=O)N[C@@H](CCSC)C(=O)N[C@@H]([C@@H](C)CC)C(=O)N[C@@H](CCCNC(=[NH2+])N)C(=O)N[C@@H](CCC(=O)[O-])C(=O)N[C@@H](CC(C)C)C(=O)N[C@@H](CCSC)C(=O)N[C@@H](CC(=O)[O-])C(=O)N[C@@H](C)C(=O)N[C@@H](CCC(=O)N)C(=O)N[C@@H](CCSC)C(=O)N[C@@H](CCCC[NH3+])C(=O)N[C@@H]([C@H](O)C)C(=O)N[C@@H](Cc1ccccc1)C(=O)N[C@@H](CC(=O)[O-])C(=O)N[C@@H]([C@H](O)C)C(=O)N[C@@H]([C@H](O)C)C(=O)N[C@@H](Cc1ccccc1)C(=O)N[C@@H](CO)C(=O)N[C@@H](Cc1nc[nH]c1)C(=O)N[C@@H](Cc1ccccc1)C(=O)N[C@@H](CCCC[NH3+])C(=O)N[C@@H](CC(=O)N)C(=O)N[C@@H](Cc1ccccc1)C(=O)N[C@@H](CCCNC(=[NH2+])N)C(=O)N[C@@H](CC(C)C)C(=O)N1[C@H](C(=O)NCC(=O)N[C@@H](C(C)C)C(=O)N[C@@H](CC(C)C)C=O)CCC1"
"PXR_pdbalignments_holo_TIER1_sorted_moesession.moe","2026-05-29 13:43:33","2O9I.B",1,31,481.335,"S(=O)(=O)(N(CC(F)(F)F)c1ccc(C(O)(C(F)(F)F)C(F)(F)F)cc1)c1ccccc1"
"PXR_pdbalignments_holo_TIER1_sorted_moesession.moe","2026-05-29 13:43:33","2QNV.A",249,1994,28360.5,"SC[C@H](NC(=O)[C@@H](NC(=O)[C@@H](NC(=O)[C@@H](NC(=O)CNC(=O)[C@@H](NC(=O)[C@@H](NC(=O)[C@@H](NC(=O)[C@@H](NC(=O)[C@@H](NC(=O)[C@@H](NC(=O)[C@@H](NC(=O)[C@@H](NC(=O)[C@@H](NC(=O)[C@@H](NC(=O)[C@@H](NC(=O)[C@@H](NC(=O)[C@@H](NC(=O)[C@@H](NC(=O)[C@@H](NC(=O)[C@@H](NC(=O)[C@@H](NC(=O)[C@@H](NC(=O)CNC(=O)[C@@H](NC(=O)[C@@H](NC(=O)[C@@H](NC(=O)[C@@H](NC(=O)[C@@H](NC(=O)[C@@H](NC(=O)[C@@H](NC(=O)[C@@H](NC(=O)[C@@H](NC(=O)[C@H]1N(C(=O)[C@@H](NC(=O)[C@@H](NC(=O)[C@@H](NC(=O)[C@@H](NC(=O)[C@@H](NC(=O)[C@@H](NC(=O)[C@@H](NC(=O)[C@@H](NC(=O)[C@@H](NC(=O)[C@@H](NC(=O)[C@@H](NC(=O)[C@@H](NC(=O)[C@@H](NC(=O)[C@@H](NC(=O)CNC(=O)[C@@H](NC(=O)[C@@H](NC(=O)[C@@H](NC(=O)[C@@H](NC(=O)[C@@H](NC(=O)[C@@H](NC(=O)[C@@H](NC(=O)[C@@H](NC(=O)[C@@H](NC(=O)[C@@H](NC(=O)[C@@H](NC(=O)[C@H]2N(C(=O)[C@@H](NC(=O)[C@@H](NC(=O)[C@@H](NC(=O)[C@@H]([NH3+])Cc3ccccc3)CO)CC(C)C)CC(C)C)CCC2)Cc2nc[nH]c2)CCSC)C)CC(=O)[O-])CCSC)CO)[C@H](O)C)Cc2ccc(O)cc2)CCSC)Cc2ccccc2)CCCC[NH3+])[C@@H](C)CC)[C@@H](C)CC)CO)Cc2ccccc2)C)CCCC[NH3+])C(C)C)[C@@H](C)CC)CO)Cc2ccc(O)cc2)Cc2ccccc2)CCCNC(=[NH2+])N)C)CC(C)C)CCC1)[C@@H](C)CC)CCC(=O)[O-])CC(=O)[O-])CCC(=O)N)[C@@H](C)CC)CO)CC(C)C)CC(C)C)CCCC[NH3+])C)C)Cc1ccccc1)CCC(=O)[O-])CC(C)C)CS)CCC(=O)N)CC(C)C)CCCNC(=[NH2+])N)Cc1ccccc1)CC(=O)N)[C@H](O)C)C(C)C)Cc1ccccc1)CC(=O)N)C)C)[C@H](O)C)[C@H](O)C)Cc1c[nH]c2ccccc12)CCC(=O)[O-])C(=O)NCC(=O)N[C@@H](CCCNC(=[NH2+])N)C(=O)N[C@@H](C)C(=O)N[C@@H](CO)C(=O)N[C@@H](Cc1ccc(O)cc1)C(=O)N[C@@H](CS)C(=O)N[C@@H](CC(C)C)C(=O)N[C@@H](CCC(=O)[O-])C=O.SC[C@H](NC(=O)[C@@H](NC(=O)[C@@H](NC(=O)[C@@H](NC(=O)[C@@H](NC(=O)[C@@H](NC(=O)[C@@H](NC(=O)[C@@H](NC(=O)[C@@H](NC(=O)[C@@H](NC(=O)[C@@H](NC(=O)[C@@H](NC(=O)[C@@H](NC(=O)[C@@H](NC(=O)[C@@H](NC(=O)[C@@H](NC(=O)[C@@H](NC(=O)[C@@H](NC(=O)[C@@H](NC(=O)[C@@H](NC(=O)[C@@H](NC(=O)[C@@H](NC(=O)[C@@H](NC(=O)[C@@H](NC(=O)CNC(=O)[C@H]1N(C(=O)[C@@H](NC(=O)[C@@H](NC(=O)[C@H]2N(C(=O)[C@@H](NC(=O)[C@@H](NC(=O)[C@@H](NC(=O)[C@@H](NC(=O)[C@@H](NC(=O)[C@@H](NC(=O)[C@@H](NC(=O)[C@@H](NC(=O)[C@@H](NC(=O)[C@@H](NC(=O)[C@@H](NC(=O)[C@@H](NC(=O)[C@@H](NC(=O)[C@@H](NC(=O)[C@@H](NC(=O)[C@@H](NC(=O)[C@@H](NC(=O)[C@@H](NC(=O)[C@@H](NC(=O)[C@@H](NC(=O)[C@@H](NC(=O)[C@@H](NC(=O)[C@@H](NC(=O)[C@@H](NC(=O)[C@@H](NC(=O)[C@@H](NC(=O)[C@@H](NC(=O)[C@@H](NC(=O)[C@H]3N(C(=O)[C@@H](NC(=O)[C@@H](NC(=O)[C@@H](NC(=O)[C@@H](NC(=O)[C@@H](NC(=O)[C@@H]([NH3+])C)CCC(=O)N)C)CC(C)C)C)CCC(=O)[O-])CCC3)CCSC)CC(C)C)CCCC[NH3+])Cc3ccccc3)Cc3nc[nH]c3)Cc3ccc(O)cc3)CCSC)CC(C)C)CCCC[NH3+])CCCC[NH3+])CC(C)C)CCC(=O)N)CC(C)C)Cc3nc[nH]c3)CCC(=O)[O-])CCC(=O)[O-])CCC(=O)[O-])Cc3ccc(O)cc3)C(C)C)CC(C)C)CCSC)CCC(=O)N)C)[C@@H](C)CC)CO)CC(C)C)Cc3ccccc3)CO)CCC2)C)CCCNC(=[NH2+])N)CCC1)C(C)C)CC(C)C)CCC(=O)N)Cc1nc[nH]c1)C)C(C)C)C(C)C)CC(=O)[O-])C)CC(C)C)CCC(=O)N)CCC(=O)[O-])CCC(=O)N)Cc1ccccc1)C)[C@@H](C)CC)[C@H](O)C)CC(C)C)CCCC[NH3+])CO)Cc1ccc(O)cc1)[C@@H](C)CC)CCC(=O)[O-])C(=O)N[C@@H](CC(=O)N)C(=O)N[C@@H](CCCNC(=[NH2+])N)C(=O)N1[C@H](C(=O)N[C@@H](CCC(=O)N)C(=O)N2[C@H](C(=O)N[C@@H](C)C(=O)N[C@@H](Cc3nc[nH]c3)C(=O)N[C@@H](CCCNC(=[NH2+])N)C(=O)N[C@@H](Cc3ccccc3)C(=O)N[C@@H](CC(C)C)C(=O)N[C@@H](Cc3ccccc3)C(=O)N[C@@H](CC(C)C)C(=O)N[C@@H](CCCC[NH3+])C(=O)N[C@@H]([C@@H](C)CC)C(=O)N[C@@H](CCSC)C(=O)N[C@@H](C)C(=O)N[C@@H](CCSC)C(=O)N[C@@H](CC(C)C)C(=O)N[C@@H]([C@H](O)C)C(=O)N[C@@H](CCC(=O)[O-])C(=O)N[C@@H](CC(C)C)C(=O)N[C@@H](CCCNC(=[NH2+])N)C(=O)N[C@@H](CO)C(=O)N[C@@H]([C@@H](C)CC)C(=O)N[C@@H](CC(=O)N)C(=O)N[C@@H](C)C(=O)N[C@@H](C)C(=O)N[C@@H](Cc3nc[nH]c3)C(=O)N[C@@H]([C@H](O)C)C(=O)N[C@@H](CCC(=O)N)C(=O)N[C@@H](CCCNC(=[NH2+])N)C(=O)N[C@@H](CC(C)C)C(=O)N[C@@H](CC(C)C)C(=O)N[C@@H](CCCNC(=[NH2+])N)C(=O)N[C@@H]([C@@H](C)CC)C(=O)N[C@@H](CCC(=O)N)C(=O)N[C@@H](CC(=O)[O-])C(=O)N[C@@H]([C@@H](C)CC)C(=O)N[C@@H](Cc3nc[nH]c3)C(=O)N3[C@H](C(=O)N[C@@H](Cc4ccccc4)C(=O)N[C@@H](C)C(=O)N[C@@H]([C@H](O)C)C(=O)N4[C@H](C(=O)N[C@@H](CC(C)C)C(=O)N[C@@H](CCSC)C(=O)N[C@@H](CCC(=O)N)C(=O)N[C@@H](CCC(=O)[O-])C(=O)N[C@@H](CC(C)C)C(=O)N[C@@H](Cc5ccccc5)C(=O)NCC(=O)N[C@@H]([C@@H](C)CC)C(=O)N[C@@H]([C@H](O)C)C(=O)NCC(=O)N[C@@H](CO)C(=O)[O-])CCC4)CCC3)CCC2)CCC1.S(C)CC[C@H](NC(=O)[C@@H](NC(=O)[C@@H](NC(=O)[C@@H](NC(=O)[C@@H](NC(=O)[C@@H](NC(=O)[C@@H](NC(=O)C[NH3+])CC(C)C)[C@H](O)C)CCC(=O)[O-])C)CCC(=O)N)CCCNC(=[NH2+])N)C(=O)N[C@@H](CCSC)C(=O)N[C@@H]([C@@H](C)CC)C(=O)N[C@@H](CCCNC(=[NH2+])N)C(=O)N[C@@H](CCC(=O)[O-])C(=O)N[C@@H](CC(C)C)C(=O)N[C@@H](CCSC)C(=O)N[C@@H](CC(=O)[O-])C(=O)N[C@@H](C)C(=O)N[C@@H](CCC(=O)N)C(=O)N[C@@H](CCSC)C(=O)N[C@@H](CCCC[NH3+])C(=O)N[C@@H]([C@H](O)C)C(=O)N[C@@H](Cc1ccccc1)C(=O)N[C@@H](CC(=O)[O-])C(=O)N[C@@H]([C@H](O)C)C(=O)N[C@@H]([C@H](O)C)C(=O)N[C@@H](Cc1ccccc1)C(=O)N[C@@H](CO)C(=O)N[C@@H](Cc1nc[nH]c1)C(=O)N[C@@H](Cc1ccccc1)C(=O)N[C@@H](CCCC[NH3+])C(=O)N[C@@H](CC(=O)N)C(=O)N[C@@H](Cc1ccccc1)C(=O)N[C@@H](CCCNC(=[NH2+])N)C(=O)N[C@@H](CC(C)C)C(=O)N1[C@H](C(=O)NCC(=O)N[C@H](C=O)C(C)C)CCC1.OC[C@H](NC(=O)CNC(=O)[C@@H](NC(=O)[C@@H](NC(=O)CNC(=O)[C@@H](NC(=O)[C@@H](NC(=O)[C@@H](NC(=O)[C@@H](NC(=O)[C@@H](NC(=O)[C@@H](NC(=O)[C@@H](NC(=O)[C@@H]([NH3+])CC(C)C)CCCC[NH3+])C(C)C)CO)CC(C)C)CCC(=O)N)CC(C)C)CCCNC(=[NH2+])N)CCC(=O)[O-])CC(=O)[O-])C(=O)N[C@@H](C(C)C)C(=O)N[C@@H](Cc1c[nH]c2ccccc12)C(=O)N[C@@H](CC(=O)N)C(=O)N[C@@H](Cc1ccc(O)cc1)C(=O)N[C@@H](C)C(=O)N1[C@H](C(=O)N2[C@H](C(=O)N[C@@H](C)C=O)CCC2)CCC1"
"PXR_pdbalignments_holo_TIER1_sorted_moesession.moe","2026-05-29 13:43:33","2QNV.A",1,29,400.559,"OC=1C(CC=C(C)C)(CC=C(C)C)C(=O)C(C(=O)C(C)C)=C(O)C=1CC=C(C)C"
"PXR_pdbalignments_holo_TIER1_sorted_moesession.moe","2026-05-29 13:43:33","2QNV.A",20,20,320,"O.O.O.O.O.O.O.O.O.O.O.O.O.O.O.O.O.O.O.O"
"PXR_pdbalignments_holo_TIER1_sorted_moesession.moe","2026-05-29 13:43:33","3R8D.A",264,2105,29941.3,"SC[C@H](NC(=O)[C@@H](NC(=O)[C@@H](NC(=O)[C@@H](NC(=O)CNC(=O)[C@@H](NC(=O)[C@@H](NC(=O)[C@@H](NC(=O)[C@@H](NC(=O)[C@@H](NC(=O)[C@@H](NC(=O)[C@@H](NC(=O)[C@@H](NC(=O)[C@@H](NC(=O)[C@@H](NC(=O)[C@@H](NC(=O)[C@@H](NC(=O)[C@@H](NC(=O)[C@@H](NC(=O)[C@@H](NC(=O)[C@@H](NC(=O)[C@@H](NC(=O)[C@@H](NC(=O)CNC(=O)[C@@H](NC(=O)[C@@H](NC(=O)[C@@H](NC(=O)[C@@H](NC(=O)[C@@H](NC(=O)[C@@H](NC(=O)[C@@H](NC(=O)[C@@H](NC(=O)[C@@H](NC(=O)[C@H]1N(C(=O)[C@@H](NC(=O)[C@@H](NC(=O)[C@@H](NC(=O)[C@@H](NC(=O)[C@@H](NC(=O)[C@@H](NC(=O)[C@@H](NC(=O)[C@@H](NC(=O)[C@@H](NC(=O)[C@@H](NC(=O)[C@@H](NC(=O)[C@@H](NC(=O)[C@@H](NC(=O)[C@@H](NC(=O)CNC(=O)[C@@H](NC(=O)[C@@H](NC(=O)[C@@H](NC(=O)[C@@H](NC(=O)[C@@H](NC(=O)[C@@H](NC(=O)[C@@H](NC(=O)[C@@H](NC(=O)[C@@H](NC(=O)[C@@H](NC(=O)[C@@H](NC(=O)[C@H]2N(C(=O)[C@@H](NC(=O)[C@@H](NC(=O)[C@@H](NC(=O)[C@@H](NC(=O)[C@@H](NC(=O)[C@@H](NC(=O)[C@@H](NC(=O)CNC(=O)CNC(=O)[C@@H](NC(=O)[C@@H](NC(=O)[C@@H](NC(=O)[C@H]3N(C(=O)[C@H]4N(C(=O)[C@@H](NC(=O)[C@@H](NC(=O)[C@@H](NC(=O)[C@@H](NC(=O)[C@@H](NC(=O)[C@@H](NC(=O)CNC(=O)[C@@H](NC(=O)CCCC(=O)[O-])CC(=O)[O-])CO)C(C)C)C)CC(=O)N)Cc5ccc(O)cc5)CCCC[NH3+])CCC4)CCC3)C)C)C)C)C)[C@@H](C)CC)Cc3ccccc3)CO)CC(C)C)CC(C)C)CCC2)Cc2nc[nH]c2)CCSC)C)CC(=O)[O-])CCSC)CO)[C@H](O)C)Cc2ccc(O)cc2)CCSC)Cc2ccccc2)CCCC[NH3+])[C@@H](C)CC)[C@@H](C)CC)CO)Cc2ccccc2)C)CCCC[NH3+])C(C)C)[C@@H](C)CC)CO)Cc2ccc(O)cc2)Cc2ccccc2)CCCNC(=[NH2+])N)CC(=O)[O-])CC(C)C)CCC1)[C@@H](C)CC)CCC(=O)[O-])CC(=O)[O-])CCC(=O)N)[C@@H](C)CC)CO)CC(C)C)CC(C)C)CCCC[NH3+])C)C)Cc1ccccc1)CCC(=O)[O-])CC(C)C)CS)CCC(=O)N)CC(C)C)CCCNC(=[NH2+])N)Cc1ccccc1)CC(=O)N)[C@H](O)C)C(C)C)Cc1ccccc1)CC(=O)N)C)CCC(=O)[O-])[C@H](O)C)[C@H](O)C)Cc1c[nH]c2ccccc12)CCC(=O)[O-])C(=O)NCC(=O)N[C@@H](CCCNC(=[NH2+])N)C(=O)N[C@@H](CC(C)C)C(=O)N[C@@H](CO)C(=O)N[C@@H](Cc1ccc(O)cc1)C(=O)N[C@@H](CS)C(=O)N[C@@H](CC(C)C)C(=O)N[C@@H](CCC(=O)[O-])C=O.SC[C@H](NC(=O)[C@@H](NC(=O)[C@@H](NC(=O)[C@@H](NC(=O)[C@@H](NC(=O)[C@@H](NC(=O)[C@@H](NC(=O)[C@@H](NC(=O)[C@@H](NC(=O)[C@@H](NC(=O)[C@@H](NC(=O)[C@@H](NC(=O)[C@@H](NC(=O)[C@@H](NC(=O)[C@@H](NC(=O)[C@@H](NC(=O)[C@@H](NC(=O)[C@@H](NC(=O)[C@@H](NC(=O)[C@@H](NC(=O)[C@@H](NC(=O)[C@@H](NC(=O)[C@@H](NC(=O)[C@@H](NC(=O)CNC(=O)[C@H]1N(C(=O)[C@@H](NC(=O)[C@@H](NC(=O)[C@H]2N(C(=O)[C@@H](NC(=O)[C@@H](NC(=O)[C@@H](NC(=O)[C@@H](NC(=O)[C@@H](NC(=O)[C@@H](NC(=O)[C@@H](NC(=O)[C@@H](NC(=O)[C@@H](NC(=O)[C@@H](NC(=O)[C@@H](NC(=O)[C@@H](NC(=O)[C@@H](NC(=O)[C@@H](NC(=O)[C@@H](NC(=O)[C@@H](NC(=O)[C@@H](NC(=O)[C@@H](NC(=O)[C@@H](NC(=O)[C@@H](NC(=O)[C@@H](NC(=O)[C@@H](NC(=O)[C@@H](NC(=O)[C@@H](NC(=O)[C@@H](NC(=O)[C@@H](NC(=O)[C@@H](NC(=O)[C@@H](NC(=O)[C@H]3N(C(=O)[C@@H](NC(=O)[C@@H](NC(=O)[C@@H](NC(=O)[C@@H](NC(=O)[C@@H](NC(=O)[C@@H](NC(=O)[C@@H]([NH3+])Cc4ccccc4)C)C)CC(C)C)CC(C)C)CC(C)C)CCC(=O)[O-])CCC3)CCSC)CC(C)C)CCCC[NH3+])Cc3ccccc3)Cc3nc[nH]c3)Cc3ccc(O)cc3)CCSC)CC(C)C)CCCC[NH3+])CCCC[NH3+])CC(C)C)CCC(=O)N)CC(C)C)Cc3nc[nH]c3)CCC(=O)[O-])CCC(=O)[O-])CCC(=O)[O-])Cc3ccc(O)cc3)C(C)C)CC(C)C)CCSC)CCC(=O)N)C)[C@@H](C)CC)CO)CC(C)C)Cc3ccccc3)CO)CCC2)CC(=O)[O-])CCCNC(=[NH2+])N)CCC1)C(C)C)CC(C)C)CCC(=O)N)Cc1nc[nH]c1)CCCNC(=[NH2+])N)C(C)C)C(C)C)CC(=O)[O-])CCC(=O)N)CC(C)C)CCC(=O)N)CCC(=O)[O-])CCC(=O)N)Cc1ccccc1)C)[C@@H](C)CC)[C@H](O)C)CC(C)C)CCCC[NH3+])CO)Cc1ccc(O)cc1)[C@@H](C)CC)CCC(=O)[O-])C(=O)N[C@@H](CC(=O)N)C(=O)N[C@@H](CCCNC(=[NH2+])N)C(=O)N1[C@H](C(=O)N[C@@H](CCC(=O)N)C(=O)N2[C@H](C(=O)N[C@@H](C)C(=O)N[C@@H](Cc3nc[nH]c3)C(=O)N[C@@H](CCCNC(=[NH2+])N)C(=O)N[C@@H](Cc3ccccc3)C(=O)N[C@@H](CC(C)C)C(=O)N[C@@H](Cc3ccccc3)C(=O)N[C@@H](CC(C)C)C(=O)N[C@@H](CCCC[NH3+])C(=O)N[C@@H]([C@@H](C)CC)C(=O)N[C@@H](CCSC)C(=O)N[C@@H](C)C(=O)N[C@@H](CCSC)C(=O)N[C@@H](CC(C)C)C(=O)N[C@@H]([C@H](O)C)C(=O)N[C@@H](CCC(=O)[O-])C(=O)N[C@@H](CC(C)C)C(=O)N[C@@H](CCCNC(=[NH2+])N)C(=O)N[C@@H](CO)C(=O)N[C@@H]([C@@H](C)CC)C(=O)N[C@@H](CC(=O)N)C(=O)N[C@@H](C)C(=O)N[C@@H](CCC(=O)N)C(=O)N[C@@H](Cc3nc[nH]c3)C(=O)N[C@@H]([C@H](O)C)C(=O)N[C@@H](CCC(=O)N)C(=O)N[C@@H](CCCNC(=[NH2+])N)C(=O)N[C@@H](CC(C)C)C(=O)N[C@@H](CC(C)C)C(=O)N[C@@H](CCCNC(=[NH2+])N)C(=O)N[C@@H]([C@@H](C)CC)C(=O)N[C@@H](CCC(=O)N)C(=O)N[C@@H](CC(=O)[O-])C(=O)N[C@@H]([C@@H](C)CC)C(=O)N[C@@H](Cc3nc[nH]c3)C(=O)N3[C@H](C(=O)N[C@@H](Cc4ccccc4)C(=O)N[C@@H](C)C(=O)N[C@@H]([C@H](O)C)C(=O)N4[C@H](C(=O)N[C@@H](CC(C)C)C(=O)N[C@@H](CCSC)C(=O)N[C@@H](CCC(=O)N)C(=O)N[C@@H](CCC(=O)[O-])C(=O)N[C@@H](CC(C)C)C(=O)N[C@@H](Cc5ccccc5)C(=O)NCC(=O)N[C@H](C=O)[C@@H](C)CC)CCC4)CCC3)CCC2)CCC1.S(C)CC[C@H](NC(=O)[C@@H](NC(=O)[C@@H](NC(=O)[C@@H](NC(=O)[C@@H](NC(=O)[C@@H](NC(=O)[C@@H](NC(=O)C[NH3+])CC(C)C)[C@H](O)C)CCC(=O)[O-])CCC(=O)[O-])CCC(=O)N)CCCNC(=[NH2+])N)C(=O)N[C@@H](CCSC)C(=O)N[C@@H]([C@@H](C)CC)C(=O)N[C@@H](CCCNC(=[NH2+])N)C(=O)N[C@@H](CCC(=O)[O-])C(=O)N[C@@H](CC(C)C)C(=O)N[C@@H](CCSC)C(=O)N[C@@H](CC(=O)[O-])C(=O)N[C@@H](C)C(=O)N[C@@H](CCC(=O)N)C(=O)N[C@@H](CCSC)C(=O)N[C@@H](CCCC[NH3+])C(=O)N[C@@H]([C@H](O)C)C(=O)N[C@@H](Cc1ccccc1)C(=O)N[C@@H](CC(=O)[O-])C(=O)N[C@@H]([C@H](O)C)C(=O)N[C@@H]([C@H](O)C)C(=O)N[C@@H](Cc1ccccc1)C(=O)N[C@@H](CO)C(=O)N[C@@H](Cc1nc[nH]c1)C(=O)N[C@@H](Cc1ccccc1)C(=O)N[C@@H](CCCC[NH3+])C(=O)N[C@@H](CC(=O)N)C(=O)N[C@@H](Cc1ccccc1)C(=O)N[C@@H](CCCNC(=[NH2+])N)C(=O)N[C@@H](CC(C)C)C(=O)N1[C@H](C(=O)NCC=O)CCC1.OC[C@H](NC(=O)[C@@H](NC(=O)[C@@H](NC(=O)[C@@H](NC(=O)[C@@H](NC(=O)[C@@H](NC(=O)[C@@H](NC(=O)[C@@H](NC(=O)[C@@H](NC(=O)[C@@H](NC(=O)[C@@H]([NH3+])C)C)CO)C)C(C)C)C)C)CC(=O)[O-])CC(C)C)C)C(=O)N[C@@H](C)C(=O)N[C@@H](CCCC[NH3+])C(=O)N[C@@H](C(C)C)C(=O)N[C@@H](CO)C(=O)N[C@@H](CC(C)C)C(=O)N[C@@H](CCC(=O)N)C(=O)N[C@@H](CC(C)C)C(=O)N[C@@H](CCCNC(=[NH2+])N)C(=O)NCC=O"
"PXR_pdbalignments_holo_TIER1_sorted_moesession.moe","2026-05-29 13:43:33","3R8D.A",1,20,306.777,"Clc1nc(S[C@@H](C)c2ncc3occc3c2)nc(N)c1"
"PXR_pdbalignments_holo_TIER1_sorted_moesession.moe","2026-05-29 13:43:33","3R8D.A",15,15,240,"O.O.O.O.O.O.O.O.O.O.O.O.O.O.O"
"PXR_pdbalignments_holo_TIER1_sorted_moesession.moe","2026-05-29 13:43:33","4X1F.A",271,2134,30352.5,"SC[C@H](NC(=O)[C@@H](NC(=O)[C@@H](NC(=O)[C@@H](NC(=O)CNC(=O)[C@@H](NC(=O)[C@@H](NC(=O)[C@@H](NC(=O)[C@@H](NC(=O)[C@@H](NC(=O)[C@@H](NC(=O)[C@@H](NC(=O)[C@@H](NC(=O)[C@@H](NC(=O)[C@@H](NC(=O)[C@@H](NC(=O)[C@@H](NC(=O)[C@@H](NC(=O)[C@@H](NC(=O)[C@@H](NC(=O)[C@@H](NC(=O)[C@@H](NC(=O)[C@@H](NC(=O)CNC(=O)[C@@H](NC(=O)[C@@H](NC(=O)[C@@H](NC(=O)[C@@H](NC(=O)[C@@H](NC(=O)[C@@H](NC(=O)[C@@H](NC(=O)[C@@H](NC(=O)[C@@H](NC(=O)[C@H]1N(C(=O)[C@@H](NC(=O)[C@@H](NC(=O)[C@@H](NC(=O)[C@@H](NC(=O)[C@@H](NC(=O)[C@@H](NC(=O)[C@@H](NC(=O)[C@@H](NC(=O)[C@@H](NC(=O)[C@@H](NC(=O)[C@@H](NC(=O)[C@@H](NC(=O)[C@@H](NC(=O)[C@@H](NC(=O)CNC(=O)[C@@H](NC(=O)[C@@H](NC(=O)[C@@H](NC(=O)[C@@H](NC(=O)[C@@H](NC(=O)[C@@H](NC(=O)[C@@H](NC(=O)[C@@H](NC(=O)[C@@H](NC(=O)[C@@H](NC(=O)[C@@H](NC(=O)[C@H]2N(C(=O)[C@@H](NC(=O)[C@@H](NC(=O)[C@@H](NC(=O)[C@@H](NC(=O)[C@@H](NC(=O)[C@@H](NC(=O)[C@@H](NC(=O)CNC(=O)CNC(=O)[C@@H](NC(=O)[C@@H](NC(=O)[C@@H](NC(=O)[C@H]3N(C(=O)[C@H]4N(C(=O)[C@@H](NC(=O)[C@@H](NC(=O)[C@@H](NC(=O)[C@@H](NC(=O)[C@@H](NC(=O)[C@@H](NC(=O)CNC(=O)[C@@H](NC(=O)[C@@H](NC(=O)CNC(=O)[C@@H](NC(=O)[C@@H](NC(=O)[C@@H](NC(=O)[C@@H](NC(=O)[C@@H](NC(=O)[C@@H](NC(=O)[C@@H](NC(=O)[C@@H](NC(=O)[C@@H](NC(=O)[C@@H](NC(=O)[C@@H](NC(=O)[C@@H](NC(=O)[C@@H](NC(=O)[C@@H](NC(=O)[C@@H](NC(=O)[C@@H](NC(=O)[C@@H](NC(=O)[C@@H](NC(=O)[C@@H](NC(=O)[C@@H](NC(=O)[C@@H](NC(=O)[C@@H]([NH3+])CCC(=O)[O-])C)C)CCCC[NH3+])Cc5c[nH]c6ccccc56)CO)CCC(=O)N)C(C)C)CCCNC(=[NH2+])N)C)CC(=O)[O-])CC(C)C)CS)CO)C)C)C(C)C)CO)CC(C)C)CCC(=O)N)CC(C)C)CCCNC(=[NH2+])N)C)CC(=O)[O-])CO)C(C)C)Cc5c[nH]c6ccccc56)CC(=O)N)Cc5ccc(O)cc5)CC)CCC4)CCC3)C)CC(=O)[O-])C)C)CCC(=O)[O-])[C@@H](C)CC)Cc3ccccc3)CO)CC(C)C)CC(C)C)CCC2)Cc2nc[nH]c2)CCSC)C)CC(=O)[O-])CCSC)CO)[C@H](O)C)Cc2ccc(O)cc2)CCSC)Cc2ccccc2)CCCC[NH3+])[C@@H](C)CC)[C@@H](C)CC)CO)Cc2ccccc2)C)CCC)C(C)C)[C@@H](C)CC)CO)Cc2ccc(O)cc2)Cc2ccccc2)CCCNC(=[NH2+])N)CC(=O)[O-])CC(C)C)CCC1)[C@@H](C)CC)CCC(=O)[O-])CC(=O)[O-])CCC(=O)N)[C@@H](C)CC)CO)CC(C)C)CC(C)C)CCCC[NH3+])C)C)Cc1ccccc1)CCC(=O)[O-])CC(C)C)CS)CCC(=O)N)CC(C)C)CCCNC(=[NH2+])N)Cc1ccccc1)CC(=O)N)[C@H](O)C)C(C)C)Cc1ccccc1)CC(=O)N)C)CCC(=O)[O-])[C@H](O)C)[C@H](O)C)Cc1c[nH]c2ccccc12)CCC(=O)[O-])C(=O)NCC(=O)N[C@@H](C)C(=O)N[C@@H](CC(C)C)C(=O)N[C@@H](CO)C(=O)N[C@@H](Cc1ccc(O)cc1)C(=O)N[C@@H](CS)C(=O)N[C@@H](CC(C)C)C(=O)N[C@@H](CCC(=O)[O-])C(=O)N[C@@H](C)C=O.SC[C@H](NC(=O)[C@@H](NC(=O)[C@@H](NC(=O)[C@@H](NC(=O)[C@@H](NC(=O)[C@@H](NC(=O)[C@@H](NC(=O)[C@@H](NC(=O)[C@@H](NC(=O)[C@@H](NC(=O)[C@@H](NC(=O)[C@@H](NC(=O)[C@@H](NC(=O)[C@@H](NC(=O)[C@@H](NC(=O)[C@@H](NC(=O)[C@@H](NC(=O)[C@@H](NC(=O)[C@@H](NC(=O)[C@@H](NC(=O)[C@@H](NC(=O)[C@@H](NC(=O)[C@@H](NC(=O)[C@@H](NC(=O)CNC(=O)[C@H]1N(C(=O)[C@@H](NC(=O)[C@@H](NC(=O)[C@H]2N(C(=O)[C@@H](NC(=O)[C@@H](NC(=O)[C@@H](NC(=O)[C@@H](NC(=O)[C@@H](NC(=O)[C@@H](NC(=O)[C@@H](NC(=O)[C@@H](NC(=O)[C@@H](NC(=O)[C@@H](NC(=O)[C@@H](NC(=O)[C@@H](NC(=O)[C@@H](NC(=O)[C@@H](NC(=O)[C@@H](NC(=O)[C@@H](NC(=O)[C@@H](NC(=O)[C@@H](NC(=O)[C@@H](NC(=O)[C@@H](NC(=O)[C@@H](NC(=O)[C@@H](NC(=O)[C@@H](NC(=O)[C@@H](NC(=O)[C@@H](NC(=O)[C@@H](NC(=O)[C@@H](NC(=O)[C@@H](NC(=O)[C@H]3N(C(=O)[C@@H](NC(=O)[C@@H](NC(=O)[C@@H](NC(=O)[C@@H](NC(=O)[C@@H](NC(=O)[C@@H]([NH3+])CCC(=O)N)C)C)CC(C)C)CC(C)C)CCC(=O)[O-])CCC3)CCSC)CC(C)C)CCC)Cc3ccccc3)Cc3nc[nH]c3)Cc3ccc(O)cc3)CCSC)CC(C)C)CCCC[NH3+])CCC)CC(C)C)CCC(=O)N)CC(C)C)Cc3nc[nH]c3)CCC(=O)[O-])CCC(=O)[O-])CCC(=O)[O-])Cc3ccc(O)cc3)C(C)C)CC(C)C)CCSC)CCC(=O)N)C)[C@@H](C)CC)CO)CC(C)C)Cc3ccccc3)CO)CCC2)CC(=O)[O-])CCCNC(=[NH2+])N)CCC1)C(C)C)CC(C)C)CCC(=O)N)C)C)C(C)C)C(C)C)CC(=O)[O-])CCC(=O)N)CC(C)C)CCC(=O)N)CCC(=O)[O-])CCC(=O)N)Cc1ccccc1)C)[C@@H](C)CC)[C@H](O)C)CC(C)C)CCCC[NH3+])CO)Cc1ccc(O)cc1)[C@@H](C)CC)CCC(=O)[O-])C(=O)N[C@@H](CC(=O)N)C(=O)N[C@@H](CCCNC(=[NH2+])N)C(=O)N1[C@H](C(=O)N[C@@H](CCC(=O)N)C(=O)N2[C@H](C(=O)N[C@@H](C)C(=O)N[C@@H](Cc3nc[nH]c3)C(=O)N[C@@H](CCCNC(=[NH2+])N)C(=O)N[C@@H](Cc3ccccc3)C(=O)N[C@@H](CC(C)C)C(=O)N[C@@H](Cc3ccccc3)C(=O)N[C@@H](CC(C)C)C(=O)N[C@@H](CCCC[NH3+])C(=O)N[C@@H]([C@@H](C)CC)C(=O)N[C@@H](CCSC)C(=O)N[C@@H](C)C(=O)N[C@@H](CCSC)C(=O)N[C@@H](CC(C)C)C(=O)N[C@@H]([C@H](O)C)C(=O)N[C@@H](CCC(=O)[O-])C(=O)N[C@@H](CC(C)C)C(=O)N[C@@H](CCCNC(=[NH2+])N)C(=O)N[C@@H](CO)C(=O)N[C@@H]([C@@H](C)CC)C(=O)N[C@@H](CC(=O)N)C(=O)N[C@@H](C)C(=O)N[C@@H](CCC(=O)N)C(=O)N[C@@H](Cc3nc[nH]c3)C(=O)N[C@@H]([C@H](O)C)C(=O)N[C@@H](CCC(=O)N)C(=O)N[C@@H](CCCNC(=[NH2+])N)C(=O)N[C@@H](CC(C)C)C(=O)N[C@@H](CC(C)C)C(=O)N[C@@H](CCCNC(=[NH2+])N)C(=O)N[C@@H]([C@@H](C)CC)C(=O)N[C@@H](CCC(=O)N)C(=O)N[C@@H](CC(=O)[O-])C(=O)N[C@@H]([C@@H](C)CC)C(=O)N[C@@H](Cc3nc[nH]c3)C(=O)N3[C@H](C(=O)N[C@@H](Cc4ccccc4)C(=O)N[C@@H](C)C(=O)N[C@@H]([C@H](O)C)C(=O)N4[C@H](C(=O)N[C@@H](CC(C)C)C(=O)N[C@@H](CCSC)C(=O)N[C@@H](CCC(=O)N)C(=O)N[C@@H](CCC(=O)[O-])C(=O)N[C@@H](CC(C)C)C(=O)N[C@@H](Cc5ccccc5)C(=O)NCC(=O)N[C@@H]([C@@H](C)CC)C(=O)N[C@@H]([C@H](O)C)C(=O)NCC(=O)N[C@@H](CO)C=O)CCC4)CCC3)CCC2)CCC1.S(C)CC[C@H](NC(=O)[C@@H](NC(=O)[C@@H](NC(=O)[C@@H](NC(=O)[C@@H](NC(=O)[C@@H](NC(=O)[C@@H](NC(=O)C[NH3+])CC(C)C)[C@H](O)C)CCC(=O)[O-])C)CCC(=O)N)CCCNC(=[NH2+])N)C(=O)N[C@@H](CCSC)C(=O)N[C@@H]([C@@H](C)CC)C(=O)N[C@@H](C)C(=O)N[C@@H](CCC(=O)[O-])C(=O)N[C@@H](CC(C)C)C(=O)N[C@@H](CCSC)C(=O)N[C@@H](CC(=O)[O-])C(=O)N[C@@H](C)C(=O)N[C@@H](CCC(=O)N)C(=O)N[C@@H](CCSC)C(=O)N[C@@H](CCCC[NH3+])C(=O)N[C@@H]([C@H](O)C)C(=O)N[C@@H](Cc1ccccc1)C(=O)N[C@@H](CC(=O)[O-])C(=O)N[C@@H]([C@H](O)C)C(=O)N[C@@H]([C@H](O)C)C(=O)N[C@@H](Cc1ccccc1)C(=O)N[C@@H](CO)C(=O)N[C@@H](Cc1nc[nH]c1)C(=O)N[C@@H](Cc1ccccc1)C(=O)N[C@@H](C)C(=O)N[C@@H](CC(=O)N)C(=O)N[C@@H](Cc1ccccc1)C(=O)N[C@@H](CCCNC(=[NH2+])N)C(=O)N[C@@H](CC(C)C)C(=O)N1[C@H](C(=O)NCC(=O)N[C@@H](C)C=O)CCC1"
"PXR_pdbalignments_holo_TIER1_sorted_moesession.moe","2026-05-29 13:43:33","4X1F.A",1,22,296.41,"Oc1ccc2[C@H]3CC[C@]4(C)[C@](O)(C#C)CC[C@H]4[C@@H]3CCc2c1"
"PXR_pdbalignments_holo_TIER1_sorted_moesession.moe","2026-05-29 13:43:33","4X1F.A",170,170,2720,"O.O.O.O.O.O.O.O.O.O.O.O.O.O.O.O.O.O.O.O.O.O.O.O.O.O.O.O.O.O.O.O.O.O.O.O.O.O.O.O.O.O.O.O.O.O.O.O.O.O.O.O.O.O.O.O.O.O.O.O.O.O.O.O.O.O.O.O.O.O.O.O.O.O.O.O.O.O.O.O.O.O.O.O.O.O.O.O.O.O.O.O.O.O.O.O.O.O.O.O.O.O.O.O.O.O.O.O.O.O.O.O.O.O.O.O.O.O.O.O.O.O.O.O.O.O.O.O.O.O.O.O.O.O.O.O.O.O.O.O.O.O.O.O.O.O.O.O.O.O.O.O.O.O.O.O.O.O.O.O.O.O.O.O.O.O.O.O.O.O"
"PXR_pdbalignments_holo_TIER1_sorted_moesession.moe","2026-05-29 13:43:33","4XHD.A",268,2176,30946.5,"SC[C@H](NC(=O)[C@@H](NC(=O)[C@@H](NC(=O)[C@@H](NC(=O)CNC(=O)[C@@H](NC(=O)[C@@H](NC(=O)[C@@H](NC(=O)[C@@H](NC(=O)[C@@H](NC(=O)[C@@H](NC(=O)[C@@H](NC(=O)[C@@H](NC(=O)[C@@H](NC(=O)[C@@H](NC(=O)[C@@H](NC(=O)[C@@H](NC(=O)[C@@H](NC(=O)[C@@H](NC(=O)[C@@H](NC(=O)[C@@H](NC(=O)[C@@H](NC(=O)[C@@H](NC(=O)CNC(=O)[C@@H](NC(=O)[C@@H](NC(=O)[C@@H](NC(=O)[C@@H](NC(=O)[C@@H](NC(=O)[C@@H](NC(=O)[C@@H](NC(=O)[C@@H](NC(=O)[C@@H](NC(=O)[C@H]1N(C(=O)[C@@H](NC(=O)[C@@H](NC(=O)[C@@H](NC(=O)[C@@H](NC(=O)[C@@H](NC(=O)[C@@H](NC(=O)[C@@H](NC(=O)[C@@H](NC(=O)[C@@H](NC(=O)[C@@H](NC(=O)[C@@H](NC(=O)[C@@H](NC(=O)[C@@H](NC(=O)[C@@H](NC(=O)CNC(=O)[C@@H](NC(=O)[C@@H](NC(=O)[C@@H](NC(=O)[C@@H](NC(=O)[C@@H](NC(=O)[C@@H](NC(=O)[C@@H](NC(=O)[C@@H](NC(=O)[C@@H](NC(=O)[C@@H](NC(=O)[C@@H](NC(=O)[C@H]2N(C(=O)[C@@H](NC(=O)[C@@H](NC(=O)[C@@H](NC(=O)[C@@H](NC(=O)[C@@H](NC(=O)[C@@H](NC(=O)[C@@H](NC(=O)CNC(=O)CNC(=O)[C@@H](NC(=O)[C@@H](NC(=O)[C@@H](NC(=O)[C@H]3N(C(=O)[C@H]4N(C(=O)[C@@H](NC(=O)[C@@H](NC(=O)[C@@H](NC(=O)[C@@H](NC(=O)[C@@H](NC(=O)[C@@H](NC(=O)CNC(=O)[C@@H](NC(=O)[C@@H](NC(=O)CNC(=O)[C@@H](NC(=O)[C@@H](NC(=O)[C@@H](NC(=O)[C@@H](NC(=O)[C@@H](NC(=O)[C@@H](NC(=O)[C@@H](NC(=O)[C@@H](NC(=O)[C@@H](NC(=O)[C@@H](NC(=O)[C@@H](NC(=O)[C@@H](NC(=O)[C@@H](NC(=O)[C@@H](NC(=O)[C@@H](NC(=O)[C@@H](NC(=O)[C@@H](NC(=O)[C@@H](NC(=O)[C@@H](NC(=O)[C@@H]([NH3+])C)CCCC[NH3+])Cc5c[nH]c6ccccc56)CO)CCC(=O)N)C(C)C)CCCNC(=[NH2+])N)CCCC[NH3+])CC(=O)[O-])CC(C)C)CS)CO)CC(C)C)CCC)C(C)C)CO)CC(C)C)CCC(=O)N)CC(C)C)CCCNC(=[NH2+])N)CCC(=O)[O-])CC(=O)[O-])CO)C(C)C)Cc5c[nH]c6ccccc56)CC(=O)N)Cc5ccc(O)cc5)CCCC[NH3+])CCC4)CCC3)C)CC(=O)[O-])CO)CCCC[NH3+])CCC(=O)[O-])[C@@H](C)CC)Cc3ccccc3)CO)CC(C)C)CC(C)C)CCC2)Cc2nc[nH]c2)CCSC)C)CC(=O)[O-])CCSC)CO)[C@H](O)C)Cc2ccc(O)cc2)CCSC)Cc2ccccc2)CCCC[NH3+])[C@@H](C)CC)[C@@H](C)CC)CO)Cc2ccccc2)C)CCCC[NH3+])C(C)C)[C@@H](C)CC)CO)Cc2ccc(O)cc2)Cc2ccccc2)CCCNC(=[NH2+])N)CC(=O)[O-])CC(C)C)CCC1)[C@@H](C)CC)CCC(=O)[O-])CC(=O)[O-])CCC(=O)N)[C@@H](C)CC)CO)CC(C)C)CC(C)C)CCCC[NH3+])C)C)Cc1ccccc1)CCC(=O)[O-])CC(C)C)CS)CCC(=O)N)CC(C)C)CCCNC(=[NH2+])N)Cc1ccccc1)CC(=O)N)[C@H](O)C)C(C)C)Cc1ccccc1)CC(=O)N)C)CCC(=O)[O-])[C@H](O)C)[C@H](O)C)Cc1c[nH]c2ccccc12)CCC(=O)[O-])C(=O)NCC(=O)N[C@@H](CCCNC(=[NH2+])N)C(=O)N[C@@H](CC(C)C)C(=O)N[C@@H](CO)C(=O)N[C@@H](Cc1ccc(O)cc1)C(=O)N[C@@H](CS)C(=O)N[C@@H](CC(C)C)C(=O)N[C@@H](CCC(=O)[O-])C=O.SC[C@H](NC(=O)[C@@H](NC(=O)[C@@H](NC(=O)[C@@H](NC(=O)[C@@H](NC(=O)[C@@H](NC(=O)[C@@H](NC(=O)[C@@H](NC(=O)[C@@H](NC(=O)[C@@H](NC(=O)[C@@H](NC(=O)[C@@H](NC(=O)[C@@H](NC(=O)[C@@H](NC(=O)[C@@H](NC(=O)[C@@H](NC(=O)[C@@H](NC(=O)[C@@H](NC(=O)[C@@H](NC(=O)[C@@H](NC(=O)[C@@H](NC(=O)[C@@H](NC(=O)[C@@H](NC(=O)[C@@H](NC(=O)CNC(=O)[C@H]1N(C(=O)[C@@H](NC(=O)[C@@H](NC(=O)[C@H]2N(C(=O)[C@@H](NC(=O)[C@@H](NC(=O)[C@@H](NC(=O)[C@@H](NC(=O)[C@@H](NC(=O)[C@@H](NC(=O)[C@@H](NC(=O)[C@@H](NC(=O)[C@@H](NC(=O)[C@@H](NC(=O)[C@@H](NC(=O)[C@@H](NC(=O)[C@@H](NC(=O)[C@@H](NC(=O)[C@@H](NC(=O)[C@@H](NC(=O)[C@@H](NC(=O)[C@@H](NC(=O)[C@@H](NC(=O)[C@@H](NC(=O)[C@@H](NC(=O)[C@@H](NC(=O)[C@@H](NC(=O)[C@@H](NC(=O)[C@@H](NC(=O)[C@@H](NC(=O)[C@@H](NC(=O)[C@@H](NC(=O)[C@H]3N(C(=O)[C@@H](NC(=O)[C@@H](NC(=O)[C@@H](NC(=O)[C@@H](NC(=O)[C@@H](NC(=O)[C@@H](NC(=O)[C@@H](NC(=O)C[NH3+])Cc4ccccc4)CCC(=O)N)CCC(=O)N)CC(C)C)CC(C)C)CC(C)C)CCC(=O)[O-])CCC3)CCSC)CC(C)C)CCCC[NH3+])Cc3ccccc3)Cc3nc[nH]c3)Cc3ccc(O)cc3)CCSC)CC(C)C)CCCC[NH3+])CCCC[NH3+])CC(C)C)CCC(=O)N)CC(C)C)Cc3nc[nH]c3)CCC(=O)[O-])CCC(=O)[O-])CCC(=O)[O-])Cc3ccc(O)cc3)C(C)C)CC(C)C)CCSC)CCC(=O)N)C)[C@@H](C)CC)CO)CC(C)C)Cc3ccccc3)CO)CCC2)CC(=O)[O-])CCCNC(=[NH2+])N)CCC1)C(C)C)CC(C)C)CCC(=O)N)C)CC)C(C)C)C(C)C)CC(=O)[O-])CCC(=O)N)CC(C)C)CCC(=O)N)CCC(=O)[O-])CCC(=O)N)Cc1ccccc1)C)[C@@H](C)CC)[C@H](O)C)CC(C)C)CCCC[NH3+])CO)Cc1ccc(O)cc1)[C@@H](C)CC)CCC(=O)[O-])C(=O)N[C@@H](CC(=O)N)C(=O)N[C@@H](CCCNC(=[NH2+])N)C(=O)N1[C@H](C(=O)N[C@@H](CCC(=O)N)C(=O)N2[C@H](C(=O)N[C@@H](C)C(=O)N[C@@H](Cc3nc[nH]c3)C(=O)N[C@@H](CCCNC(=[NH2+])N)C(=O)N[C@@H](Cc3ccccc3)C(=O)N[C@@H](CC(C)C)C(=O)N[C@@H](Cc3ccccc3)C(=O)N[C@@H](CC(C)C)C(=O)N[C@@H](CCCC[NH3+])C(=O)N[C@@H]([C@@H](C)CC)C(=O)N[C@@H](CCSC)C(=O)N[C@@H](C)C(=O)N[C@@H](CCSC)C(=O)N[C@@H](CC(C)C)C(=O)N[C@@H]([C@H](O)C)C(=O)N[C@@H](CCC(=O)[O-])C(=O)N[C@@H](CC(C)C)C(=O)N[C@@H](CCCNC(=[NH2+])N)C(=O)N[C@@H](CO)C(=O)N[C@@H]([C@@H](C)CC)C(=O)N[C@@H](CC(=O)N)C(=O)N[C@@H](C)C(=O)N[C@@H](CCC(=O)N)C(=O)N[C@@H](Cc3nc[nH]c3)C(=O)N[C@@H]([C@H](O)C)C(=O)N[C@@H](CCC(=O)N)C(=O)N[C@@H](CCCNC(=[NH2+])N)C(=O)N[C@@H](CC(C)C)C(=O)N[C@@H](CC(C)C)C(=O)N[C@@H](CCCNC(=[NH2+])N)C(=O)N[C@@H]([C@@H](C)CC)C(=O)N[C@@H](CCC(=O)N)C(=O)N[C@@H](CC(=O)[O-])C(=O)N[C@@H]([C@@H](C)CC)C(=O)N[C@@H](Cc3nc[nH]c3)C(=O)N3[C@H](C(=O)N[C@@H](Cc4ccccc4)C(=O)N[C@@H](C)C(=O)N[C@@H]([C@H](O)C)C(=O)N4[C@H](C(=O)N[C@@H](CC(C)C)C(=O)N[C@@H](CCSC)C(=O)N[C@@H](CCC(=O)N)C(=O)N[C@@H](CCC(=O)[O-])C(=O)N[C@@H](CC(C)C)C(=O)N[C@@H](Cc5ccccc5)C(=O)NCC(=O)N[C@H](C=O)[C@@H](C)CC)CCC4)CCC3)CCC2)CCC1.S(C)CC[C@H](NC(=O)[C@@H](NC(=O)[C@@H](NC(=O)[C@@H](NC(=O)[C@@H](NC(=O)[C@@H](NC(=O)[C@@H](NC(=O)C[NH3+])CC(C)C)[C@H](O)C)CCC(=O)[O-])CCC(=O)[O-])CCC(=O)N)CCCNC(=[NH2+])N)C(=O)N[C@@H](CCSC)C(=O)N[C@@H]([C@@H](C)CC)C(=O)N[C@@H](CCCNC(=[NH2+])N)C(=O)N[C@@H](CCC(=O)[O-])C(=O)N[C@@H](CC(C)C)C(=O)N[C@@H](CCSC)C(=O)N[C@@H](CC(=O)[O-])C(=O)N[C@@H](C)C(=O)N[C@@H](CCC(=O)N)C(=O)N[C@@H](CCSC)C(=O)N[C@@H](CCCC[NH3+])C(=O)N[C@@H]([C@H](O)C)C(=O)N[C@@H](Cc1ccccc1)C(=O)N[C@@H](CC(=O)[O-])C(=O)N[C@@H]([C@H](O)C)C(=O)N[C@@H]([C@H](O)C)C(=O)N[C@@H](Cc1ccccc1)C(=O)N[C@@H](CO)C(=O)N[C@@H](Cc1nc[nH]c1)C(=O)N[C@@H](Cc1ccccc1)C(=O)N[C@@H](CCC)C(=O)N[C@@H](CC(=O)N)C(=O)N[C@@H](Cc1ccccc1)C(=O)N[C@@H](CCCNC(=[NH2+])N)C(=O)N[C@@H](CC(C)C)C(=O)N1[C@H](C(=O)NCC(=O)N[C@@H](C(C)C)C(=O)N[C@@H](CC(C)C)C=O)CCC1"
"PXR_pdbalignments_holo_TIER1_sorted_moesession.moe","2026-05-29 13:43:33","4XHD.A",1,29,420.981,"Clc1ccc([C@]2(O)C(C)(C)CN(C(=O)[C@H](NC(=O)CC3CC3)C(C)C)CC2)cc1"
"PXR_pdbalignments_holo_TIER1_sorted_moesession.moe","2026-05-29 13:43:33","4XHD.A",68,68,1088,"O.O.O.O.O.O.O.O.O.O.O.O.O.O.O.O.O.O.O.O.O.O.O.O.O.O.O.O.O.O.O.O.O.O.O.O.O.O.O.O.O.O.O.O.O.O.O.O.O.O.O.O.O.O.O.O.O.O.O.O.O.O.O.O.O.O.O.O"
"PXR_pdbalignments_holo_TIER1_sorted_moesession.moe","2026-05-29 13:43:33","5X0R.A",237,1881,26774.7,"SCC[C@H](NC(=O)[C@@H](NC(=O)[C@@H](NC(=O)[C@@H](NC(=O)[C@@H](NC(=O)[C@@H](NC(=O)[C@@H](NC(=O)C[NH3+])CC(C)C)[C@H](O)C)CCC(=O)[O-])CCC(=O)[O-])CCC(=O)N)C)C(=O)N[C@@H](CCSC)C(=O)N[C@@H]([C@@H](C)CC)C(=O)N[C@@H](CCCNC(=[NH2+])N)C(=O)N[C@@H](CCC(=O)[O-])C(=O)N[C@@H](CC(C)C)C(=O)N[C@@H](CCSC)C(=O)N[C@@H](CC(=O)[O-])C(=O)N[C@@H](C)C(=O)N[C@@H](CCC(=O)N)C(=O)N[C@@H](CCS)C(=O)N[C@@H](CCCC[NH3+])C(=O)N[C@@H]([C@H](O)C)C(=O)N[C@@H](Cc1ccccc1)C(=O)N[C@@H](CC(=O)[O-])C(=O)N[C@@H]([C@H](O)C)C(=O)N[C@@H]([C@H](O)C)C(=O)N[C@@H](Cc1ccccc1)C(=O)N[C@@H](CO)C(=O)N[C@@H](Cc1nc[nH]c1)C(=O)N[C@@H](Cc1ccccc1)C(=O)N[C@@H](CCCC[NH3+])C(=O)N[C@@H](CC(=O)N)C(=O)N[C@@H](Cc1ccccc1)C(=O)N[C@@H](CCCNC(=[NH2+])N)C(=O)N[C@@H](CC(C)C)C(=O)N1[C@H](C(=O)NCC(=O)N[C@H](C=O)C(C)C)CCC1.SC[C@H](NC(=O)[C@@H](NC(=O)[C@@H](NC(=O)[C@@H](NC(=O)CNC(=O)[C@@H](NC(=O)[C@@H](NC(=O)[C@@H](NC(=O)[C@@H](NC(=O)[C@@H](NC(=O)[C@@H](NC(=O)[C@@H](NC(=O)[C@@H](NC(=O)[C@@H](NC(=O)[C@@H](NC(=O)[C@@H](NC(=O)[C@@H](NC(=O)[C@@H](NC(=O)[C@@H](NC(=O)[C@@H](NC(=O)[C@@H](NC(=O)[C@@H](NC(=O)[C@@H](NC(=O)CNC(=O)[C@@H](NC(=O)[C@@H](NC(=O)[C@@H](NC(=O)[C@@H](NC(=O)[C@@H](NC(=O)[C@@H](NC(=O)[C@@H](NC(=O)[C@@H](NC(=O)[C@@H](NC(=O)[C@H]1N(C(=O)[C@@H](NC(=O)[C@@H](NC(=O)[C@@H](NC(=O)[C@@H](NC(=O)[C@@H](NC(=O)[C@@H](NC(=O)[C@@H](NC(=O)[C@@H](NC(=O)[C@@H](NC(=O)[C@@H](NC(=O)[C@@H](NC(=O)[C@@H](NC(=O)[C@@H](NC(=O)[C@@H](NC(=O)CNC(=O)[C@@H](NC(=O)[C@@H](NC(=O)[C@@H](NC(=O)[C@@H](NC(=O)[C@@H](NC(=O)[C@@H](NC(=O)[C@@H](NC(=O)[C@@H](NC(=O)[C@@H](NC(=O)[C@@H](NC(=O)[C@@H](NC(=O)[C@H]2N(C(=O)[C@@H](NC(=O)[C@@H](NC(=O)[C@@H]([NH3+])CO)CC(C)C)CC(C)C)CCC2)Cc2nc[nH]c2)CCSC)C)CC(=O)[O-])CCSC)CO)[C@H](O)C)Cc2ccc(O)cc2)CCSC)Cc2ccccc2)CCCC[NH3+])C(C)C)[C@@H](C)CC)CO)Cc2ccccc2)C)CCCC[NH3+])C(C)C)[C@@H](C)CC)CO)Cc2ccc(O)cc2)Cc2ccccc2)CCCNC(=[NH2+])N)CC(=O)[O-])CC(C)C)CCC1)[C@@H](C)CC)C)CC(=O)[O-])CCC(=O)N)[C@@H](C)CC)CO)CC(C)C)CC(C)C)CCCC[NH3+])C)C)Cc1ccccc1)CCC(=O)[O-])CC(C)C)CS)CCC(=O)N)CC(C)C)CCCNC(=[NH2+])N)Cc1ccccc1)CC(=O)N)[C@H](O)C)C(C)C)Cc1ccccc1)CC(=O)N)C)CCC(=O)[O-])[C@H](O)C)[C@H](O)C)Cc1c[nH]c2ccccc12)CCC(=O)[O-])C(=O)NCC(=O)N[C@@H](CCCNC(=[NH2+])N)C(=O)N[C@@H](CC(C)C)C(=O)N[C@@H](CO)C(=O)N[C@@H](Cc1ccc(O)cc1)C(=O)N[C@@H](CS)C(=O)N[C@@H](CC(C)C)C=O.SC[C@H](NC(=O)[C@@H](NC(=O)[C@@H](NC(=O)[C@@H](NC(=O)[C@@H](NC(=O)[C@@H](NC(=O)[C@@H](NC(=O)[C@@H](NC(=O)[C@@H](NC(=O)[C@@H](NC(=O)[C@@H](NC(=O)[C@@H](NC(=O)[C@@H](NC(=O)[C@@H](NC(=O)[C@@H](NC(=O)[C@@H](NC(=O)[C@@H](NC(=O)[C@@H](NC(=O)[C@@H](NC(=O)[C@@H](NC(=O)[C@@H](NC(=O)[C@@H](NC(=O)[C@@H](NC(=O)[C@@H](NC(=O)CNC(=O)[C@H]1N(C(=O)[C@@H](NC(=O)[C@@H](NC(=O)[C@H]2N(C(=O)[C@@H](NC(=O)[C@@H](NC(=O)[C@@H](NC(=O)[C@@H](NC(=O)[C@@H](NC(=O)[C@@H](NC(=O)[C@@H](NC(=O)[C@@H](NC(=O)[C@@H](NC(=O)[C@@H](NC(=O)[C@@H](NC(=O)[C@@H](NC(=O)[C@@H](NC(=O)[C@@H](NC(=O)[C@@H](NC(=O)[C@@H](NC(=O)[C@@H](NC(=O)[C@@H](NC(=O)[C@@H](NC(=O)[C@@H](NC(=O)[C@@H](NC(=O)[C@@H](NC(=O)[C@@H](NC(=O)[C@@H](NC(=O)[C@@H](NC(=O)[C@@H](NC(=O)[C@@H](NC(=O)[C@@H](NC(=O)[C@H]3N(C(=O)[C@@H](NC(=O)[C@@H](NC(=O)[C@@H]([NH3+])C)C)C)CCC3)CCSC)C)CCCC[NH3+])Cc3ccccc3)Cc3nc[nH]c3)Cc3ccc(O)cc3)CCSC)CC(C)C)CCCC[NH3+])CCCC[NH3+])CC(C)C)CCC(=O)N)CC(C)C)Cc3nc[nH]c3)CCC(=O)[O-])CCC(=O)[O-])CCC(=O)[O-])Cc3ccc(O)cc3)C(C)C)CC(C)C)CCSC)CCC(=O)N)C)[C@@H](C)CC)CO)CC(C)C)Cc3ccccc3)CO)CCC2)CC(=O)[O-])CCCNC(=[NH2+])N)CCC1)C(C)C)CC(C)C)CCC(=O)N)C)CCCNC(=[NH2+])N)C(C)C)C(C)C)CC(=O)[O-])CCC(=O)N)CC(C)C)CCC(=O)N)CCC(=O)[O-])C)Cc1ccccc1)C)[C@@H](C)CC)[C@H](O)C)CC(C)C)CCCC[NH3+])CO)Cc1ccc(O)cc1)[C@@H](C)CC)CCC(=O)[O-])C(=O)N[C@@H](CC(=O)N)C(=O)N[C@@H](CCCNC(=[NH2+])N)C=O.S(C)CC[C@H](NC(=O)[C@@H](NC(=O)[C@@H](NC(=O)[C@@H](NC(=O)[C@@H](NC(=O)[C@@H](NC(=O)[C@@H](NC(=O)[C@@H](NC(=O)[C@@H](NC(=O)[C@@H]([NH3+])C)Cc1nc[nH]c1)CCCNC(=[NH2+])N)Cc1ccccc1)CC(C)C)Cc1ccccc1)CC(C)C)CCCC[NH3+])[C@@H](C)CC)C(=O)N[C@@H](C)C(=O)N[C@@H](CCSC)C(=O)N[C@@H](CC(C)C)C(=O)N[C@@H]([C@H](O)C)C(=O)N[C@@H](CCC(=O)[O-])C(=O)N[C@@H](CC(C)C)C(=O)N[C@@H](CCCNC(=[NH2+])N)C(=O)N[C@@H](CO)C(=O)N[C@@H]([C@@H](C)CC)C(=O)N[C@@H](CC(=O)N)C(=O)N[C@@H](C)C(=O)N[C@@H](C)C(=O)N[C@@H](Cc1nc[nH]c1)C(=O)N[C@@H]([C@H](O)C)C(=O)N[C@@H](C)C(=O)N[C@@H](CCCNC(=[NH2+])N)C(=O)N[C@@H](CC(C)C)C(=O)N[C@@H](CC(C)C)C(=O)N[C@@H](C)C(=O)N[C@@H]([C@@H](C)CC)C(=O)N[C@@H](CCC(=O)N)C(=O)N[C@@H](CC(=O)[O-])C(=O)N[C@@H]([C@@H](C)CC)C(=O)N[C@@H](Cc1nc[nH]c1)C(=O)N1[C@H](C(=O)N[C@@H](Cc2ccccc2)C(=O)N[C@@H](C)C(=O)N[C@@H]([C@H](O)C)C(=O)N2[C@H](C(=O)N[C@@H](CC(C)C)C(=O)N[C@@H](CCSC)C(=O)N[C@@H](CCC(=O)N)C(=O)N[C@@H](CCC(=O)[O-])C(=O)N[C@@H](CC(C)C)C(=O)N[C@@H](Cc3ccccc3)C(=O)NCC(=O)N[C@@H](C(C)C)C(=O)N[C@H](C=O)[C@H](O)C)CCC2)CCC1.OC[C@H](NC(=O)[C@@H]([NH3+])C(C)C)C(=O)N[C@@H](CC(C)C)C(=O)N[C@@H](CCC(=O)N)C(=O)N[C@@H](CC)C(=O)N[C@@H](CCCNC(=[NH2+])N)C(=O)NCC(=O)N[C@@H](C)C(=O)N[C@@H](CC(=O)[O-])C(=O)NCC(=O)N[C@@H](C)C(=O)N[C@@H](C(C)C)C(=O)N[C@@H](Cc1c[nH]c2ccccc12)C(=O)N[C@@H](CC(=O)N)C(=O)N[C@@H](Cc1ccc(O)cc1)C(=O)N[C@@H](C)C(=O)N1[C@H](C(=O)N2[C@H](C(=O)N[C@@H](C)C=O)CCC2)CCC1"
"PXR_pdbalignments_holo_TIER1_sorted_moesession.moe","2026-05-29 13:43:33","5X0R.A",1,30,429.541,"S(=O)(=O)(c1c(C)n(-c2c(OC)cc(OC)c(C)c2)nn1)c1ccc(C(C)(C)C)cc1"
"PXR_pdbalignments_holo_TIER1_sorted_moesession.moe","2026-05-29 13:43:33","3HVL.A",287,2349,33412.4,"SC[C@H](NC(=O)[C@@H](NC(=O)[C@@H](NC(=O)[C@@H](NC(=O)CNC(=O)[C@@H](NC(=O)[C@@H](NC(=O)[C@@H](NC(=O)[C@@H](NC(=O)[C@@H](NC(=O)[C@@H](NC(=O)[C@@H](NC(=O)[C@@H](NC(=O)[C@@H](NC(=O)[C@@H](NC(=O)[C@@H](NC(=O)[C@@H](NC(=O)[C@@H](NC(=O)[C@@H](NC(=O)[C@@H](NC(=O)[C@@H](NC(=O)[C@@H](NC(=O)[C@@H](NC(=O)CNC(=O)[C@@H](NC(=O)[C@@H](NC(=O)[C@@H](NC(=O)[C@@H](NC(=O)[C@@H](NC(=O)[C@@H](NC(=O)[C@@H](NC(=O)[C@@H](NC(=O)[C@@H](NC(=O)[C@H]1N(C(=O)[C@@H](NC(=O)[C@@H](NC(=O)[C@@H](NC(=O)[C@@H](NC(=O)[C@@H](NC(=O)[C@@H](NC(=O)[C@@H](NC(=O)[C@@H](NC(=O)[C@@H](NC(=O)[C@@H](NC(=O)[C@@H](NC(=O)[C@@H](NC(=O)[C@@H](NC(=O)[C@@H](NC(=O)CNC(=O)[C@@H](NC(=O)[C@@H](NC(=O)[C@@H](NC(=O)[C@@H](NC(=O)[C@@H](NC(=O)[C@@H](NC(=O)[C@@H](NC(=O)[C@@H](NC(=O)[C@@H](NC(=O)[C@@H](NC(=O)[C@@H](NC(=O)[C@H]2N(C(=O)[C@@H](NC(=O)[C@@H](NC(=O)[C@@H](NC(=O)[C@@H](NC(=O)[C@@H](NC(=O)[C@@H](NC(=O)[C@@H](NC(=O)CNC(=O)CNC(=O)[C@@H](NC(=O)[C@@H](NC(=O)[C@@H](NC(=O)[C@H]3N(C(=O)[C@H]4N(C(=O)[C@@H](NC(=O)[C@@H](NC(=O)[C@@H](NC(=O)[C@@H](NC(=O)[C@@H](NC(=O)[C@@H](NC(=O)CNC(=O)[C@@H](NC(=O)[C@@H](NC(=O)CNC(=O)[C@@H](NC(=O)[C@@H](NC(=O)[C@@H](NC(=O)[C@@H](NC(=O)[C@@H](NC(=O)[C@@H](NC(=O)[C@@H](NC(=O)[C@@H](NC(=O)[C@@H](NC(=O)[C@@H](NC(=O)[C@@H](NC(=O)[C@@H](NC(=O)[C@@H](NC(=O)[C@@H](NC(=O)[C@@H](NC(=O)[C@@H](NC(=O)[C@@H](NC(=O)[C@@H](NC(=O)[C@@H](NC(=O)[C@@H](NC(=O)[C@@H](NC(=O)[C@@H](NC(=O)[C@@H](NC(=O)[C@@H](NC(=O)[C@@H]([NH3+])CO)CCCNC(=[NH2+])N)CCC(=O)[O-])CCC(=O)[O-])C)C)CCCC[NH3+])Cc5c[nH]c6ccccc56)CO)CCC(=O)N)C(C)C)CCCNC(=[NH2+])N)CCCC[NH3+])CC(=O)[O-])CC(C)C)CS)CO)CC(C)C)CCCC[NH3+])C(C)C)CO)CC(C)C)CCC(=O)N)CC(C)C)CCCNC(=[NH2+])N)CCC(=O)[O-])CC(=O)[O-])CO)C(C)C)Cc5c[nH]c6ccccc56)CC(=O)N)Cc5ccc(O)cc5)CCCC[NH3+])CCC4)CCC3)C)CC(=O)[O-])CO)CCCC[NH3+])CCC(=O)[O-])[C@@H](C)CC)Cc3ccccc3)CO)CC(C)C)CC(C)C)CCC2)Cc2nc[nH]c2)CCSC)C)CC(=O)[O-])CCSC)CO)[C@H](O)C)Cc2ccc(O)cc2)CCSC)Cc2ccccc2)CCCC[NH3+])[C@@H](C)CC)[C@@H](C)CC)CO)Cc2ccccc2)C)CCCC[NH3+])C(C)C)[C@@H](C)CC)CO)Cc2ccc(O)cc2)Cc2ccccc2)CCCNC(=[NH2+])N)CC(=O)[O-])CC(C)C)CCC1)[C@@H](C)CC)C)CC(=O)[O-])CCC(=O)N)[C@@H](C)CC)CO)CC(C)C)CC(C)C)CCCC[NH3+])C)C)Cc1ccccc1)CCC(=O)[O-])CC(C)C)CS)CCC(=O)N)CC(C)C)CCCNC(=[NH2+])N)Cc1ccccc1)CC(=O)N)[C@H](O)C)C(C)C)Cc1ccccc1)CC(=O)N)C)CCC(=O)[O-])[C@H](O)C)[C@H](O)C)Cc1c[nH]c2ccccc12)CCC(=O)[O-])C(=O)NCC(=O)N[C@@H](CCCNC(=[NH2+])N)C(=O)N[C@@H](CC(C)C)C(=O)N[C@@H](CO)C(=O)N[C@@H](Cc1ccc(O)cc1)C(=O)N[C@@H](CS)C(=O)N[C@@H](CC(C)C)C(=O)N[C@@H](CCC(=O)[O-])C=O.SC[C@H](NC(=O)[C@@H](NC(=O)[C@@H](NC(=O)[C@@H](NC(=O)[C@@H](NC(=O)[C@@H](NC(=O)[C@@H](NC(=O)[C@@H](NC(=O)[C@@H](NC(=O)[C@@H](NC(=O)[C@@H](NC(=O)[C@@H](NC(=O)[C@@H](NC(=O)[C@@H](NC(=O)[C@@H](NC(=O)[C@@H](NC(=O)[C@@H](NC(=O)[C@@H](NC(=O)[C@@H](NC(=O)[C@@H](NC(=O)[C@@H](NC(=O)[C@@H](NC(=O)[C@@H](NC(=O)[C@@H](NC(=O)CNC(=O)[C@H]1N(C(=O)[C@@H](NC(=O)[C@@H](NC(=O)[C@H]2N(C(=O)[C@@H](NC(=O)[C@@H](NC(=O)[C@@H](NC(=O)[C@@H](NC(=O)[C@@H](NC(=O)[C@@H](NC(=O)[C@@H](NC(=O)[C@@H](NC(=O)[C@@H](NC(=O)[C@@H](NC(=O)[C@@H](NC(=O)[C@@H](NC(=O)[C@@H](NC(=O)[C@@H](NC(=O)[C@@H](NC(=O)[C@@H](NC(=O)[C@@H](NC(=O)[C@@H](NC(=O)[C@@H](NC(=O)[C@@H](NC(=O)[C@@H](NC(=O)[C@@H](NC(=O)[C@@H](NC(=O)[C@@H](NC(=O)[C@@H](NC(=O)[C@@H](NC(=O)[C@@H](NC(=O)[C@@H](NC(=O)[C@H]3N(C(=O)[C@@H](NC(=O)[C@@H](NC(=O)[C@@H](NC(=O)[C@@H](NC(=O)[C@@H](NC(=O)[C@@H]([NH3+])CCC(=O)N)CCC(=O)N)CC(C)C)CC(C)C)CC(C)C)CCC(=O)[O-])CCC3)CCSC)CC(C)C)CCCC[NH3+])Cc3ccccc3)Cc3nc[nH]c3)Cc3ccc(O)cc3)CCSC)CC(C)C)CCCC[NH3+])CCCC[NH3+])CC(C)C)CCC(=O)N)CC(C)C)Cc3nc[nH]c3)CCC(=O)[O-])CCC(=O)[O-])CCC(=O)[O-])Cc3ccc(O)cc3)C(C)C)CC(C)C)CCSC)CCC(=O)N)C)[C@@H](C)CC)CO)CC(C)C)Cc3ccccc3)CO)CCC2)CC(=O)[O-])CCCNC(=[NH2+])N)CCC1)C(C)C)CC(C)C)CCC(=O)N)Cc1nc[nH]c1)CCCNC(=[NH2+])N)C(C)C)C(C)C)CC(=O)[O-])CCC(=O)N)CC(C)C)CCC(=O)N)CCC(=O)[O-])CCC(=O)N)Cc1ccccc1)C)[C@@H](C)CC)[C@H](O)C)CC(C)C)CCCC[NH3+])CO)Cc1ccc(O)cc1)[C@@H](C)CC)CCC(=O)[O-])C(=O)N[C@@H](CC(=O)N)C(=O)N[C@@H](CCCNC(=[NH2+])N)C(=O)N1[C@H](C(=O)N[C@@H](CCC(=O)N)C(=O)N2[C@H](C(=O)N[C@@H](C)C(=O)N[C@@H](Cc3nc[nH]c3)C(=O)N[C@@H](CCCNC(=[NH2+])N)C(=O)N[C@@H](Cc3ccccc3)C(=O)N[C@@H](CC(C)C)C(=O)N[C@@H](Cc3ccccc3)C(=O)N[C@@H](CC(C)C)C(=O)N[C@@H](CCCC[NH3+])C(=O)N[C@@H]([C@@H](C)CC)C(=O)N[C@@H](CCSC)C(=O)N[C@@H](C)C(=O)N[C@@H](CCSC)C(=O)N[C@@H](CC(C)C)C(=O)N[C@@H]([C@H](O)C)C(=O)N[C@@H](CCC(=O)[O-])C(=O)N[C@@H](CC(C)C)C(=O)N[C@@H](CCCNC(=[NH2+])N)C(=O)N[C@@H](CO)C(=O)N[C@@H]([C@@H](C)CC)C(=O)N[C@@H](CC(=O)N)C(=O)N[C@@H](C)C(=O)N[C@@H](CCC(=O)N)C(=O)N[C@@H](Cc3nc[nH]c3)C(=O)N[C@@H]([C@H](O)C)C(=O)N[C@@H](CCC(=O)N)C(=O)N[C@@H](CCCNC(=[NH2+])N)C(=O)N[C@@H](CC(C)C)C(=O)N[C@@H](CC(C)C)C(=O)N[C@@H](CCCNC(=[NH2+])N)C(=O)N[C@@H]([C@@H](C)CC)C(=O)N[C@@H](CCC(=O)N)C(=O)N[C@@H](CC(=O)[O-])C(=O)N[C@@H]([C@@H](C)CC)C(=O)N[C@@H](Cc3nc[nH]c3)C(=O)N3[C@H](C(=O)N[C@@H](Cc4ccccc4)C(=O)N[C@@H](C)C(=O)N[C@@H]([C@H](O)C)C(=O)N4[C@H](C(=O)N[C@@H](CC(C)C)C(=O)N[C@@H](CCSC)C(=O)N[C@@H](CCC(=O)N)C(=O)N[C@@H](CCC(=O)[O-])C(=O)N[C@@H](CC(C)C)C(=O)N[C@@H](Cc5ccccc5)C(=O)NCC(=O)N[C@@H]([C@@H](C)CC)C(=O)N[C@H](C=O)[C@H](O)C)CCC4)CCC3)CCC2)CCC1.S(C)CC[C@H](NC(=O)[C@@H](NC(=O)[C@@H](NC(=O)[C@@H](NC(=O)[C@@H](NC(=O)[C@@H](NC(=O)[C@@H](NC(=O)C[NH3+])CC(C)C)[C@H](O)C)CCC(=O)[O-])CCC(=O)[O-])CCC(=O)N)CCCNC(=[NH2+])N)C(=O)N[C@@H](CCSC)C(=O)N[C@@H]([C@@H](C)CC)C(=O)N[C@@H](CCCNC(=[NH2+])N)C(=O)N[C@@H](CCC(=O)[O-])C(=O)N[C@@H](CC(C)C)C(=O)N[C@@H](CCSC)C(=O)N[C@@H](CC(=O)[O-])C(=O)N[C@@H](C)C(=O)N[C@@H](CCC(=O)N)C(=O)N[C@@H](CCSC)C(=O)N[C@@H](CCCC[NH3+])C(=O)N[C@@H]([C@H](O)C)C(=O)N[C@@H](Cc1ccccc1)C(=O)N[C@@H](CC(=O)[O-])C(=O)N[C@@H]([C@H](O)C)C(=O)N[C@@H]([C@H](O)C)C(=O)N[C@@H](Cc1ccccc1)C(=O)N[C@@H](CO)C(=O)N[C@@H](Cc1nc[nH]c1)C(=O)N[C@@H](Cc1ccccc1)C(=O)N[C@@H](CCCC[NH3+])C(=O)N[C@@H](CC(=O)N)C(=O)N[C@@H](Cc1ccccc1)C(=O)N[C@@H](CCCNC(=[NH2+])N)C(=O)N[C@@H](CC(C)C)C(=O)N1[C@H](C(=O)NCC(=O)N[C@@H](C(C)C)C(=O)N[C@@H](CC(C)C)C=O)CCC1.OC[C@H]([NH3+])C(=O)N[C@@H](CC(C)C)C(=O)N[C@@H]([C@H](O)C)C(=O)N[C@@H](CCC(=O)[O-])C(=O)N[C@@H](CCCNC(=[NH2+])N)C(=O)N[C@@H](Cc1nc[nH]c1)C(=O)N[C@@H](CCCC[NH3+])C(=O)N[C@@H]([C@@H](C)CC)C(=O)N[C@@H](CC(C)C)C(=O)N[C@@H](Cc1nc[nH]c1)C(=O)N[C@@H](CCCNC(=[NH2+])N)C(=O)N[C@@H](CC(C)C)C(=O)N[C@@H](CC(C)C)C(=O)N[C@@H](CCC(=O)N)C(=O)N[C@@H](CCC(=O)[O-])C=O"
"PXR_pdbalignments_holo_TIER1_sorted_moesession.moe","2026-05-29 13:43:33","3HVL.A",1,33,504.541,"P(=O)(OCC)(OCC)C(P(=O)(OCC)OCC)=Cc1cc(C(C)(C)C)c(O)c(C(C)(C)C)c1"
"PXR_pdbalignments_holo_TIER1_sorted_moesession.moe","2026-05-29 13:43:33","3HVL.A",132,132,2112,"O.O.O.O.O.O.O.O.O.O.O.O.O.O.O.O.O.O.O.O.O.O.O.O.O.O.O.O.O.O.O.O.O.O.O.O.O.O.O.O.O.O.O.O.O.O.O.O.O.O.O.O.O.O.O.O.O.O.O.O.O.O.O.O.O.O.O.O.O.O.O.O.O.O.O.O.O.O.O.O.O.O.O.O.O.O.O.O.O.O.O.O.O.O.O.O.O.O.O.O.O.O.O.O.O.O.O.O.O.O.O.O.O.O.O.O.O.O.O.O.O.O.O.O.O.O.O.O.O.O.O.O"
"PXR_pdbalignments_holo_TIER1_sorted_moesession.moe","2026-05-29 13:43:33","3HVL.B",125,125,2000,"O.O.O.O.O.O.O.O.O.O.O.O.O.O.O.O.O.O.O.O.O.O.O.O.O.O.O.O.O.O.O.O.O.O.O.O.O.O.O.O.O.O.O.O.O.O.O.O.O.O.O.O.O.O.O.O.O.O.O.O.O.O.O.O.O.O.O.O.O.O.O.O.O.O.O.O.O.O.O.O.O.O.O.O.O.O.O.O.O.O.O.O.O.O.O.O.O.O.O.O.O.O.O.O.O.O.O.O.O.O.O.O.O.O.O.O.O.O.O.O.O.O.O.O.O"
"PXR_pdbalignments_holo_TIER1_sorted_moesession.moe","2026-05-29 13:43:33","7AXE.A",276,2175,30925.3,"SC[C@H](NC(=O)[C@@H](NC(=O)[C@@H](NC(=O)[C@@H](NC(=O)CNC(=O)[C@@H](NC(=O)[C@@H](NC(=O)[C@@H](NC(=O)[C@@H](NC(=O)[C@@H](NC(=O)[C@@H](NC(=O)[C@@H](NC(=O)[C@@H](NC(=O)[C@@H](NC(=O)[C@@H](NC(=O)[C@@H](NC(=O)[C@@H](NC(=O)[C@@H](NC(=O)[C@@H](NC(=O)[C@@H](NC(=O)[C@@H](NC(=O)[C@@H](NC(=O)[C@@H](NC(=O)CNC(=O)[C@@H](NC(=O)[C@@H](NC(=O)[C@@H](NC(=O)[C@@H](NC(=O)[C@@H](NC(=O)[C@@H](NC(=O)[C@@H](NC(=O)[C@@H](NC(=O)[C@@H](NC(=O)[C@H]1N(C(=O)[C@@H](NC(=O)[C@@H](NC(=O)[C@@H](NC(=O)[C@@H](NC(=O)[C@@H](NC(=O)[C@@H](NC(=O)[C@@H](NC(=O)[C@@H](NC(=O)[C@@H](NC(=O)[C@@H](NC(=O)[C@@H](NC(=O)[C@@H](NC(=O)[C@@H](NC(=O)[C@@H](NC(=O)CNC(=O)[C@@H](NC(=O)[C@@H](NC(=O)[C@@H](NC(=O)[C@@H](NC(=O)[C@@H](NC(=O)[C@@H](NC(=O)[C@@H](NC(=O)[C@@H](NC(=O)[C@@H](NC(=O)[C@@H](NC(=O)[C@@H](NC(=O)[C@H]2N(C(=O)[C@@H](NC(=O)[C@@H](NC(=O)[C@@H](NC(=O)[C@@H](NC(=O)[C@@H](NC(=O)[C@@H](NC(=O)[C@@H](NC(=O)CNC(=O)CNC(=O)[C@@H](NC(=O)[C@@H](NC(=O)[C@@H](NC(=O)[C@H]3N(C(=O)[C@H]4N(C(=O)[C@@H](NC(=O)[C@@H](NC(=O)[C@@H](NC(=O)[C@@H](NC(=O)[C@@H](NC(=O)[C@@H](NC(=O)CNC(=O)[C@@H](NC(=O)[C@@H](NC(=O)CNC(=O)[C@@H](NC(=O)[C@@H](NC(=O)[C@@H](NC(=O)[C@@H](NC(=O)[C@@H](NC(=O)[C@@H](NC(=O)[C@@H](NC(=O)[C@@H](NC(=O)[C@@H](NC(=O)[C@@H](NC(=O)[C@@H](NC(=O)[C@@H](NC(=O)[C@@H](NC(=O)[C@@H](NC(=O)[C@@H](NC(=O)[C@@H](NC(=O)[C@@H](NC(=O)[C@@H](NC(=O)[C@@H](NC(=O)[C@@H](NC(=O)[C@@H]([NH3+])C)C)CCCC[NH3+])Cc5c[nH]c6ccccc56)CO)CCC(=O)N)C(C)C)C)C)CC(=O)[O-])CC(C)C)CS)CO)CC(C)C)CCCC[NH3+])C(C)C)CO)CC(C)C)CCC(=O)N)CC(C)C)CCCNC(=[NH2+])N)C)CC(=O)[O-])CO)C(C)C)Cc5c[nH]c6ccccc56)CC(=O)N)Cc5ccc(O)cc5)C)CCC4)CCC3)C)CC(=O)[O-])CO)C)CCC(=O)[O-])[C@@H](C)CC)Cc3ccccc3)CO)CC(C)C)CC(C)C)CCC2)Cc2nc[nH]c2)CCSC)C)CC(=O)[O-])CCSC)CO)[C@H](O)C)Cc2ccc(O)cc2)CCSC)Cc2ccccc2)CCCC[NH3+])[C@@H](C)CC)[C@@H](C)CC)CO)Cc2ccccc2)C)CCCC[NH3+])C(C)C)[C@@H](C)CC)CO)Cc2ccc(O)cc2)Cc2ccccc2)CCCNC(=[NH2+])N)CC(=O)[O-])CC(C)C)CCC1)[C@@H](C)CC)CCC(=O)[O-])CC(=O)[O-])CCC(=O)N)[C@@H](C)CC)CO)CC(C)C)CC(C)C)CCCC[NH3+])C)C)Cc1ccccc1)CCC(=O)[O-])CC(C)C)CS)CCC(=O)N)CC(C)C)CCCNC(=[NH2+])N)Cc1ccccc1)CC(=O)N)[C@H](O)C)C(C)C)Cc1ccccc1)CC(=O)N)C)CCC(=O)[O-])[C@H](O)C)[C@H](O)C)Cc1c[nH]c2ccccc12)CCC(=O)[O-])C(=O)NCC(=O)N[C@@H](CCCNC(=[NH2+])N)C(=O)N[C@@H](CC(C)C)C(=O)N[C@@H](CO)C(=O)N[C@@H](Cc1ccc(O)cc1)C(=O)N[C@@H](CS)C(=O)N[C@@H](CC(C)C)C(=O)N[C@@H](CCC(=O)[O-])C(=O)N[C@@H](C)C=O.SC[C@H](NC(=O)[C@@H](NC(=O)[C@@H](NC(=O)[C@@H](NC(=O)[C@@H](NC(=O)[C@@H](NC(=O)[C@@H](NC(=O)[C@@H](NC(=O)[C@@H](NC(=O)[C@@H](NC(=O)[C@@H](NC(=O)[C@@H](NC(=O)[C@@H](NC(=O)[C@@H](NC(=O)[C@@H](NC(=O)[C@@H](NC(=O)[C@@H](NC(=O)[C@@H](NC(=O)[C@@H](NC(=O)[C@@H](NC(=O)[C@@H](NC(=O)[C@@H](NC(=O)[C@@H](NC(=O)[C@@H](NC(=O)CNC(=O)[C@H]1N(C(=O)[C@@H](NC(=O)[C@@H](NC(=O)[C@H]2N(C(=O)[C@@H](NC(=O)[C@@H](NC(=O)[C@@H](NC(=O)[C@@H](NC(=O)[C@@H](NC(=O)[C@@H](NC(=O)[C@@H](NC(=O)[C@@H](NC(=O)[C@@H](NC(=O)[C@@H](NC(=O)[C@@H](NC(=O)[C@@H](NC(=O)[C@@H](NC(=O)[C@@H](NC(=O)[C@@H](NC(=O)[C@@H](NC(=O)[C@@H](NC(=O)[C@@H](NC(=O)[C@@H](NC(=O)[C@@H](NC(=O)[C@@H](NC(=O)[C@@H](NC(=O)[C@@H](NC(=O)[C@@H](NC(=O)[C@@H](NC(=O)[C@@H](NC(=O)[C@@H](NC(=O)[C@@H](NC(=O)[C@H]3N(C(=O)[C@@H](NC(=O)[C@@H](NC(=O)[C@@H](NC(=O)[C@@H](NC(=O)[C@@H](NC(=O)[C@@H](NC(=O)[C@@H](NC(=O)CNC(=O)C[NH3+])Cc4ccccc4)C)C)C)CC(C)C)CC(C)C)CCC(=O)[O-])CCC3)CCSC)CC(C)C)CCCC[NH3+])Cc3ccccc3)Cc3nc[nH]c3)Cc3ccc(O)cc3)CCSC)CC(C)C)CCCC[NH3+])CC)CC(C)C)CCC(=O)N)CC(C)C)Cc3nc[nH]c3)CCC(=O)[O-])CCC(=O)[O-])CCC(=O)[O-])Cc3ccc(O)cc3)C(C)C)CC(C)C)CCSC)CCC(=O)N)C)[C@@H](C)CC)CO)CC(C)C)Cc3ccccc3)CO)CCC2)CC(=O)[O-])CCCNC(=[NH2+])N)CCC1)C(C)C)CC(C)C)CCC(=O)N)Cc1nc[nH]c1)C)C(C)C)C(C)C)CC(=O)[O-])C)CC(C)C)CCC(=O)N)CCC(=O)[O-])CCC(=O)N)Cc1ccccc1)C)[C@@H](C)CC)[C@H](O)C)CC(C)C)CCCC[NH3+])CO)Cc1ccc(O)cc1)[C@@H](C)CC)CCC(=O)[O-])C(=O)N[C@@H](CC(=O)N)C(=O)N[C@@H](CCCNC(=[NH2+])N)C(=O)N1[C@H](C(=O)N[C@@H](CCC(=O)N)C(=O)N2[C@H](C(=O)N[C@@H](C)C(=O)N[C@@H](Cc3nc[nH]c3)C(=O)N[C@@H](CCCNC(=[NH2+])N)C(=O)N[C@@H](Cc3ccccc3)C(=O)N[C@@H](CC(C)C)C(=O)N[C@@H](Cc3ccccc3)C(=O)N[C@@H](CC(C)C)C(=O)N[C@@H](CCCC[NH3+])C(=O)N[C@@H]([C@@H](C)CC)C(=O)N[C@@H](CCSC)C(=O)N[C@@H](C)C(=O)N[C@@H](CCSC)C(=O)N[C@@H](CC(C)C)C(=O)N[C@@H]([C@H](O)C)C(=O)N[C@@H](CCC(=O)[O-])C(=O)N[C@@H](CC(C)C)C(=O)N[C@@H](CCCNC(=[NH2+])N)C(=O)N[C@@H](CO)C(=O)N[C@@H]([C@@H](C)CC)C(=O)N[C@@H](CC(=O)N)C(=O)N[C@@H](C)C(=O)N[C@@H](CCC(=O)N)C(=O)N[C@@H](Cc3nc[nH]c3)C(=O)N[C@@H]([C@H](O)C)C(=O)N[C@@H](CC)C(=O)N[C@@H](CCCNC(=[NH2+])N)C(=O)N[C@@H](CC(C)C)C(=O)N[C@@H](CC(C)C)C(=O)N[C@@H](CCCNC(=[NH2+])N)C(=O)N[C@@H]([C@@H](C)CC)C(=O)N[C@@H](CCC(=O)N)C(=O)N[C@@H](CC(=O)[O-])C(=O)N[C@@H]([C@@H](C)CC)C(=O)N[C@@H](Cc3nc[nH]c3)C(=O)N3[C@H](C(=O)N[C@@H](Cc4ccccc4)C(=O)N[C@@H](C)C(=O)N[C@@H]([C@H](O)C)C(=O)N4[C@H](C(=O)N[C@@H](CC(C)C)C(=O)N[C@@H](CCSC)C(=O)N[C@@H](CCC(=O)N)C(=O)N[C@@H](CCC(=O)[O-])C(=O)N[C@@H](CC(C)C)C(=O)N[C@@H](Cc5ccccc5)C(=O)NCC(=O)N[C@@H]([C@@H](C)CC)C(=O)N[C@@H]([C@H](O)C)C(=O)NCC(=O)N[C@@H](CO)C=O)CCC4)CCC3)CCC2)CCC1.S(C)CC[C@H](NC(=O)[C@@H](NC(=O)[C@@H](NC(=O)[C@@H](NC(=O)[C@@H](NC(=O)[C@@H](NC(=O)[C@@H](NC(=O)CNC(=O)[C@@H](NC(=O)[C@@H]([NH3+])C)C)CC(C)C)[C@H](O)C)CCC(=O)[O-])C)CCC(=O)N)CCCNC(=[NH2+])N)C(=O)N[C@@H](CCSC)C(=O)N[C@@H]([C@@H](C)CC)C(=O)N[C@@H](CCCNC(=[NH2+])N)C(=O)N[C@@H](CCC(=O)[O-])C(=O)N[C@@H](CC(C)C)C(=O)N[C@@H](CCSC)C(=O)N[C@@H](CC(=O)[O-])C(=O)N[C@@H](C)C(=O)N[C@@H](CCC(=O)N)C(=O)N[C@@H](CCSC)C(=O)N[C@@H](CCCC[NH3+])C(=O)N[C@@H]([C@H](O)C)C(=O)N[C@@H](Cc1ccccc1)C(=O)N[C@@H](CC(=O)[O-])C(=O)N[C@@H]([C@H](O)C)C(=O)N[C@@H]([C@H](O)C)C(=O)N[C@@H](Cc1ccccc1)C(=O)N[C@@H](CO)C(=O)N[C@@H](Cc1nc[nH]c1)C(=O)N[C@@H](Cc1ccccc1)C(=O)N[C@@H](CC)C(=O)N[C@@H](CC(=O)N)C(=O)N[C@@H](Cc1ccccc1)C(=O)N[C@@H](CCCNC(=[NH2+])N)C(=O)N[C@@H](CC(C)C)C(=O)N1[C@H](C(=O)NCC(=O)N[C@@H](C(C)C)C(=O)N[C@@H](CC(C)C)C=O)CCC1"
"PXR_pdbalignments_holo_TIER1_sorted_moesession.moe","2026-05-29 13:43:33","7AXE.A",1,22,345.226,"Clc1c(OC(C)C)cc(N2C(=O)OC(C(C)(C)C)=N2)c(Cl)c1"
"PXR_pdbalignments_holo_TIER1_sorted_moesession.moe","2026-05-29 13:43:33","7AXE.A",192,192,3072,"O.O.O.O.O.O.O.O.O.O.O.O.O.O.O.O.O.O.O.O.O.O.O.O.O.O.O.O.O.O.O.O.O.O.O.O.O.O.O.O.O.O.O.O.O.O.O.O.O.O.O.O.O.O.O.O.O.O.O.O.O.O.O.O.O.O.O.O.O.O.O.O.O.O.O.O.O.O.O.O.O.O.O.O.O.O.O.O.O.O.O.O.O.O.O.O.O.O.O.O.O.O.O.O.O.O.O.O.O.O.O.O.O.O.O.O.O.O.O.O.O.O.O.O.O.O.O.O.O.O.O.O.O.O.O.O.O.O.O.O.O.O.O.O.O.O.O.O.O.O.O.O.O.O.O.O.O.O.O.O.O.O.O.O.O.O.O.O.O.O.O.O.O.O.O.O.O.O.O.O.O.O.O.O.O.O.O.O.O.O.O.O"
"PXR_pdbalignments_holo_TIER1_sorted_moesession.moe","2026-05-29 13:43:33","8SVR.A",282,2256,32085.8,"SC[C@H](NC(=O)[C@@H](NC(=O)[C@@H](NC(=O)[C@@H](NC(=O)CNC(=O)[C@@H](NC(=O)[C@@H](NC(=O)[C@@H](NC(=O)[C@@H](NC(=O)[C@@H](NC(=O)[C@@H](NC(=O)[C@@H](NC(=O)[C@@H](NC(=O)[C@@H](NC(=O)[C@@H](NC(=O)[C@@H](NC(=O)[C@@H](NC(=O)[C@@H](NC(=O)[C@@H](NC(=O)[C@@H](NC(=O)[C@@H](NC(=O)[C@@H](NC(=O)[C@@H](NC(=O)CNC(=O)[C@@H](NC(=O)[C@@H](NC(=O)[C@@H](NC(=O)[C@@H](NC(=O)[C@@H](NC(=O)[C@@H](NC(=O)[C@@H](NC(=O)[C@@H](NC(=O)[C@@H](NC(=O)[C@H]1N(C(=O)[C@@H](NC(=O)[C@@H](NC(=O)[C@@H](NC(=O)[C@@H](NC(=O)[C@@H](NC(=O)[C@@H](NC(=O)[C@@H](NC(=O)[C@@H](NC(=O)[C@@H](NC(=O)[C@@H](NC(=O)[C@@H](NC(=O)[C@@H](NC(=O)[C@@H](NC(=O)[C@@H](NC(=O)CNC(=O)[C@@H](NC(=O)[C@@H](NC(=O)[C@@H](NC(=O)[C@@H](NC(=O)[C@@H](NC(=O)[C@@H](NC(=O)[C@@H](NC(=O)[C@@H](NC(=O)[C@@H](NC(=O)[C@@H](NC(=O)[C@@H](NC(=O)[C@H]2N(C(=O)[C@@H](NC(=O)[C@@H](NC(=O)[C@@H](NC(=O)[C@@H](NC(=O)[C@@H](NC(=O)[C@@H](NC(=O)[C@@H]([NH3+])C)C)[C@@H](C)CC)Cc3ccccc3)CO)CC(C)C)CC(C)C)CCC2)Cc2nc[nH]c2)CCSC)C)CC(=O)[O-])CCSC)CO)[C@H](O)C)Cc2ccc(O)cc2)CCSC)Cc2ccccc2)CCCC[NH3+])[C@@H](C)CC)[C@@H](C)CC)CO)Cc2ccccc2)C)CCCC[NH3+])C(C)C)[C@@H](C)CC)CO)Cc2ccc(O)cc2)Cc2ccccc2)CCCNC(=[NH2+])N)CC(=O)[O-])CC(C)C)CCC1)[C@@H](C)CC)CCC(=O)[O-])CC(=O)[O-])CCC(=O)N)[C@@H](C)CC)CO)CC(C)C)CC(C)C)CCCC[NH3+])C)C)Cc1ccccc1)CCC(=O)[O-])CC(C)C)CS)CCC(=O)N)CC(C)C)CCCNC(=[NH2+])N)Cc1ccccc1)CC(=O)N)[C@H](O)C)C(C)C)Cc1ccccc1)CC(=O)N)C)CCC(=O)[O-])[C@H](O)C)[C@H](O)C)Cc1c[nH]c2ccccc12)CCC(=O)[O-])C(=O)NCC(=O)N[C@@H](C)C(=O)N[C@@H](CC(C)C)C(=O)N[C@@H](CO)C(=O)N[C@@H](Cc1ccc(O)cc1)C(=O)N[C@@H](CS)C(=O)N[C@@H](CC(C)C)C(=O)N[C@@H](CCC(=O)[O-])C(=O)N[C@@H](CC(=O)[O-])C=O.SC[C@H](NC(=O)[C@@H](NC(=O)[C@@H](NC(=O)[C@@H](NC(=O)[C@@H](NC(=O)[C@@H](NC(=O)[C@@H](NC(=O)[C@@H](NC(=O)[C@@H](NC(=O)[C@@H](NC(=O)[C@@H](NC(=O)[C@@H](NC(=O)[C@@H]([NH3+])C)C)C)CCCC[NH3+])Cc1c[nH]c2ccccc12)CO)CCC(=O)N)C(C)C)CCCNC(=[NH2+])N)CCCC[NH3+])CC(=O)[O-])CC(C)C)C(=O)N[C@@H](CO)C(=O)N[C@@H](CC(C)C)C(=O)N[C@@H](CCCC[NH3+])C(=O)N[C@@H](C(C)C)C(=O)N[C@@H](CO)C(=O)N[C@@H](CC(C)C)C(=O)N[C@@H](CCC(=O)N)C(=O)N[C@@H](CC(C)C)C(=O)N[C@@H](CCCNC(=[NH2+])N)C(=O)NCC(=O)N[C@@H](C)C(=O)N[C@@H](CC(=O)[O-])C(=O)NCC(=O)N[C@@H](CO)C(=O)N[C@@H](C(C)C)C(=O)N[C@@H](Cc1c[nH]c2ccccc12)C(=O)N[C@@H](CC(=O)N)C(=O)N[C@@H](Cc1ccc(O)cc1)C(=O)N[C@@H](C)C(=O)N1[C@H](C(=O)N2[C@H](C(=O)N[C@@H](C)C(=O)N[C@@H](CC(=O)[O-])C=O)CCC2)CCC1.SC[C@H](NC(=O)[C@@H](NC(=O)[C@@H](NC(=O)[C@@H](NC(=O)[C@@H](NC(=O)[C@@H](NC(=O)[C@@H](NC(=O)[C@@H](NC(=O)[C@@H](NC(=O)[C@@H](NC(=O)[C@@H](NC(=O)[C@@H](NC(=O)[C@@H](NC(=O)[C@@H](NC(=O)[C@@H](NC(=O)[C@@H](NC(=O)[C@@H](NC(=O)[C@@H](NC(=O)[C@@H](NC(=O)[C@@H](NC(=O)[C@@H](NC(=O)[C@@H](NC(=O)[C@@H](NC(=O)[C@@H](NC(=O)CNC(=O)[C@H]1N(C(=O)[C@@H](NC(=O)[C@@H](NC(=O)[C@H]2N(C(=O)[C@@H](NC(=O)[C@@H](NC(=O)[C@@H](NC(=O)[C@@H](NC(=O)[C@@H](NC(=O)[C@@H](NC(=O)[C@@H](NC(=O)[C@@H](NC(=O)[C@@H](NC(=O)[C@@H](NC(=O)[C@@H](NC(=O)[C@@H](NC(=O)[C@@H](NC(=O)[C@@H](NC(=O)[C@@H](NC(=O)[C@@H](NC(=O)[C@@H](NC(=O)[C@@H](NC(=O)[C@@H](NC(=O)[C@@H](NC(=O)[C@@H](NC(=O)[C@@H](NC(=O)[C@@H](NC(=O)[C@@H](NC(=O)[C@@H](NC(=O)[C@@H](NC(=O)[C@@H](NC(=O)[C@@H](NC(=O)[C@H]3N(C(=O)[C@@H](NC(=O)[C@@H](NC(=O)[C@@H](NC(=O)[C@@H](NC(=O)[C@@H](NC(=O)[C@@H]([NH3+])C)C)CC(C)C)CC(C)C)C)CCC(=O)[O-])CCC3)CCSC)C)CCCC[NH3+])Cc3ccccc3)Cc3nc[nH]c3)Cc3ccc(O)cc3)CCSC)CC(C)C)CCCC[NH3+])C)CC(C)C)CCC(=O)N)CC(C)C)Cc3nc[nH]c3)CCC(=O)[O-])CCC(=O)[O-])CCC(=O)[O-])Cc3ccc(O)cc3)C(C)C)CC(C)C)CCSC)CCC(=O)N)C)[C@@H](C)CC)CO)CC(C)C)Cc3ccccc3)CO)CCC2)CC(=O)[O-])CCCNC(=[NH2+])N)CCC1)C(C)C)CC(C)C)CCC(=O)N)Cc1nc[nH]c1)CCCNC(=[NH2+])N)C(C)C)C(C)C)CC(=O)[O-])CCC(=O)N)CC(C)C)CCC(=O)N)CCC(=O)[O-])CCC(=O)N)Cc1ccccc1)C)[C@@H](C)CC)[C@H](O)C)CC(C)C)CCCC[NH3+])CO)Cc1ccc(O)cc1)[C@@H](C)CC)CCC(=O)[O-])C(=O)N[C@@H](CC(=O)N)C(=O)N[C@@H](CCCNC(=[NH2+])N)C(=O)N1[C@H](C(=O)N[C@@H](C)C(=O)N2[C@H](C(=O)N[C@@H](C)C(=O)N[C@@H](Cc3nc[nH]c3)C(=O)N[C@@H](CCCNC(=[NH2+])N)C(=O)N[C@@H](Cc3ccccc3)C(=O)N[C@@H](CC(C)C)C(=O)N[C@@H](Cc3ccccc3)C(=O)N[C@@H](CC(C)C)C(=O)N[C@@H](CCCC[NH3+])C(=O)N[C@@H]([C@@H](C)CC)C(=O)N[C@@H](CCSC)C(=O)N[C@@H](C)C(=O)N[C@@H](CCSC)C(=O)N[C@@H](CC(C)C)C(=O)N[C@@H]([C@H](O)C)C(=O)N[C@@H](CCC(=O)[O-])C(=O)N[C@@H](CC(C)C)C(=O)N[C@@H](CCCNC(=[NH2+])N)C(=O)N[C@@H](CO)C(=O)N[C@@H]([C@@H](C)CC)C(=O)N[C@@H](CC(=O)N)C(=O)N[C@@H](C)C(=O)N[C@@H](CCC(=O)N)C(=O)N[C@@H](Cc3nc[nH]c3)C(=O)N[C@@H]([C@H](O)C)C(=O)N[C@@H](CCC(=O)N)C(=O)N[C@@H](CCCNC(=[NH2+])N)C(=O)N[C@@H](CC(C)C)C(=O)N[C@@H](CC(C)C)C(=O)N[C@@H](CCCNC(=[NH2+])N)C(=O)N[C@@H]([C@@H](C)CC)C(=O)N[C@@H](CCC(=O)N)C(=O)N[C@@H](CC(=O)[O-])C(=O)N[C@@H]([C@@H](C)CC)C(=O)N[C@@H](Cc3nc[nH]c3)C(=O)N3[C@H](C(=O)N[C@@H](Cc4ccccc4)C(=O)N[C@@H](C)C(=O)N[C@@H]([C@H](O)C)C(=O)N4[C@H](C(=O)N[C@@H](CC(C)C)C(=O)N[C@@H](CCSC)C(=O)N[C@@H](CCC(=O)N)C(=O)N[C@@H](CCC(=O)[O-])C(=O)N[C@@H](CC(C)C)C(=O)N[C@@H](Cc5ccccc5)C(=O)NCC(=O)N[C@@H]([C@@H](C)CC)C(=O)N[C@H](C=O)[C@H](O)C)CCC4)CCC3)CCC2)CCC1.S(C)CC[C@H](NC(=O)[C@@H](NC(=O)[C@@H](NC(=O)[C@@H](NC(=O)[C@@H](NC(=O)[C@@H](NC(=O)[C@@H](NC(=O)C[NH3+])CC(C)C)[C@H](O)C)CCC(=O)[O-])CCC(=O)[O-])CCC(=O)N)CCCNC(=[NH2+])N)C(=O)N[C@@H](CCSC)C(=O)N[C@@H]([C@@H](C)CC)C(=O)N[C@@H](C)C(=O)N[C@@H](CCC(=O)[O-])C(=O)N[C@@H](CC(C)C)C(=O)N[C@@H](CCSC)C(=O)N[C@@H](CC(=O)[O-])C(=O)N[C@@H](C)C(=O)N[C@@H](CCC(=O)N)C(=O)N[C@@H](CCSC)C(=O)N[C@@H](CCCC[NH3+])C(=O)N[C@@H]([C@H](O)C)C(=O)N[C@@H](Cc1ccccc1)C(=O)N[C@@H](CC(=O)[O-])C(=O)N[C@@H]([C@H](O)C)C(=O)N[C@@H]([C@H](O)C)C(=O)N[C@@H](Cc1ccccc1)C(=O)N[C@@H](CO)C(=O)N[C@@H](Cc1nc[nH]c1)C(=O)N[C@@H](Cc1ccccc1)C(=O)N[C@@H](CCCC[NH3+])C(=O)N[C@@H](CC(=O)N)C(=O)N[C@@H](Cc1ccccc1)C(=O)N[C@@H](CCCNC(=[NH2+])N)C(=O)N[C@@H](CC(C)C)C(=O)N1[C@H](C(=O)NCC(=O)N[C@@H](C(C)C)C(=O)N[C@@H](C)C=O)CCC1.OC[C@H]([NH3+])C(=O)N[C@@H](CC(C)C)C(=O)N[C@@H]([C@H](O)C)C(=O)N[C@@H](C)C(=O)N[C@@H](CCCNC(=[NH2+])N)C(=O)N[C@@H](Cc1nc[nH]c1)C(=O)N[C@@H](CCCC[NH3+])C(=O)N[C@@H]([C@@H](C)CC)C(=O)N[C@@H](CC(C)C)C(=O)N[C@@H](Cc1nc[nH]c1)C(=O)N[C@@H](CCCNC(=[NH2+])N)C(=O)N[C@@H](CC(C)C)C(=O)N[C@@H](CC(C)C)C(=O)N[C@@H](CCC(=O)N)C(=O)N[C@@H](C)C=O"
"PXR_pdbalignments_holo_TIER1_sorted_moesession.moe","2026-05-29 13:43:33","8SVR.A",1,26,358.486,"O=C(Nc1c(O[C@@H](CC)CCC)ccc(C(C)(C)C)c1)c1c(C)[nH]nn1"
"PXR_pdbalignments_holo_TIER1_sorted_moesession.moe","2026-05-29 13:43:33","8SVR.A",1,1,16,"O"
"PXR_pdbalignments_holo_TIER1_sorted_moesession.moe","2026-05-29 13:43:33","8SVR.B",2,2,32,"O.O"
"PXR_pdbalignments_holo_TIER1_sorted_moesession.moe","2026-05-29 13:43:33","8SVS.B",1,37,508.663,"O=C(Nc1c(O[C@@H](CC)CCC)ccc(C(C)(C)C)c1)c1c(C)n(-c2c(OC)cc(OC)c(C)c2)nn1"
"PXR_pdbalignments_holo_TIER1_sorted_moesession.moe","2026-05-29 13:43:33","8SVS.B",280,2227,31670.1,"SC[C@H](NC(=O)[C@@H](NC(=O)[C@@H](NC(=O)[C@@H](NC(=O)CNC(=O)[C@@H](NC(=O)[C@@H](NC(=O)[C@@H](NC(=O)[C@@H](NC(=O)[C@@H](NC(=O)[C@@H](NC(=O)[C@@H](NC(=O)[C@@H](NC(=O)[C@@H](NC(=O)[C@@H](NC(=O)[C@@H](NC(=O)[C@@H](NC(=O)[C@@H](NC(=O)[C@@H](NC(=O)[C@@H](NC(=O)[C@@H](NC(=O)[C@@H](NC(=O)[C@@H](NC(=O)CNC(=O)[C@@H](NC(=O)[C@@H](NC(=O)[C@@H](NC(=O)[C@@H](NC(=O)[C@@H](NC(=O)[C@@H](NC(=O)[C@@H](NC(=O)[C@@H](NC(=O)[C@@H](NC(=O)[C@H]1N(C(=O)[C@@H](NC(=O)[C@@H](NC(=O)[C@@H](NC(=O)[C@@H](NC(=O)[C@@H](NC(=O)[C@@H](NC(=O)[C@@H](NC(=O)[C@@H](NC(=O)[C@@H](NC(=O)[C@@H](NC(=O)[C@@H](NC(=O)[C@@H](NC(=O)[C@@H](NC(=O)[C@@H](NC(=O)CNC(=O)[C@@H](NC(=O)[C@@H](NC(=O)[C@@H](NC(=O)[C@@H](NC(=O)[C@@H](NC(=O)[C@@H](NC(=O)[C@@H](NC(=O)[C@@H](NC(=O)[C@@H](NC(=O)[C@@H](NC(=O)[C@@H](NC(=O)[C@H]2N(C(=O)[C@@H](NC(=O)[C@@H](NC(=O)[C@@H](NC(=O)[C@@H](NC(=O)[C@@H](NC(=O)[C@@H](NC(=O)[C@@H](NC(=O)CNC(=O)CNC(=O)[C@@H](NC(=O)[C@@H](NC(=O)[C@@H](NC(=O)[C@H]3N(C(=O)[C@H]4N(C(=O)[C@@H](NC(=O)[C@@H](NC(=O)[C@@H](NC(=O)[C@@H](NC(=O)[C@@H](NC(=O)[C@@H](NC(=O)CNC(=O)[C@@H](NC(=O)[C@@H](NC(=O)CNC(=O)[C@@H](NC(=O)[C@@H](NC(=O)[C@@H](NC(=O)[C@@H](NC(=O)[C@@H](NC(=O)[C@@H](NC(=O)[C@@H](NC(=O)[C@@H](NC(=O)[C@@H](NC(=O)[C@@H](NC(=O)[C@@H](NC(=O)[C@@H](NC(=O)[C@@H](NC(=O)[C@@H](NC(=O)[C@@H](NC(=O)[C@@H](NC(=O)[C@@H](NC(=O)[C@@H](NC(=O)[C@@H](NC(=O)[C@@H]([NH3+])C)C)Cc5c[nH]c6ccccc56)CO)CCC(=O)N)C(C)C)CCCNC(=[NH2+])N)C)CC(=O)[O-])CC(C)C)CS)CO)CC(C)C)CCCC[NH3+])C(C)C)CO)CC(C)C)CCC(=O)N)CC(C)C)CCCNC(=[NH2+])N)C)CC(=O)[O-])CO)C(C)C)Cc5c[nH]c6ccccc56)CC(=O)N)Cc5ccc(O)cc5)CCCC[NH3+])CCC4)CCC3)C)CC(=O)[O-])CO)C)CCC(=O)[O-])[C@@H](C)CC)Cc3ccccc3)CO)CC(C)C)CC(C)C)CCC2)Cc2nc[nH]c2)CCSC)C)CC(=O)[O-])CCSC)CO)[C@H](O)C)Cc2ccc(O)cc2)CCSC)Cc2ccccc2)CCCC[NH3+])[C@@H](C)CC)[C@@H](C)CC)CO)Cc2ccccc2)C)CCCC[NH3+])C(C)C)[C@@H](C)CC)CO)Cc2ccc(O)cc2)Cc2ccccc2)CCCNC(=[NH2+])N)CC(=O)[O-])CC(C)C)CCC1)[C@@H](C)CC)C)CC(=O)[O-])CCC(=O)N)[C@@H](C)CC)CO)CC(C)C)CC(C)C)CCCC[NH3+])C)C)Cc1ccccc1)CCC(=O)[O-])CC(C)C)CS)CCC(=O)N)CC(C)C)CCCNC(=[NH2+])N)Cc1ccccc1)CC(=O)N)[C@H](O)C)C(C)C)Cc1ccccc1)CC(=O)N)C)C)[C@H](O)C)[C@H](O)C)Cc1c[nH]c2ccccc12)CCC(=O)[O-])C(=O)NCC(=O)N[C@@H](C)C(=O)N[C@@H](CC(C)C)C(=O)N[C@@H](CO)C(=O)N[C@@H](Cc1ccc(O)cc1)C(=O)N[C@@H](CS)C(=O)N[C@@H](CC(C)C)C(=O)N[C@@H](CCC(=O)[O-])C=O.SC[C@H](NC(=O)[C@@H](NC(=O)[C@@H](NC(=O)[C@@H](NC(=O)[C@@H](NC(=O)[C@@H](NC(=O)[C@@H](NC(=O)[C@@H](NC(=O)[C@@H](NC(=O)[C@@H](NC(=O)[C@@H](NC(=O)[C@@H](NC(=O)[C@@H](NC(=O)[C@@H](NC(=O)[C@@H](NC(=O)[C@@H](NC(=O)[C@@H](NC(=O)[C@@H](NC(=O)[C@@H](NC(=O)[C@@H](NC(=O)[C@@H](NC(=O)[C@@H](NC(=O)[C@@H](NC(=O)[C@@H](NC(=O)CNC(=O)[C@H]1N(C(=O)[C@@H](NC(=O)[C@@H](NC(=O)[C@H]2N(C(=O)[C@@H](NC(=O)[C@@H](NC(=O)[C@@H](NC(=O)[C@@H](NC(=O)[C@@H](NC(=O)[C@@H](NC(=O)[C@@H](NC(=O)[C@@H](NC(=O)[C@@H](NC(=O)[C@@H](NC(=O)[C@@H](NC(=O)[C@@H](NC(=O)[C@@H](NC(=O)[C@@H](NC(=O)[C@@H](NC(=O)[C@@H](NC(=O)[C@@H](NC(=O)[C@@H](NC(=O)[C@@H](NC(=O)[C@@H](NC(=O)[C@@H](NC(=O)[C@@H](NC(=O)[C@@H](NC(=O)[C@@H](NC(=O)[C@@H](NC(=O)[C@@H](NC(=O)[C@@H](NC(=O)[C@@H](NC(=O)[C@H]3N(C(=O)[C@@H](NC(=O)[C@@H](NC(=O)[C@@H](NC(=O)[C@@H](NC(=O)[C@@H](NC(=O)[C@@H]([NH3+])C)C)C)C)CC(C)C)CCC(=O)[O-])CCC3)CCSC)CC(C)C)CCCC[NH3+])Cc3ccccc3)Cc3nc[nH]c3)Cc3ccc(O)cc3)CCSC)CC(C)C)CCCC[NH3+])CCCC[NH3+])CC(C)C)CCC(=O)N)CC(C)C)Cc3nc[nH]c3)CCC(=O)[O-])CCC(=O)[O-])CCC(=O)[O-])Cc3ccc(O)cc3)C(C)C)CC(C)C)CCSC)CCC(=O)N)C)[C@@H](C)CC)CO)CC(C)C)Cc3ccccc3)CO)CCC2)CC(=O)[O-])CCCNC(=[NH2+])N)CCC1)C(C)C)CC(C)C)CCC(=O)N)Cc1nc[nH]c1)C)C(C)C)C(C)C)CC(=O)[O-])CCC(=O)N)CC(C)C)CCC(=O)N)CCC(=O)[O-])CCC(=O)N)Cc1ccccc1)C)[C@@H](C)CC)[C@H](O)C)CC(C)C)CCCC[NH3+])CO)Cc1ccc(O)cc1)[C@@H](C)CC)CCC(=O)[O-])C(=O)N[C@@H](CC(=O)N)C(=O)N[C@@H](CCCNC(=[NH2+])N)C(=O)N1[C@H](C(=O)N[C@@H](CCC(=O)N)C(=O)N2[C@H](C(=O)N[C@@H](C)C(=O)N[C@@H](Cc3nc[nH]c3)C(=O)N[C@@H](CCCNC(=[NH2+])N)C(=O)N[C@@H](Cc3ccccc3)C(=O)N[C@@H](CC(C)C)C(=O)N[C@@H](Cc3ccccc3)C(=O)N[C@@H](CC(C)C)C(=O)N[C@@H](CCCC[NH3+])C(=O)N[C@@H]([C@@H](C)CC)C(=O)N[C@@H](CCSC)C(=O)N[C@@H](C)C(=O)N[C@@H](CCSC)C(=O)N[C@@H](CC(C)C)C(=O)N[C@@H]([C@H](O)C)C(=O)N[C@@H](CCC(=O)[O-])C(=O)N[C@@H](CC(C)C)C(=O)N[C@@H](CCCNC(=[NH2+])N)C(=O)N[C@@H](CO)C(=O)N[C@@H]([C@@H](C)CC)C(=O)N[C@@H](CC(=O)N)C(=O)N[C@@H](C)C(=O)N[C@@H](CCC(=O)N)C(=O)N[C@@H](Cc3nc[nH]c3)C(=O)N[C@@H]([C@H](O)C)C(=O)N[C@@H](CCC(=O)N)C(=O)N[C@@H](CCCNC(=[NH2+])N)C(=O)N[C@@H](CC(C)C)C(=O)N[C@@H](CC)C(=O)N[C@@H](CCCNC(=[NH2+])N)C(=O)N[C@@H]([C@@H](C)CC)C(=O)N[C@@H](CCC(=O)N)C(=O)N[C@@H](CC(=O)[O-])C(=O)N[C@@H]([C@@H](C)CC)C(=O)N[C@@H](Cc3nc[nH]c3)C(=O)N3[C@H](C(=O)N[C@@H](Cc4ccccc4)C(=O)N[C@@H](C)C(=O)N[C@@H]([C@H](O)C)C(=O)N4[C@H](C(=O)N[C@@H](CC(C)C)C(=O)N[C@@H](CCSC)C(=O)N[C@@H](CCC(=O)N)C(=O)N[C@@H](CCC(=O)[O-])C(=O)N[C@@H](CC(C)C)C(=O)N[C@@H](Cc5ccccc5)C(=O)NCC=O)CCC4)CCC3)CCC2)CCC1.S(C)CC[C@H](NC(=O)[C@@H](NC(=O)[C@@H](NC(=O)[C@@H](NC(=O)[C@@H](NC(=O)[C@@H](NC(=O)[C@@H](NC(=O)C[NH3+])CC(C)C)[C@H](O)C)CCC(=O)[O-])CCC(=O)[O-])CCC(=O)N)CCCNC(=[NH2+])N)C(=O)N[C@@H](CCSC)C(=O)N[C@@H]([C@@H](C)CC)C(=O)N[C@@H](CCCNC(=[NH2+])N)C(=O)N[C@@H](CCC(=O)[O-])C(=O)N[C@@H](CC(C)C)C(=O)N[C@@H](CCSC)C(=O)N[C@@H](CC(=O)[O-])C(=O)N[C@@H](C)C(=O)N[C@@H](CCC(=O)N)C(=O)N[C@@H](CCSC)C(=O)N[C@@H](CCCC[NH3+])C(=O)N[C@@H]([C@H](O)C)C(=O)N[C@@H](Cc1ccccc1)C(=O)N[C@@H](CC(=O)[O-])C(=O)N[C@@H]([C@H](O)C)C(=O)N[C@@H]([C@H](O)C)C(=O)N[C@@H](Cc1ccccc1)C(=O)N[C@@H](CO)C(=O)N[C@@H](Cc1nc[nH]c1)C(=O)N[C@@H](Cc1ccccc1)C(=O)N[C@@H](C)C(=O)N[C@@H](CC(=O)N)C(=O)N[C@@H](Cc1ccccc1)C(=O)N[C@@H](CCCNC(=[NH2+])N)C(=O)N[C@@H](CC(C)C)C(=O)N1[C@H](C(=O)NCC=O)CCC1.OC[C@H](NC(=O)CNC(=O)[C@@H](NC(=O)[C@@H](NC(=O)[C@@H](NC(=O)[C@@H](NC(=O)[C@@H](NC(=O)[C@@H](NC(=O)[C@@H](NC(=O)[C@@H](NC(=O)[C@@H](NC(=O)[C@@H](NC(=O)[C@@H](NC(=O)[C@@H](NC(=O)[C@@H](NC(=O)[C@@H](NC(=O)[C@@H]([NH3+])CO)CC(C)C)[C@H](O)C)CCC(=O)[O-])CCCNC(=[NH2+])N)Cc1nc[nH]c1)C)[C@@H](C)CC)CC(C)C)Cc1nc[nH]c1)C)CC(C)C)CC(C)C)CCC(=O)N)CCC(=O)[O-])C=O"
"PXR_pdbalignments_holo_TIER1_sorted_moesession.moe","2026-05-29 13:43:33","8SVT.A",286,2292,32565.4,"SC[C@H](NC(=O)[C@@H](NC(=O)[C@@H](NC(=O)[C@@H](NC(=O)CNC(=O)[C@@H](NC(=O)[C@@H](NC(=O)[C@@H](NC(=O)[C@@H](NC(=O)[C@@H](NC(=O)[C@@H](NC(=O)[C@@H](NC(=O)[C@@H](NC(=O)[C@@H](NC(=O)[C@@H](NC(=O)[C@@H](NC(=O)[C@@H](NC(=O)[C@@H](NC(=O)[C@@H](NC(=O)[C@@H](NC(=O)[C@@H](NC(=O)[C@@H](NC(=O)[C@@H](NC(=O)CNC(=O)[C@@H](NC(=O)[C@@H](NC(=O)[C@@H](NC(=O)[C@@H](NC(=O)[C@@H](NC(=O)[C@@H](NC(=O)[C@@H](NC(=O)[C@@H](NC(=O)[C@@H](NC(=O)[C@H]1N(C(=O)[C@@H](NC(=O)[C@@H](NC(=O)[C@@H](NC(=O)[C@@H](NC(=O)[C@@H](NC(=O)[C@@H](NC(=O)[C@@H](NC(=O)[C@@H](NC(=O)[C@@H](NC(=O)[C@@H](NC(=O)[C@@H](NC(=O)[C@@H](NC(=O)[C@@H](NC(=O)[C@@H](NC(=O)CNC(=O)[C@@H](NC(=O)[C@@H](NC(=O)[C@@H](NC(=O)[C@@H](NC(=O)[C@@H](NC(=O)[C@@H](NC(=O)[C@@H](NC(=O)[C@@H](NC(=O)[C@@H](NC(=O)[C@@H](NC(=O)[C@@H](NC(=O)[C@H]2N(C(=O)[C@@H](NC(=O)[C@@H](NC(=O)[C@@H](NC(=O)[C@@H](NC(=O)[C@@H](NC(=O)[C@@H](NC(=O)[C@@H](NC(=O)C[NH3+])C)CCC(=O)[O-])[C@@H](C)CC)Cc3ccccc3)CO)CC(C)C)CC(C)C)CCC2)Cc2nc[nH]c2)CCSC)C)CC(=O)[O-])CCSC)CO)[C@H](O)C)Cc2ccc(O)cc2)CCSC)Cc2ccccc2)CCCC[NH3+])[C@@H](C)CC)[C@@H](C)CC)CO)Cc2ccccc2)C)CCCC[NH3+])C(C)C)[C@@H](C)CC)CO)Cc2ccc(O)cc2)Cc2ccccc2)CCCNC(=[NH2+])N)CC(=O)[O-])CC(C)C)CCC1)[C@@H](C)CC)CCC(=O)[O-])CC(=O)[O-])CCC(=O)N)[C@@H](C)CC)CO)CC(C)C)CC(C)C)CCCC[NH3+])C)C)Cc1ccccc1)CCC(=O)[O-])CC(C)C)CS)CCC(=O)N)CC(C)C)CCCNC(=[NH2+])N)Cc1ccccc1)CC(=O)N)[C@H](O)C)C(C)C)Cc1ccccc1)CC(=O)N)C)CCC(=O)[O-])[C@H](O)C)[C@H](O)C)Cc1c[nH]c2ccccc12)CCC(=O)[O-])C(=O)NCC(=O)N[C@@H](CCCNC(=[NH2+])N)C(=O)N[C@@H](CC(C)C)C(=O)N[C@@H](CO)C(=O)N[C@@H](Cc1ccc(O)cc1)C(=O)N[C@@H](CS)C(=O)N[C@@H](CC(C)C)C(=O)N[C@@H](CCC(=O)[O-])C(=O)N[C@@H](CC(=O)[O-])C(=O)N[C@@H]([C@H](O)C)C(=O)N[C@@H](C)C(=O)NCC(=O)NCC(=O)N[C@@H](Cc1ccccc1)C(=O)N[C@@H](CCC(=O)N)C(=O)N[C@@H](CCC(=O)N)C(=O)N[C@@H](CC(C)C)C(=O)N[C@@H](CC(C)C)C(=O)N[C@@H](CC(C)C)C(=O)N[C@@H](CCC(=O)[O-])C(=O)N1[C@H](C(=O)N[C@@H](CCSC)C(=O)N[C@@H](CC(C)C)C(=O)N[C@@H](CCCC[NH3+])C(=O)N[C@@H](Cc2ccccc2)C(=O)N[C@@H](Cc2nc[nH]c2)C(=O)N[C@@H](Cc2ccc(O)cc2)C(=O)N[C@@H](CCSC)C(=O)N[C@@H](CC(C)C)C(=O)N[C@@H](CCCC[NH3+])C(=O)N[C@@H](CCCC[NH3+])C(=O)N[C@@H](CC(C)C)C(=O)N[C@@H](CCC(=O)N)C(=O)N[C@@H](CC(C)C)C(=O)N[C@@H](Cc2nc[nH]c2)C(=O)N[C@@H](CCC(=O)[O-])C(=O)N[C@@H](CCC(=O)[O-])C(=O)N[C@@H](CCC(=O)[O-])C(=O)N[C@@H](Cc2ccc(O)cc2)C(=O)N[C@@H](C(C)C)C(=O)N[C@@H](CC(C)C)C(=O)N[C@@H](CCSC)C(=O)N[C@@H](CCC(=O)N)C(=O)N[C@@H](C)C(=O)N[C@@H]([C@@H](C)CC)C(=O)N[C@@H](CO)C(=O)N[C@@H](CC(C)C)C(=O)N[C@@H](Cc2ccccc2)C(=O)N[C@@H](CO)C(=O)N2[C@H](C(=O)N[C@@H](CC(=O)[O-])C(=O)N[C@@H](CCCNC(=[NH2+])N)C(=O)N3[C@H](C(=O)NCC(=O)N[C@@H](C(C)C)C(=O)N[C@@H](CC(C)C)C(=O)N[C@@H](CCC(=O)N)C(=O)N[C@@H](Cc4nc[nH]c4)C(=O)N[C@@H](C)C(=O)N[C@@H](C(C)C)C(=O)N[C@@H](C(C)C)C(=O)N[C@@H](CC(=O)[O-])C(=O)N[C@@H](CCC(=O)N)C(=O)N[C@@H](CC(C)C)C(=O)N[C@@H](CCC(=O)N)C(=O)N[C@@H](CCC(=O)[O-])C(=O)N[C@@H](CCC(=O)N)C(=O)N[C@@H](Cc4ccccc4)C(=O)N[C@@H](C)C(=O)N[C@@H]([C@@H](C)CC)C(=O)N[C@@H]([C@H](O)C)C(=O)N[C@@H](CC(C)C)C(=O)N[C@@H](CCCC[NH3+])C(=O)N[C@@H](CO)C(=O)N[C@@H](Cc4ccc(O)cc4)C(=O)N[C@@H]([C@@H](C)CC)C(=O)N[C@@H](CCC(=O)[O-])C(=O)N[C@@H](CS)C(=O)N[C@@H](CC(=O)N)C(=O)N[C@@H](CCCNC(=[NH2+])N)C(=O)N4[C@H](C(=O)N[C@@H](C)C(=O)N5[C@H](C(=O)N[C@@H](C)C(=O)N[C@@H](Cc6nc[nH]c6)C(=O)N[C@@H](CCCNC(=[NH2+])N)C(=O)N[C@@H](Cc6ccccc6)C(=O)N[C@@H](CC(C)C)C(=O)N[C@@H](Cc6ccccc6)C(=O)N[C@@H](CC(C)C)C(=O)N[C@@H](CCCC[NH3+])C(=O)N[C@@H]([C@@H](C)CC)C(=O)N[C@@H](CCSC)C(=O)N[C@@H](C)C(=O)N[C@@H](CCSC)C(=O)N[C@@H](CC(C)C)C(=O)N[C@@H]([C@H](O)C)C(=O)N[C@@H](CCC(=O)[O-])C(=O)N[C@@H](CC(C)C)C(=O)N[C@@H](CCCNC(=[NH2+])N)C(=O)N[C@@H](CO)C(=O)N[C@@H]([C@@H](C)CC)C(=O)N[C@@H](CC(=O)N)C(=O)N[C@@H](C)C(=O)N[C@@H](CCC(=O)N)C(=O)N[C@@H](Cc6nc[nH]c6)C(=O)N[C@@H]([C@H](O)C)C(=O)N[C@@H](CCC(=O)N)C(=O)N[C@@H](CCCNC(=[NH2+])N)C(=O)N[C@@H](CC(C)C)C(=O)N[C@@H](CC(C)C)C(=O)N[C@@H](CCCNC(=[NH2+])N)C(=O)N[C@@H]([C@@H](C)CC)C(=O)N[C@@H](CCC(=O)N)C(=O)N[C@@H](CC(=O)[O-])C(=O)N[C@@H]([C@@H](C)CC)C(=O)N[C@@H](Cc6nc[nH]c6)C(=O)N6[C@H](C(=O)N[C@@H](Cc7ccccc7)C(=O)N[C@@H](C)C(=O)N[C@@H]([C@H](O)C)C(=O)N7[C@H](C(=O)N[C@@H](CC(C)C)C(=O)N[C@@H](CCSC)C(=O)N[C@@H](CCC(=O)N)C(=O)N[C@@H](CCC(=O)[O-])C(=O)N[C@@H](CC(C)C)C(=O)N[C@@H](Cc8ccccc8)C(=O)NCC(=O)N[C@H](C=O)[C@@H](C)CC)CCC7)CCC6)CCC5)CCC4)CCC3)CCC2)CCC1.S(C)CC[C@H](NC(=O)[C@@H](NC(=O)[C@@H](NC(=O)[C@@H](NC(=O)[C@@H](NC(=O)[C@@H](NC(=O)[C@@H](NC(=O)C[NH3+])CC(C)C)[C@H](O)C)CCC(=O)[O-])C)CCC(=O)N)CCCNC(=[NH2+])N)C(=O)N[C@@H](CCSC)C(=O)N[C@@H]([C@@H](C)CC)C(=O)N[C@@H](CCCNC(=[NH2+])N)C(=O)N[C@@H](CCC(=O)[O-])C(=O)N[C@@H](CC(C)C)C(=O)N[C@@H](CCSC)C(=O)N[C@@H](CC(=O)[O-])C(=O)N[C@@H](C)C(=O)N[C@@H](CCC(=O)N)C(=O)N[C@@H](CCSC)C(=O)N[C@@H](CCCC[NH3+])C(=O)N[C@@H]([C@H](O)C)C(=O)N[C@@H](Cc1ccccc1)C(=O)N[C@@H](CC(=O)[O-])C(=O)N[C@@H]([C@H](O)C)C(=O)N[C@@H]([C@H](O)C)C(=O)N[C@@H](Cc1ccccc1)C(=O)N[C@@H](CO)C(=O)N[C@@H](Cc1nc[nH]c1)C(=O)N[C@@H](Cc1ccccc1)C(=O)N[C@@H](C)C(=O)N[C@@H](CC(=O)N)C(=O)N[C@@H](Cc1ccccc1)C(=O)N[C@@H](CCCNC(=[NH2+])N)C(=O)N[C@@H](CC(C)C)C(=O)N1[C@H](C(=O)NCC(=O)N[C@@H](C(C)C)C(=O)N[C@@H](C)C=O)CCC1.OC[C@H](NC(=O)CNC(=O)[C@@H](NC(=O)[C@@H](NC(=O)CNC(=O)[C@@H](NC(=O)[C@@H](NC(=O)[C@@H](NC(=O)[C@@H](NC(=O)[C@@H](NC(=O)[C@@H](NC(=O)[C@@H](NC(=O)[C@@H](NC(=O)[C@@H](NC(=O)[C@@H](NC(=O)[C@@H](NC(=O)[C@@H](NC(=O)[C@@H](NC(=O)[C@@H](NC(=O)[C@@H](NC(=O)[C@@H](NC(=O)[C@@H](NC(=O)[C@@H](NC(=O)[C@@H](NC(=O)[C@@H](NC(=O)[C@@H](NC(=O)[C@@H](NC(=O)[C@@H](NC(=O)[C@@H]([NH3+])C)C)CCC(=O)[O-])C)C)CCCC[NH3+])Cc1c[nH]c2ccccc12)CO)CCC(=O)N)C(C)C)CCCNC(=[NH2+])N)CCCC[NH3+])CC(=O)[O-])CC(C)C)C)C)CC(C)C)CCCC[NH3+])C(C)C)CO)CC(C)C)CCC(=O)N)CC(C)C)CCCNC(=[NH2+])N)C)CC(=O)[O-])C(=O)N[C@@H](C(C)C)C(=O)N[C@@H](Cc1c[nH]c2ccccc12)C(=O)N[C@@H](CC(=O)N)C(=O)N[C@@H](Cc1ccc(O)cc1)C(=O)N[C@@H](C)C(=O)N1[C@H](C(=O)N2[C@H](C(=O)N[C@@H](C)C(=O)N[C@@H](C)C=O)CCC2)CCC1.O=C[C@@H](NC(=O)[C@@H](NC(=O)[C@@H](NC(=O)[C@@H](NC(=O)[C@@H](NC(=O)[C@@H](NC(=O)[C@@H](NC(=O)[C@@H](NC(=O)[C@@H](NC(=O)[C@@H](NC(=O)[C@@H](NC(=O)[C@@H]([NH3+])C)CCCNC(=[NH2+])N)Cc1nc[nH]c1)C)[C@@H](C)CC)CC(C)C)Cc1nc[nH]c1)CCCNC(=[NH2+])N)CC(C)C)CC(C)C)CCC(=O)N)CCC(=O)[O-]"
"PXR_pdbalignments_holo_TIER1_sorted_moesession.moe","2026-05-29 13:43:33","8SVT.A",1,36,496.564,"O(C)C(=O)c1cc(NC(=O)c2c(C)n(-c3c(OC)ccc(OC)c3)nn2)c(O[C@@H](CC)CCC)cc1"
"PXR_pdbalignments_holo_TIER1_sorted_moesession.moe","2026-05-29 13:43:33","8SVT.A",50,50,800,"O.O.O.O.O.O.O.O.O.O.O.O.O.O.O.O.O.O.O.O.O.O.O.O.O.O.O.O.O.O.O.O.O.O.O.O.O.O.O.O.O.O.O.O.O.O.O.O.O.O"
"PXR_pdbalignments_holo_TIER1_sorted_moesession.moe","2026-05-29 13:43:33","8SVT.B",28,28,448,"O.O.O.O.O.O.O.O.O.O.O.O.O.O.O.O.O.O.O.O.O.O.O.O.O.O.O.O"
"PXR_pdbalignments_holo_TIER1_sorted_moesession.moe","2026-05-29 13:43:33","8SVX.A",286,2265,32198,"SC[C@H](NC(=O)[C@@H](NC(=O)[C@@H](NC(=O)[C@@H](NC(=O)CNC(=O)[C@@H](NC(=O)[C@@H](NC(=O)[C@@H](NC(=O)[C@@H](NC(=O)[C@@H](NC(=O)[C@@H](NC(=O)[C@@H](NC(=O)[C@@H](NC(=O)[C@@H](NC(=O)[C@@H](NC(=O)[C@@H](NC(=O)[C@@H](NC(=O)[C@@H](NC(=O)[C@@H](NC(=O)[C@@H](NC(=O)[C@@H](NC(=O)[C@@H](NC(=O)[C@@H](NC(=O)CNC(=O)[C@@H](NC(=O)[C@@H](NC(=O)[C@@H](NC(=O)[C@@H](NC(=O)[C@@H](NC(=O)[C@@H](NC(=O)[C@@H](NC(=O)[C@@H](NC(=O)[C@@H](NC(=O)[C@H]1N(C(=O)[C@@H](NC(=O)[C@@H](NC(=O)[C@@H](NC(=O)[C@@H](NC(=O)[C@@H](NC(=O)[C@@H](NC(=O)[C@@H](NC(=O)[C@@H](NC(=O)[C@@H](NC(=O)[C@@H](NC(=O)[C@@H](NC(=O)[C@@H](NC(=O)[C@@H](NC(=O)[C@@H](NC(=O)CNC(=O)[C@@H](NC(=O)[C@@H](NC(=O)[C@@H](NC(=O)[C@@H](NC(=O)[C@@H](NC(=O)[C@@H](NC(=O)[C@@H](NC(=O)[C@@H](NC(=O)[C@@H](NC(=O)[C@@H](NC(=O)[C@@H](NC(=O)[C@H]2N(C(=O)[C@@H](NC(=O)[C@@H](NC(=O)[C@@H](NC(=O)[C@@H](NC(=O)[C@@H](NC(=O)[C@@H](NC(=O)[C@@H](NC(=O)CNC(=O)CNC(=O)[C@@H](NC(=O)[C@@H](NC(=O)[C@@H](NC(=O)[C@H]3N(C(=O)[C@H]4N(C(=O)[C@@H](NC(=O)[C@@H](NC(=O)[C@@H](NC(=O)[C@@H](NC(=O)[C@@H](NC(=O)[C@@H](NC(=O)CNC(=O)[C@@H](NC(=O)[C@@H](NC(=O)CNC(=O)[C@@H](NC(=O)[C@@H](NC(=O)[C@@H](NC(=O)[C@@H](NC(=O)[C@@H](NC(=O)[C@@H](NC(=O)[C@@H](NC(=O)[C@@H](NC(=O)[C@@H](NC(=O)[C@@H](NC(=O)[C@@H](NC(=O)[C@@H](NC(=O)[C@@H](NC(=O)[C@@H](NC(=O)[C@@H](NC(=O)[C@@H](NC(=O)[C@@H](NC(=O)[C@@H](NC(=O)[C@@H](NC(=O)[C@@H](NC(=O)[C@@H](NC(=O)[C@@H]([NH3+])C)C)C)C)Cc5c[nH]c6ccccc56)CO)CCC(=O)N)C(C)C)CCCNC(=[NH2+])N)C)CC(=O)[O-])CC(C)C)CS)CO)CC(C)C)C)C(C)C)CO)CC(C)C)CCC(=O)N)CC(C)C)CCCNC(=[NH2+])N)C)CC(=O)[O-])CO)C(C)C)Cc5c[nH]c6ccccc56)CC(=O)N)Cc5ccc(O)cc5)C)CCC4)CCC3)C)CC(=O)[O-])CO)C)C)[C@@H](C)CC)Cc3ccccc3)CO)CC(C)C)CC(C)C)CCC2)Cc2nc[nH]c2)CCSC)C)CC(=O)[O-])CCSC)CO)[C@H](O)C)Cc2ccc(O)cc2)CCSC)Cc2ccccc2)CCCC[NH3+])[C@@H](C)CC)[C@@H](C)CC)CO)Cc2ccccc2)C)CCCC[NH3+])C(C)C)[C@@H](C)CC)CO)Cc2ccc(O)cc2)Cc2ccccc2)CCCNC(=[NH2+])N)CC(=O)[O-])CC(C)C)CCC1)[C@@H](C)CC)CCC(=O)[O-])CC(=O)[O-])CCC(=O)N)[C@@H](C)CC)CO)CC(C)C)CC(C)C)CCCC[NH3+])C)C)Cc1ccccc1)CCC(=O)[O-])CC(C)C)CS)CCC(=O)N)CC(C)C)CCCNC(=[NH2+])N)Cc1ccccc1)CC(=O)N)[C@H](O)C)C(C)C)Cc1ccccc1)CC(=O)N)C)C)[C@H](O)C)[C@H](O)C)Cc1c[nH]c2ccccc12)CCC(=O)[O-])C(=O)NCC(=O)N[C@@H](C)C(=O)N[C@@H](CC(C)C)C(=O)N[C@@H](CO)C(=O)N[C@@H](Cc1ccc(O)cc1)C(=O)N[C@@H](CS)C(=O)N[C@@H](CC(C)C)C(=O)N[C@@H](C)C(=O)N[C@@H](C)C(=O)N[C@@H](C)C=O.SC[C@H](NC(=O)[C@@H](NC(=O)[C@@H](NC(=O)[C@@H](NC(=O)[C@@H](NC(=O)[C@@H](NC(=O)[C@@H](NC(=O)[C@@H](NC(=O)[C@@H](NC(=O)[C@@H](NC(=O)[C@@H](NC(=O)[C@@H](NC(=O)[C@@H](NC(=O)[C@@H](NC(=O)[C@@H](NC(=O)[C@@H](NC(=O)[C@@H](NC(=O)[C@@H](NC(=O)[C@@H](NC(=O)[C@@H](NC(=O)[C@@H](NC(=O)[C@@H](NC(=O)[C@@H](NC(=O)[C@@H](NC(=O)CNC(=O)[C@H]1N(C(=O)[C@@H](NC(=O)[C@@H](NC(=O)[C@H]2N(C(=O)[C@@H](NC(=O)[C@@H](NC(=O)[C@@H](NC(=O)[C@@H](NC(=O)[C@@H](NC(=O)[C@@H](NC(=O)[C@@H](NC(=O)[C@@H](NC(=O)[C@@H](NC(=O)[C@@H](NC(=O)[C@@H](NC(=O)[C@@H](NC(=O)[C@@H](NC(=O)[C@@H](NC(=O)[C@@H](NC(=O)[C@@H](NC(=O)[C@@H](NC(=O)[C@@H](NC(=O)[C@@H](NC(=O)[C@@H](NC(=O)[C@@H](NC(=O)[C@@H](NC(=O)[C@@H](NC(=O)[C@@H](NC(=O)[C@@H](NC(=O)[C@@H](NC(=O)[C@@H](NC(=O)[C@@H](NC(=O)[C@H]3N(C(=O)[C@@H](NC(=O)[C@@H](NC(=O)[C@@H](NC(=O)[C@@H](NC(=O)[C@@H](NC(=O)[C@@H](NC(=O)[C@@H]([NH3+])Cc4ccccc4)C)CCC(=O)N)CC(C)C)CC(C)C)CC(C)C)CCC(=O)[O-])CCC3)CCSC)CC(C)C)CCCC[NH3+])Cc3ccccc3)Cc3nc[nH]c3)Cc3ccc(O)cc3)CCSC)CC(C)C)CCCC[NH3+])CCCC[NH3+])CC(C)C)CCC(=O)N)CC(C)C)Cc3nc[nH]c3)CCC(=O)[O-])CCC(=O)[O-])CCC(=O)[O-])Cc3ccc(O)cc3)C(C)C)CC(C)C)CCSC)CCC(=O)N)C)[C@@H](C)CC)CO)CC(C)C)Cc3ccccc3)CO)CCC2)CC(=O)[O-])CCCNC(=[NH2+])N)CCC1)C(C)C)CC(C)C)CCC(=O)N)Cc1nc[nH]c1)C)C(C)C)C(C)C)CC(=O)[O-])CCC(=O)N)CC(C)C)CCC(=O)N)CCC(=O)[O-])C)Cc1ccccc1)C)[C@@H](C)CC)[C@H](O)C)CC(C)C)CCCC[NH3+])CO)Cc1ccc(O)cc1)[C@@H](C)CC)CCC(=O)[O-])C(=O)N[C@@H](CC(=O)N)C(=O)N[C@@H](CCCNC(=[NH2+])N)C(=O)N1[C@H](C(=O)N[C@@H](CCC(=O)N)C(=O)N2[C@H](C(=O)N[C@@H](C)C(=O)N[C@@H](Cc3nc[nH]c3)C(=O)N[C@@H](CCCNC(=[NH2+])N)C(=O)N[C@@H](Cc3ccccc3)C(=O)N[C@@H](CC(C)C)C(=O)N[C@@H](Cc3ccccc3)C(=O)N[C@@H](CC(C)C)C(=O)N[C@@H](CCCC[NH3+])C(=O)N[C@@H]([C@@H](C)CC)C(=O)N[C@@H](CCSC)C(=O)N[C@@H](C)C(=O)N[C@@H](CCSC)C(=O)N[C@@H](CC(C)C)C(=O)N[C@@H]([C@H](O)C)C(=O)N[C@@H](CCC(=O)[O-])C(=O)N[C@@H](CC(C)C)C(=O)N[C@@H](CCCNC(=[NH2+])N)C(=O)N[C@@H](CO)C(=O)N[C@@H]([C@@H](C)CC)C(=O)N[C@@H](CC(=O)N)C(=O)N[C@@H](C)C(=O)N[C@@H](CCC(=O)N)C(=O)N[C@@H](Cc3nc[nH]c3)C(=O)N[C@@H]([C@H](O)C)C(=O)N[C@@H](CCC(=O)N)C(=O)N[C@@H](CCCNC(=[NH2+])N)C(=O)N[C@@H](CC(C)C)C(=O)N[C@@H](CC(C)C)C(=O)N[C@@H](CCCNC(=[NH2+])N)C(=O)N[C@@H]([C@@H](C)CC)C(=O)N[C@@H](CCC(=O)N)C(=O)N[C@@H](CC(=O)[O-])C(=O)N[C@@H]([C@@H](C)CC)C(=O)N[C@@H](Cc3nc[nH]c3)C(=O)N3[C@H](C(=O)N[C@@H](Cc4ccccc4)C(=O)N[C@@H](C)C(=O)N[C@@H]([C@H](O)C)C(=O)N4[C@H](C(=O)N[C@@H](CC(C)C)C(=O)N[C@@H](CCSC)C(=O)N[C@@H](CCC(=O)N)C(=O)N[C@@H](CCC(=O)[O-])C(=O)N[C@@H](C(C)C)C(=O)N[C@@H](Cc5ccccc5)C(=O)NCC(=O)N[C@@H]([C@@H](C)CC)C(=O)N[C@H](C=O)[C@H](O)C)CCC4)CCC3)CCC2)CCC1.S(C)CC[C@H](NC(=O)[C@@H](NC(=O)[C@@H](NC(=O)[C@@H](NC(=O)[C@@H](NC(=O)[C@@H](NC(=O)[C@@H](NC(=O)C[NH3+])CC(C)C)[C@H](O)C)CCC(=O)[O-])C)CCC(=O)N)CCCNC(=[NH2+])N)C(=O)N[C@@H](CCSC)C(=O)N[C@@H]([C@@H](C)CC)C(=O)N[C@@H](C)C(=O)N[C@@H](CCC(=O)[O-])C(=O)N[C@@H](CC(C)C)C(=O)N[C@@H](CCSC)C(=O)N[C@@H](CC(=O)[O-])C(=O)N[C@@H](C)C(=O)N[C@@H](CCC(=O)N)C(=O)N[C@@H](CCSC)C(=O)N[C@@H](CCCC[NH3+])C(=O)N[C@@H]([C@H](O)C)C(=O)N[C@@H](Cc1ccccc1)C(=O)N[C@@H](CC(=O)[O-])C(=O)N[C@@H]([C@H](O)C)C(=O)N[C@@H]([C@H](O)C)C(=O)N[C@@H](Cc1ccccc1)C(=O)N[C@@H](CO)C(=O)N[C@@H](Cc1nc[nH]c1)C(=O)N[C@@H](Cc1ccccc1)C(=O)N[C@@H](CCCC[NH3+])C(=O)N[C@@H](CC(=O)N)C(=O)N[C@@H](Cc1ccccc1)C(=O)N[C@@H](CCCNC(=[NH2+])N)C(=O)N[C@@H](CC(C)C)C(=O)N1[C@H](C(=O)NCC(=O)N[C@H](C=O)C(C)C)CCC1.OC[C@H]([NH3+])C(=O)N[C@@H](CC(C)C)C(=O)N[C@@H]([C@H](O)C)C(=O)N[C@@H](C)C(=O)N[C@@H](CCCNC(=[NH2+])N)C(=O)N[C@@H](Cc1nc[nH]c1)C(=O)N[C@@H](CCCC[NH3+])C(=O)N[C@@H]([C@@H](C)CC)C(=O)N[C@@H](CC(C)C)C(=O)N[C@@H](Cc1nc[nH]c1)C(=O)N[C@@H](CCCNC(=[NH2+])N)C(=O)N[C@@H](CC(C)C)C(=O)N[C@@H](CC(C)C)C(=O)N[C@@H](CCC(=O)N)C(=O)N[C@@H](CCC(=O)[O-])C=O"
"PXR_pdbalignments_holo_TIER1_sorted_moesession.moe","2026-05-29 13:43:33","8SVX.A",1,36,496.564,"O(C)C(=O)c1cc(NC(=O)c2c(C)n(-c3c(OC)ccc(OC)c3)nn2)c(O[C@@H](CC)CCC)cc1"
"PXR_pdbalignments_holo_TIER1_sorted_moesession.moe","2026-05-29 13:43:33","8SVX.A",49,49,784,"O.O.O.O.O.O.O.O.O.O.O.O.O.O.O.O.O.O.O.O.O.O.O.O.O.O.O.O.O.O.O.O.O.O.O.O.O.O.O.O.O.O.O.O.O.O.O.O.O"
"PXR_pdbalignments_holo_TIER1_sorted_moesession.moe","2026-05-29 13:43:33","8SVX.B",39,39,624,"O.O.O.O.O.O.O.O.O.O.O.O.O.O.O.O.O.O.O.O.O.O.O.O.O.O.O.O.O.O.O.O.O.O.O.O.O.O.O"
"PXR_pdbalignments_holo_TIER1_sorted_moesession.moe","2026-05-29 13:43:33","8SZV.A",274,2137,30383.5,"SC[C@H](NC(=O)[C@@H](NC(=O)[C@@H](NC(=O)[C@@H](NC(=O)CNC(=O)[C@@H](NC(=O)[C@@H](NC(=O)[C@@H](NC(=O)[C@@H](NC(=O)[C@@H](NC(=O)[C@@H](NC(=O)[C@@H](NC(=O)[C@@H](NC(=O)[C@@H](NC(=O)[C@@H](NC(=O)[C@@H](NC(=O)[C@@H](NC(=O)[C@@H](NC(=O)[C@@H](NC(=O)[C@@H](NC(=O)[C@@H](NC(=O)[C@@H](NC(=O)[C@@H](NC(=O)CNC(=O)[C@@H](NC(=O)[C@@H](NC(=O)[C@@H](NC(=O)[C@@H](NC(=O)[C@@H](NC(=O)[C@@H](NC(=O)[C@@H](NC(=O)[C@@H](NC(=O)[C@@H](NC(=O)[C@H]1N(C(=O)[C@@H](NC(=O)[C@@H](NC(=O)[C@@H](NC(=O)[C@@H](NC(=O)[C@@H](NC(=O)[C@@H](NC(=O)[C@@H](NC(=O)[C@@H](NC(=O)[C@@H](NC(=O)[C@@H](NC(=O)[C@@H](NC(=O)[C@@H](NC(=O)[C@@H](NC(=O)[C@@H](NC(=O)CNC(=O)[C@@H](NC(=O)[C@@H](NC(=O)[C@@H](NC(=O)[C@@H](NC(=O)[C@@H](NC(=O)[C@@H](NC(=O)[C@@H](NC(=O)[C@@H](NC(=O)[C@@H](NC(=O)[C@@H](NC(=O)[C@@H](NC(=O)[C@H]2N(C(=O)[C@@H](NC(=O)[C@@H](NC(=O)[C@@H](NC(=O)[C@@H](NC(=O)[C@@H](NC(=O)[C@@H](NC(=O)[C@@H](NC(=O)CNC(=O)CNC(=O)[C@@H](NC(=O)[C@@H](NC(=O)[C@@H](NC(=O)[C@H]3N(C(=O)[C@H]4N(C(=O)[C@@H](NC(=O)[C@@H](NC(=O)[C@@H](NC(=O)[C@@H](NC(=O)[C@@H](NC(=O)[C@@H](NC(=O)CNC(=O)[C@@H](NC(=O)[C@@H](NC(=O)CNC(=O)[C@@H](NC(=O)[C@@H](NC(=O)[C@@H](NC(=O)[C@@H](NC(=O)[C@@H](NC(=O)[C@@H](NC(=O)[C@@H](NC(=O)[C@@H](NC(=O)[C@@H](NC(=O)[C@@H](NC(=O)[C@@H](NC(=O)[C@@H](NC(=O)[C@@H](NC(=O)[C@@H](NC(=O)[C@@H](NC(=O)[C@@H](NC(=O)[C@@H](NC(=O)[C@@H](NC(=O)[C@@H](NC(=O)[C@@H]([NH3+])C)C)C)CO)C)C)C)C)CC(=O)[O-])CC(C)C)C)C)CC(C)C)C)C(C)C)CO)CC(C)C)CCC(=O)N)CC(C)C)CCCNC(=[NH2+])N)C)CC(=O)[O-])CO)C(C)C)Cc5c[nH]c6ccccc56)CC(=O)N)Cc5ccc(O)cc5)CC)CCC4)CCC3)C)CC(=O)[O-])C)C)CCC(=O)[O-])[C@@H](C)CC)Cc3ccccc3)CO)CC(C)C)CC(C)C)CCC2)Cc2nc[nH]c2)CCSC)C)CC(=O)[O-])CCSC)CO)[C@H](O)C)Cc2ccc(O)cc2)CCSC)Cc2ccccc2)CCCC[NH3+])[C@@H](C)CC)[C@@H](C)CC)CO)Cc2ccccc2)C)CCCC[NH3+])C(C)C)[C@@H](C)CC)CO)Cc2ccc(O)cc2)Cc2ccccc2)CCCNC(=[NH2+])N)CC(=O)[O-])CC(C)C)CCC1)[C@@H](C)CC)CCC(=O)[O-])CC(=O)[O-])CCC(=O)N)[C@@H](C)CC)CO)CC(C)C)CC(C)C)CCCC[NH3+])C)C)Cc1ccccc1)CCC(=O)[O-])CC(C)C)CS)CCC(=O)N)CC(C)C)CCCNC(=[NH2+])N)Cc1ccccc1)CC(=O)N)[C@H](O)C)C(C)C)Cc1ccccc1)CC(=O)N)C)CCC(=O)[O-])[C@H](O)C)[C@H](O)C)Cc1c[nH]c2ccccc12)CCC(=O)[O-])C(=O)NCC(=O)N[C@@H](CCCNC(=[NH2+])N)C(=O)N[C@@H](CC(C)C)C(=O)N[C@@H](CO)C(=O)N[C@@H](Cc1ccc(O)cc1)C(=O)N[C@@H](CS)C(=O)N[C@@H](CC(C)C)C(=O)N[C@@H](CCC(=O)[O-])C(=O)N[C@@H](C)C(=O)N[C@@H](C)C(=O)N[C@@H](C)C(=O)NCC(=O)NCC(=O)N[C@@H](C)C(=O)N[C@@H](C)C(=O)N[C@@H](CCC(=O)N)C(=O)N[C@@H](CC(C)C)C(=O)N[C@@H](CC(C)C)C(=O)N[C@@H](CC(C)C)C(=O)N[C@@H](CCC(=O)[O-])C(=O)N1[C@H](C(=O)N[C@@H](CCSC)C(=O)N[C@@H](CC(C)C)C(=O)N[C@@H](CCCC[NH3+])C(=O)N[C@@H](Cc2ccccc2)C(=O)N[C@@H](Cc2nc[nH]c2)C(=O)N[C@@H](Cc2ccc(O)cc2)C(=O)N[C@@H](CCSC)C(=O)N[C@@H](CC(C)C)C(=O)N[C@@H](CCCC[NH3+])C(=O)N[C@@H](CC)C(=O)N[C@@H](CC(C)C)C(=O)N[C@@H](CCC(=O)N)C(=O)N[C@@H](CC(C)C)C(=O)N[C@@H](Cc2nc[nH]c2)C(=O)N[C@@H](CCC(=O)[O-])C(=O)N[C@@H](CCC(=O)[O-])C(=O)N[C@@H](CCC(=O)[O-])C(=O)N[C@@H](Cc2ccc(O)cc2)C(=O)N[C@@H](C(C)C)C(=O)N[C@@H](CC(C)C)C(=O)N[C@@H](CCSC)C(=O)N[C@@H](CCC(=O)N)C(=O)N[C@@H](C)C(=O)N[C@@H]([C@@H](C)CC)C(=O)N[C@@H](CO)C(=O)N[C@@H](CC(C)C)C(=O)N[C@@H](Cc2ccccc2)C(=O)N[C@@H](CO)C(=O)N2[C@H](C(=O)N[C@@H](CC(=O)[O-])C(=O)N[C@@H](CCCNC(=[NH2+])N)C(=O)N3[C@H](C(=O)NCC(=O)N[C@@H](C(C)C)C(=O)N[C@@H](CC(C)C)C(=O)N[C@@H](CCC(=O)N)C(=O)N[C@@H](Cc4nc[nH]c4)C(=O)N[C@@H](C)C(=O)N[C@@H](C(C)C)C(=O)N[C@@H](C(C)C)C(=O)N[C@@H](CC(=O)[O-])C(=O)N[C@@H](CCC(=O)N)C(=O)N[C@@H](CC(C)C)C(=O)N[C@@H](CCC(=O)N)C(=O)N[C@@H](CCC(=O)[O-])C(=O)N[C@@H](CCC(=O)N)C(=O)N[C@@H](Cc4ccccc4)C(=O)N[C@@H](C)C(=O)N[C@@H]([C@@H](C)CC)C(=O)N[C@@H]([C@H](O)C)C(=O)N[C@@H](CC(C)C)C(=O)N[C@@H](CCCC[NH3+])C(=O)N[C@@H](CO)C(=O)N[C@@H](Cc4ccc(O)cc4)C(=O)N[C@@H]([C@@H](C)CC)C(=O)N[C@@H](CCC(=O)[O-])C(=O)N[C@@H](CS)C(=O)N[C@@H](CC(=O)N)C(=O)N[C@@H](CCCNC(=[NH2+])N)C(=O)N4[C@H](C(=O)N[C@@H](CCC(=O)N)C(=O)N5[C@H](C(=O)N[C@@H](C)C(=O)N[C@@H](Cc6nc[nH]c6)C(=O)N[C@@H](CCCNC(=[NH2+])N)C(=O)N[C@@H](Cc6ccccc6)C(=O)N[C@@H](CC(C)C)C(=O)N[C@@H](Cc6ccccc6)C(=O)N[C@@H](CC(C)C)C(=O)N[C@@H](CCCC[NH3+])C(=O)N[C@@H]([C@@H](C)CC)C(=O)N[C@@H](CCSC)C(=O)N[C@@H](C)C(=O)N[C@@H](CCSC)C(=O)N[C@@H](CC(C)C)C(=O)N[C@@H]([C@H](O)C)C(=O)N[C@@H](CCC(=O)[O-])C(=O)N[C@@H](CC(C)C)C(=O)N[C@@H](CCCNC(=[NH2+])N)C(=O)N[C@@H](CO)C(=O)N[C@@H]([C@@H](C)CC)C(=O)N[C@@H](CC(=O)N)C(=O)N[C@@H](C)C(=O)N[C@@H](CCC(=O)N)C(=O)N[C@@H](Cc6nc[nH]c6)C(=O)N[C@@H]([C@H](O)C)C(=O)N[C@@H](CCC(=O)N)C(=O)N[C@@H](C)C(=O)N[C@@H](CC(C)C)C(=O)N[C@@H](CC(C)C)C(=O)N[C@@H](CCCNC(=[NH2+])N)C(=O)N[C@@H]([C@@H](C)CC)C(=O)N[C@@H](CCC(=O)N)C(=O)N[C@@H](CC(=O)[O-])C(=O)N[C@@H]([C@@H](C)CC)C(=O)N[C@@H](Cc6nc[nH]c6)C(=O)N6[C@H](C(=O)N[C@@H](Cc7ccccc7)C(=O)N[C@@H](C)C(=O)N[C@@H]([C@H](O)C)C(=O)N7[C@H](C(=O)N[C@@H](CC(C)C)C(=O)N[C@@H](CCSC)C(=O)N[C@@H](CCC(=O)N)C(=O)N[C@@H](CCC(=O)[O-])C(=O)N[C@@H](CC(C)C)C(=O)N[C@@H](Cc8ccccc8)C(=O)NCC(=O)N[C@@H]([C@@H](C)CC)C(=O)N[C@@H]([C@H](O)C)C(=O)NCC(=O)N[C@@H](CO)C=O)CCC7)CCC6)CCC5)CCC4)CCC3)CCC2)CCC1.S(C)CC[C@H](NC(=O)[C@@H](NC(=O)[C@@H](NC(=O)[C@@H](NC(=O)[C@@H](NC(=O)[C@@H](NC(=O)[C@@H](NC(=O)C[NH3+])CC(C)C)[C@H](O)C)CCC(=O)[O-])C)CCC(=O)N)CCCNC(=[NH2+])N)C(=O)N[C@@H](CCSC)C(=O)N[C@@H]([C@@H](C)CC)C(=O)N[C@@H](CCCNC(=[NH2+])N)C(=O)N[C@@H](CCC(=O)[O-])C(=O)N[C@@H](CC(C)C)C(=O)N[C@@H](CCSC)C(=O)N[C@@H](CC(=O)[O-])C(=O)N[C@@H](C)C(=O)N[C@@H](CCC(=O)N)C(=O)N[C@@H](CCSC)C(=O)N[C@@H](CCCC[NH3+])C(=O)N[C@@H]([C@H](O)C)C(=O)N[C@@H](Cc1ccccc1)C(=O)N[C@@H](CC(=O)[O-])C(=O)N[C@@H]([C@H](O)C)C(=O)N[C@@H]([C@H](O)C)C(=O)N[C@@H](Cc1ccccc1)C(=O)N[C@@H](CO)C(=O)N[C@@H](Cc1nc[nH]c1)C(=O)N[C@@H](Cc1ccccc1)C(=O)N[C@@H](CC)C(=O)N[C@@H](CC(=O)N)C(=O)N[C@@H](Cc1ccccc1)C(=O)N[C@@H](CCCNC(=[NH2+])N)C(=O)N[C@@H](CC(C)C)C(=O)N1[C@H](C(=O)NCC(=O)N[C@@H](C)C=O)CCC1"
"PXR_pdbalignments_holo_TIER1_sorted_moesession.moe","2026-05-29 13:43:33","8SZV.A",1,40,581.533,"S(=O)(=O)(N(Cc1ccc(Oc2ccccc2)cc1)c1ccc(C(O)(C(F)(F)F)C(F)(F)F)cc1)c1ccccc1"
"PXR_pdbalignments_holo_TIER1_sorted_moesession.moe","2026-05-29 13:43:33","8SZV.A",43,43,688,"O.O.O.O.O.O.O.O.O.O.O.O.O.O.O.O.O.O.O.O.O.O.O.O.O.O.O.O.O.O.O.O.O.O.O.O.O.O.O.O.O.O.O"
"PXR_pdbalignments_holo_TIER1_sorted_moesession.moe","2026-05-29 13:43:33","8SVR.B",1,38,524.662,"O=C(Nc1c(O[C@@H](CC)CCC)ccc(C(C)(C)C)c1)c1c(C)n(-c2c(OC)cc(OC)c(OC)c2)nn1"
"PXR_pdbalignments_holo_TIER1_sorted_moesession.moe","2026-05-29 13:43:33","8SVR.B",278,2192,31178,"SC[C@H](NC(=O)[C@@H](NC(=O)[C@@H](NC(=O)[C@@H](NC(=O)CNC(=O)[C@@H](NC(=O)[C@@H](NC(=O)[C@@H](NC(=O)[C@@H](NC(=O)[C@@H](NC(=O)[C@@H](NC(=O)[C@@H](NC(=O)[C@@H](NC(=O)[C@@H](NC(=O)[C@@H](NC(=O)[C@@H](NC(=O)[C@@H](NC(=O)[C@@H](NC(=O)[C@@H](NC(=O)[C@@H](NC(=O)[C@@H](NC(=O)[C@@H](NC(=O)[C@@H](NC(=O)CNC(=O)[C@@H](NC(=O)[C@@H](NC(=O)[C@@H](NC(=O)[C@@H](NC(=O)[C@@H](NC(=O)[C@@H](NC(=O)[C@@H](NC(=O)[C@@H](NC(=O)[C@@H](NC(=O)[C@H]1N(C(=O)[C@@H](NC(=O)[C@@H](NC(=O)[C@@H](NC(=O)[C@@H](NC(=O)[C@@H](NC(=O)[C@@H](NC(=O)[C@@H](NC(=O)[C@@H](NC(=O)[C@@H](NC(=O)[C@@H](NC(=O)[C@@H](NC(=O)[C@@H](NC(=O)[C@@H](NC(=O)[C@@H](NC(=O)CNC(=O)[C@@H](NC(=O)[C@@H](NC(=O)[C@@H](NC(=O)[C@@H](NC(=O)[C@@H](NC(=O)[C@@H](NC(=O)[C@@H](NC(=O)[C@@H](NC(=O)[C@@H](NC(=O)[C@@H](NC(=O)[C@@H](NC(=O)[C@H]2N(C(=O)[C@@H](NC(=O)[C@@H](NC(=O)[C@@H](NC(=O)[C@@H](NC(=O)[C@@H](NC(=O)[C@@H](NC(=O)[C@@H]([NH3+])C)CCC(=O)[O-])C)C)CO)CC(C)C)CC(C)C)CCC2)Cc2nc[nH]c2)CCSC)C)CC(=O)[O-])CCSC)CO)[C@H](O)C)Cc2ccc(O)cc2)CCSC)Cc2ccccc2)CCCC[NH3+])[C@@H](C)CC)[C@@H](C)CC)CO)Cc2ccccc2)C)CCCC[NH3+])C(C)C)[C@@H](C)CC)CO)Cc2ccc(O)cc2)Cc2ccccc2)CCCNC(=[NH2+])N)CC(=O)[O-])CC(C)C)CCC1)[C@@H](C)CC)C)CC(=O)[O-])CCC(=O)N)[C@@H](C)CC)CO)CC(C)C)CC(C)C)CCCC[NH3+])C)C)Cc1ccccc1)CCC(=O)[O-])CC(C)C)CS)CCC(=O)N)CC(C)C)CCCNC(=[NH2+])N)Cc1ccccc1)CC(=O)N)[C@H](O)C)C(C)C)Cc1ccccc1)CC(=O)N)C)C)[C@H](O)C)[C@H](O)C)Cc1c[nH]c2ccccc12)CCC(=O)[O-])C(=O)NCC(=O)N[C@@H](C)C(=O)N[C@@H](CC(C)C)C(=O)N[C@@H](CO)C(=O)N[C@@H](Cc1ccc(O)cc1)C(=O)N[C@@H](CS)C(=O)N[C@@H](CC(C)C)C(=O)N[C@@H](C)C=O.SC[C@H](NC(=O)[C@@H](NC(=O)[C@@H](NC(=O)[C@@H](NC(=O)[C@@H](NC(=O)[C@@H](NC(=O)[C@@H](NC(=O)[C@@H](NC(=O)[C@@H](NC(=O)[C@@H](NC(=O)[C@@H](NC(=O)[C@@H](NC(=O)[C@@H](NC(=O)[C@@H](NC(=O)[C@@H](NC(=O)[C@@H](NC(=O)[C@@H](NC(=O)[C@@H](NC(=O)[C@@H](NC(=O)[C@@H](NC(=O)[C@@H](NC(=O)[C@@H](NC(=O)[C@@H](NC(=O)[C@@H](NC(=O)CNC(=O)[C@H]1N(C(=O)[C@@H](NC(=O)[C@@H](NC(=O)[C@H]2N(C(=O)[C@@H](NC(=O)[C@@H](NC(=O)[C@@H](NC(=O)[C@@H](NC(=O)[C@@H](NC(=O)[C@@H](NC(=O)[C@@H](NC(=O)[C@@H](NC(=O)[C@@H](NC(=O)[C@@H](NC(=O)[C@@H](NC(=O)[C@@H](NC(=O)[C@@H](NC(=O)[C@@H](NC(=O)[C@@H](NC(=O)[C@@H](NC(=O)[C@@H](NC(=O)[C@@H](NC(=O)[C@@H](NC(=O)[C@@H](NC(=O)[C@@H](NC(=O)[C@@H](NC(=O)[C@@H](NC(=O)[C@@H](NC(=O)[C@@H](NC(=O)[C@@H](NC(=O)[C@@H](NC(=O)[C@@H](NC(=O)[C@H]3N(C(=O)[C@@H](NC(=O)[C@@H](NC(=O)[C@@H](NC(=O)[C@@H](NC(=O)[C@@H](NC(=O)[C@@H]([NH3+])C)C)CC(C)C)CC(C)C)C)CCC(=O)[O-])CCC3)CCSC)CC(C)C)CCCC[NH3+])Cc3ccccc3)Cc3nc[nH]c3)Cc3ccc(O)cc3)CCSC)CC(C)C)CCCC[NH3+])CCCC[NH3+])CC(C)C)CCC(=O)N)CC(C)C)Cc3nc[nH]c3)CCC(=O)[O-])CCC(=O)[O-])CCC(=O)[O-])Cc3ccc(O)cc3)C(C)C)CC(C)C)CCSC)CCC(=O)N)C)[C@@H](C)CC)CO)CC(C)C)Cc3ccccc3)CO)CCC2)CC(=O)[O-])CCCNC(=[NH2+])N)CCC1)C(C)C)CC(C)C)CCC(=O)N)Cc1nc[nH]c1)CCCNC(=[NH2+])N)C(C)C)C(C)C)CC(=O)[O-])CCC(=O)N)CC(C)C)CCC(=O)N)CCC(=O)[O-])CCC(=O)N)Cc1ccccc1)C)[C@@H](C)CC)[C@H](O)C)CC(C)C)CCCC[NH3+])CO)Cc1ccc(O)cc1)[C@@H](C)CC)CCC(=O)[O-])C(=O)N[C@@H](CC(=O)N)C(=O)N[C@@H](CCCNC(=[NH2+])N)C(=O)N1[C@H](C(=O)N[C@@H](CCC(=O)N)C(=O)N2[C@H](C(=O)N[C@@H](C)C(=O)N[C@@H](Cc3nc[nH]c3)C(=O)N[C@@H](CCCNC(=[NH2+])N)C(=O)N[C@@H](Cc3ccccc3)C(=O)N[C@@H](CC(C)C)C(=O)N[C@@H](Cc3ccccc3)C(=O)N[C@@H](CC(C)C)C(=O)N[C@@H](CCCC[NH3+])C(=O)N[C@@H]([C@@H](C)CC)C(=O)N[C@@H](CCSC)C(=O)N[C@@H](C)C(=O)N[C@@H](CCSC)C(=O)N[C@@H](CC(C)C)C(=O)N[C@@H]([C@H](O)C)C(=O)N[C@@H](CCC(=O)[O-])C(=O)N[C@@H](CC(C)C)C(=O)N[C@@H](CCCNC(=[NH2+])N)C(=O)N[C@@H](CO)C(=O)N[C@@H]([C@@H](C)CC)C(=O)N[C@@H](CC(=O)N)C(=O)N[C@@H](C)C(=O)N[C@@H](CCC(=O)N)C(=O)N[C@@H](Cc3nc[nH]c3)C(=O)N[C@@H]([C@H](O)C)C(=O)N[C@@H](CCC(=O)N)C(=O)N[C@@H](CCCNC(=[NH2+])N)C(=O)N[C@@H](CC(C)C)C(=O)N[C@@H](CC(C)C)C(=O)N[C@@H](CCCNC(=[NH2+])N)C(=O)N[C@@H]([C@@H](C)CC)C(=O)N[C@@H](CCC(=O)N)C(=O)N[C@@H](CC(=O)[O-])C(=O)N[C@@H]([C@@H](C)CC)C(=O)N[C@@H](Cc3nc[nH]c3)C(=O)N3[C@H](C(=O)N[C@@H](Cc4ccccc4)C(=O)N[C@@H](C)C(=O)N[C@@H]([C@H](O)C)C(=O)N4[C@H](C(=O)N[C@@H](CC(C)C)C(=O)N[C@@H](CCSC)C(=O)N[C@@H](CCC(=O)N)C(=O)N[C@@H](CCC(=O)[O-])C(=O)N[C@@H](CC(C)C)C(=O)N[C@@H](Cc5ccccc5)C(=O)NCC(=O)N[C@H](C=O)[C@@H](C)CC)CCC4)CCC3)CCC2)CCC1.S(C)CC[C@H](NC(=O)[C@@H](NC(=O)[C@@H](NC(=O)[C@@H](NC(=O)[C@@H](NC(=O)[C@@H](NC(=O)[C@@H](NC(=O)C[NH3+])CC(C)C)[C@H](O)C)CCC(=O)[O-])C)CCC(=O)N)CCCNC(=[NH2+])N)C(=O)N[C@@H](CCSC)C(=O)N[C@@H]([C@@H](C)CC)C(=O)N[C@@H](CCCNC(=[NH2+])N)C(=O)N[C@@H](CCC(=O)[O-])C(=O)N[C@@H](CC(C)C)C(=O)N[C@@H](CCSC)C(=O)N[C@@H](CC(=O)[O-])C(=O)N[C@@H](C)C(=O)N[C@@H](CCC(=O)N)C(=O)N[C@@H](CCSC)C(=O)N[C@@H](CCCC[NH3+])C(=O)N[C@@H]([C@H](O)C)C(=O)N[C@@H](Cc1ccccc1)C(=O)N[C@@H](CC(=O)[O-])C(=O)N[C@@H]([C@H](O)C)C(=O)N[C@@H]([C@H](O)C)C(=O)N[C@@H](Cc1ccccc1)C(=O)N[C@@H](CO)C(=O)N[C@@H](Cc1nc[nH]c1)C(=O)N[C@@H](Cc1ccccc1)C(=O)N[C@@H](CCCC[NH3+])C(=O)N[C@@H](CC(=O)N)C(=O)N[C@@H](Cc1ccccc1)C(=O)N[C@@H](CCCNC(=[NH2+])N)C(=O)N[C@@H](CC(C)C)C(=O)N1[C@H](C(=O)NCC(=O)N[C@H](C=O)C(C)C)CCC1.OC[C@H](NC(=O)CNC(=O)[C@@H](NC(=O)[C@@H](NC(=O)[C@@H](NC(=O)[C@@H](NC(=O)[C@@H](NC(=O)[C@@H](NC(=O)[C@@H](NC(=O)[C@@H](NC(=O)[C@@H](NC(=O)[C@@H](NC(=O)[C@@H](NC(=O)[C@@H](NC(=O)[C@@H](NC(=O)[C@@H](NC(=O)[C@@H]([NH3+])CO)CC(C)C)[C@H](O)C)C)CCCNC(=[NH2+])N)Cc1nc[nH]c1)CCCC[NH3+])[C@@H](C)CC)CC(C)C)Cc1nc[nH]c1)CCCNC(=[NH2+])N)CC(C)C)CC(C)C)CCC(=O)N)CCC(=O)[O-])C=O.OC[C@H](NC(=O)[C@@H](NC(=O)[C@@H](NC(=O)[C@H]1N(C(=O)[C@H]2N(C(=O)[C@@H](NC(=O)[C@@H](NC(=O)[C@@H](NC(=O)[C@@H](NC(=O)[C@@H](NC(=O)[C@@H](NC(=O)CNC(=O)[C@@H](NC(=O)[C@@H](NC(=O)CNC(=O)[C@@H](NC(=O)[C@@H](NC(=O)[C@@H](NC(=O)[C@@H](NC(=O)[C@@H](NC(=O)[C@@H](NC(=O)[C@@H](NC(=O)[C@@H](NC(=O)[C@@H](NC(=O)[C@@H](NC(=O)[C@@H](NC(=O)[C@@H](NC(=O)[C@@H](NC(=O)[C@@H](NC(=O)[C@@H](NC(=O)[C@@H](NC(=O)[C@@H](NC(=O)[C@@H]([NH3+])C)C)C)C(C)C)C)C)C)CC(C)C)C)C)CC(C)C)C)C(C)C)CO)CC(C)C)CCC(=O)N)CC(C)C)CCC)C)CC(=O)[O-])CO)C(C)C)Cc3c[nH]c4ccccc34)CC(=O)N)Cc3ccc(O)cc3)CCCC[NH3+])CCC2)CCC1)C)C)C=O"
"PXR_pdbalignments_holo_TIER1_sorted_moesession.moe","2026-05-29 13:43:33","6BNS.A",286,2216,31484.1,"SC[C@H](NC(=O)[C@@H](NC(=O)[C@@H](NC(=O)[C@@H](NC(=O)CNC(=O)[C@@H](NC(=O)[C@@H](NC(=O)[C@@H](NC(=O)[C@@H](NC(=O)[C@@H](NC(=O)[C@@H](NC(=O)[C@@H](NC(=O)[C@@H](NC(=O)[C@@H](NC(=O)[C@@H](NC(=O)[C@@H](NC(=O)[C@@H](NC(=O)[C@@H](NC(=O)[C@@H](NC(=O)[C@@H](NC(=O)[C@@H](NC(=O)[C@@H](NC(=O)[C@@H](NC(=O)CNC(=O)[C@@H](NC(=O)[C@@H](NC(=O)[C@@H](NC(=O)[C@@H](NC(=O)[C@@H](NC(=O)[C@@H](NC(=O)[C@@H](NC(=O)[C@@H](NC(=O)[C@@H](NC(=O)[C@H]1N(C(=O)[C@@H](NC(=O)[C@@H](NC(=O)[C@@H](NC(=O)[C@@H](NC(=O)[C@@H](NC(=O)[C@@H](NC(=O)[C@@H](NC(=O)[C@@H](NC(=O)[C@@H](NC(=O)[C@@H](NC(=O)[C@@H](NC(=O)[C@@H](NC(=O)[C@@H](NC(=O)[C@@H](NC(=O)CNC(=O)[C@@H](NC(=O)[C@@H](NC(=O)[C@@H](NC(=O)[C@@H](NC(=O)[C@@H](NC(=O)[C@@H](NC(=O)[C@@H](NC(=O)[C@@H](NC(=O)[C@@H](NC(=O)[C@@H](NC(=O)[C@@H](NC(=O)[C@H]2N(C(=O)[C@@H](NC(=O)[C@@H](NC(=O)[C@@H](NC(=O)[C@@H](NC(=O)[C@@H](NC(=O)[C@@H](NC(=O)[C@@H](NC(=O)CNC(=O)CNC(=O)[C@@H](NC(=O)[C@@H](NC(=O)[C@@H](NC(=O)[C@H]3N(C(=O)[C@H]4N(C(=O)[C@@H](NC(=O)[C@@H](NC(=O)[C@@H](NC(=O)[C@@H](NC(=O)[C@@H](NC(=O)[C@@H](NC(=O)CNC(=O)[C@@H](NC(=O)[C@@H](NC(=O)CNC(=O)[C@@H](NC(=O)[C@@H](NC(=O)[C@@H](NC(=O)[C@@H](NC(=O)[C@@H](NC(=O)[C@@H](NC(=O)[C@@H](NC(=O)[C@@H](NC(=O)[C@@H](NC(=O)[C@@H](NC(=O)[C@@H](NC(=O)[C@@H](NC(=O)[C@@H](NC(=O)[C@@H](NC(=O)[C@@H](NC(=O)[C@@H](NC(=O)[C@@H](NC(=O)[C@@H](NC(=O)[C@@H](NC(=O)[C@@H](NC(=O)[C@@H](NC(=O)[C@@H](NC(=O)[C@@H](NC(=O)[C@@H](NC(=O)[C@@H]([NH3+])CO)C)C)CCC(=O)[O-])C)C)CCCC[NH3+])Cc5c[nH]c6ccccc56)C)CCC(=O)N)C(C)C)C)CCC)CC(=O)[O-])CC(C)C)CS)CO)C)C)C(C)C)CO)CC(C)C)CCC(=O)N)CC(C)C)CCCNC(=[NH2+])N)C)CC(=O)[O-])CO)C(C)C)Cc5c[nH]c6ccccc56)CC(=O)N)Cc5ccc(O)cc5)CC)CCC4)CCC3)C)CC(=O)[O-])CO)C)CCC(=O)[O-])[C@@H](C)CC)Cc3ccccc3)CO)CC(C)C)CC(C)C)CCC2)Cc2nc[nH]c2)CCSC)C)CC(=O)[O-])CCSC)CO)[C@H](O)C)Cc2ccc(O)cc2)CCSC)Cc2ccccc2)CCC)[C@@H](C)CC)[C@@H](C)CC)CO)Cc2ccccc2)C)CCCC[NH3+])C(C)C)[C@@H](C)CC)CO)Cc2ccc(O)cc2)Cc2ccccc2)CCCNC(=[NH2+])N)CC(=O)[O-])CC(C)C)CCC1)[C@@H](C)CC)CC)C)CCC(=O)N)[C@@H](C)CC)CO)CC(C)C)CC(C)C)CCCC[NH3+])C)C)Cc1ccccc1)CCC(=O)[O-])CC(C)C)CS)CCC(=O)N)CC(C)C)CCCNC(=[NH2+])N)Cc1ccccc1)CC(=O)N)[C@H](O)C)C(C)C)Cc1ccccc1)CC(=O)N)C)CCC(=O)[O-])[C@H](O)C)[C@H](O)C)Cc1c[nH]c2ccccc12)CCC(=O)[O-])C(=O)NCC(=O)N[C@@H](C)C(=O)N[C@@H](CC(C)C)C(=O)N[C@@H](CO)C(=O)N[C@@H](Cc1ccc(O)cc1)C(=O)N[C@@H](CS)C(=O)N[C@@H](CC(C)C)C(=O)N[C@@H](C)C=O.SC[C@H](NC(=O)[C@@H](NC(=O)[C@@H](NC(=O)[C@@H](NC(=O)[C@@H](NC(=O)[C@@H](NC(=O)[C@@H](NC(=O)[C@@H](NC(=O)[C@@H](NC(=O)[C@@H](NC(=O)[C@@H](NC(=O)[C@@H](NC(=O)[C@@H](NC(=O)[C@@H](NC(=O)[C@@H](NC(=O)[C@@H](NC(=O)[C@@H](NC(=O)[C@@H](NC(=O)[C@@H](NC(=O)[C@@H](NC(=O)[C@@H](NC(=O)[C@@H](NC(=O)[C@@H](NC(=O)[C@@H](NC(=O)CNC(=O)[C@H]1N(C(=O)[C@@H](NC(=O)[C@@H](NC(=O)[C@H]2N(C(=O)[C@@H](NC(=O)[C@@H](NC(=O)[C@@H](NC(=O)[C@@H](NC(=O)[C@@H](NC(=O)[C@@H](NC(=O)[C@@H](NC(=O)[C@@H](NC(=O)[C@@H](NC(=O)[C@@H](NC(=O)[C@@H](NC(=O)[C@@H](NC(=O)[C@@H](NC(=O)[C@@H](NC(=O)[C@@H](NC(=O)[C@@H](NC(=O)[C@@H](NC(=O)[C@@H](NC(=O)[C@@H](NC(=O)[C@@H](NC(=O)[C@@H](NC(=O)[C@@H](NC(=O)[C@@H](NC(=O)[C@@H](NC(=O)[C@@H](NC(=O)[C@@H](NC(=O)[C@@H](NC(=O)[C@@H](NC(=O)[C@H]3N(C(=O)[C@@H](NC(=O)[C@@H](NC(=O)[C@@H](NC(=O)[C@@H](NC(=O)[C@@H](NC(=O)[C@@H]([NH3+])C)C)C)C)C)CCC(=O)[O-])CCC3)C)C)CC)Cc3ccccc3)Cc3nc[nH]c3)Cc3ccc(O)cc3)CCSC)CC(C)C)CCCC[NH3+])CC)CC(C)C)CCC(=O)N)CC(C)C)Cc3nc[nH]c3)CCC(=O)[O-])CCC(=O)[O-])CCC(=O)[O-])Cc3ccc(O)cc3)C(C)C)CC(C)C)CCSC)CCC(=O)N)C)[C@@H](C)CC)CO)CC(C)C)Cc3ccccc3)CO)CCC2)CC(=O)[O-])CCCNC(=[NH2+])N)CCC1)C(C)C)CC(C)C)CCC(=O)N)Cc1nc[nH]c1)CCCNC(=[NH2+])N)C(C)C)C(C)C)CC(=O)[O-])CC)CC(C)C)CCC(=O)N)CC)CCC(=O)N)Cc1ccccc1)C)[C@@H](C)CC)[C@H](O)C)CC(C)C)CCC)CO)Cc1ccc(O)cc1)[C@@H](C)CC)CCC(=O)[O-])C(=O)N[C@@H](CC(=O)N)C(=O)N[C@@H](CCCNC(=[NH2+])N)C(=O)N1[C@H](C(=O)N[C@@H](C)C(=O)N2[C@H](C(=O)N[C@@H](C)C(=O)N[C@@H](Cc3nc[nH]c3)C(=O)N[C@@H](CCCNC(=[NH2+])N)C(=O)N[C@@H](Cc3ccccc3)C(=O)N[C@@H](CC(C)C)C(=O)N[C@@H](Cc3ccccc3)C(=O)N[C@@H](CC(C)C)C(=O)N[C@@H](CCCC[NH3+])C(=O)N[C@@H]([C@@H](C)CC)C(=O)N[C@@H](CCSC)C(=O)N[C@@H](C)C(=O)N[C@@H](CCSC)C(=O)N[C@@H](CC(C)C)C(=O)N[C@@H]([C@H](O)C)C(=O)N[C@@H](CCC(=O)[O-])C(=O)N[C@@H](CC(C)C)C(=O)N[C@@H](CCCNC(=[NH2+])N)C(=O)N[C@@H](CO)C(=O)N[C@@H]([C@@H](C)CC)C(=O)N[C@@H](CC(=O)N)C(=O)N[C@@H](C)C(=O)N[C@@H](CCC(=O)N)C(=O)N[C@@H](Cc3nc[nH]c3)C(=O)N[C@@H]([C@H](O)C)C(=O)N[C@@H](CC)C(=O)N[C@@H](CCCNC(=[NH2+])N)C(=O)N[C@@H](CC(C)C)C(=O)N[C@@H](CC(C)C)C(=O)N[C@@H](CCCNC(=[NH2+])N)C(=O)N[C@@H]([C@@H](C)CC)C(=O)N[C@@H](CCC(=O)N)C(=O)N[C@@H](CC(=O)[O-])C(=O)N[C@@H]([C@@H](C)CC)C(=O)N[C@@H](Cc3nc[nH]c3)C(=O)N3[C@H](C(=O)N[C@@H](Cc4ccccc4)C(=O)N[C@@H](C)C(=O)N[C@@H]([C@H](O)C)C(=O)N4[C@H](C(=O)N[C@@H](CC(C)C)C(=O)N[C@@H](CCSC)C(=O)N[C@@H](CCC(=O)N)C(=O)N[C@@H](CCC(=O)[O-])C(=O)N[C@@H](CC(C)C)C(=O)N[C@@H](Cc5ccccc5)C(=O)NCC(=O)N[C@@H]([C@@H](C)CC)C(=O)N[C@H](C=O)[C@H](O)C)CCC4)CCC3)CCC2)CCC1.S(C)CC[C@H](NC(=O)[C@@H](NC(=O)[C@@H](NC(=O)[C@@H](NC(=O)[C@@H](NC(=O)[C@@H](NC(=O)[C@@H](NC(=O)C[NH3+])CC(C)C)[C@H](O)C)CCC(=O)[O-])CC)CCC(=O)N)CC)C(=O)N[C@@H](CCSC)C(=O)N[C@@H]([C@@H](C)CC)C(=O)N[C@@H](CCC)C(=O)N[C@@H](CCC(=O)[O-])C(=O)N[C@@H](CC(C)C)C(=O)N[C@@H](CCSC)C(=O)N[C@@H](CC(=O)[O-])C(=O)N[C@@H](C)C(=O)N[C@@H](CCC(=O)N)C(=O)N[C@@H](CCSC)C(=O)N[C@@H](CCCC[NH3+])C(=O)N[C@@H]([C@H](O)C)C(=O)N[C@@H](Cc1ccccc1)C(=O)N[C@@H](CC(=O)[O-])C(=O)N[C@@H]([C@H](O)C)C(=O)N[C@@H]([C@H](O)C)C(=O)N[C@@H](Cc1ccccc1)C(=O)N[C@@H](CO)C(=O)N[C@@H](Cc1nc[nH]c1)C(=O)N[C@@H](Cc1ccccc1)C(=O)N[C@@H](CCC)C(=O)N[C@@H](CC(=O)N)C(=O)N[C@@H](Cc1ccccc1)C(=O)N[C@@H](CCCNC(=[NH2+])N)C(=O)N[C@@H](CC(C)C)C(=O)N1[C@H](C(=O)NCC(=O)N[C@H](C=O)C(C)C)CCC1.OC[C@H]([NH3+])C(=O)N[C@@H](C)C(=O)N[C@@H]([C@H](O)C)C(=O)N[C@@H](C)C(=O)N[C@@H](CCCNC(=[NH2+])N)C(=O)N[C@@H](Cc1nc[nH]c1)C(=O)N[C@@H](CCC)C(=O)N[C@@H]([C@@H](C)CC)C(=O)N[C@@H](CC(C)C)C(=O)N[C@@H](Cc1nc[nH]c1)C(=O)N[C@@H](CCCNC(=[NH2+])N)C(=O)N[C@@H](CC(C)C)C(=O)N[C@@H](CC(C)C)C(=O)N[C@@H](CC)C(=O)N[C@@H](C)C=O"
"PXR_pdbalignments_holo_TIER1_sorted_moesession.moe","2026-05-29 13:43:33","6BNS.A",1,39,604.564,"S(=O)(=O)(N1C[C@H](CC(=O)NCC(O)(C)C)Sc2cc(C(O)(C(F)(F)F)C(F)(F)F)ccc12)c1ccc(F)cc1"
"PXR_pdbalignments_holo_TIER1_sorted_moesession.moe","2026-05-29 13:43:33","6BNS.A",38,38,608,"O.O.O.O.O.O.O.O.O.O.O.O.O.O.O.O.O.O.O.O.O.O.O.O.O.O.O.O.O.O.O.O.O.O.O.O.O.O"
"PXR_pdbalignments_holo_TIER1_sorted_moesession.moe","2026-05-29 13:43:33","6BNS.B",31,31,496,"O.O.O.O.O.O.O.O.O.O.O.O.O.O.O.O.O.O.O.O.O.O.O.O.O.O.O.O.O.O.O"
"PXR_pdbalignments_holo_TIER1_sorted_moesession.moe","2026-05-29 13:43:33","6HJ2.A",274,2137,30387.7,"SC[C@H](NC(=O)[C@@H](NC(=O)[C@@H](NC(=O)[C@@H](NC(=O)CNC(=O)[C@@H](NC(=O)[C@@H](NC(=O)[C@@H](NC(=O)[C@@H](NC(=O)[C@@H](NC(=O)[C@@H](NC(=O)[C@@H](NC(=O)[C@@H](NC(=O)[C@@H](NC(=O)[C@@H](NC(=O)[C@@H](NC(=O)[C@@H](NC(=O)[C@@H](NC(=O)[C@@H](NC(=O)[C@@H](NC(=O)[C@@H](NC(=O)[C@@H](NC(=O)[C@@H](NC(=O)CNC(=O)[C@@H](NC(=O)[C@@H](NC(=O)[C@@H](NC(=O)[C@@H](NC(=O)[C@@H](NC(=O)[C@@H](NC(=O)[C@@H](NC(=O)[C@@H](NC(=O)[C@@H](NC(=O)[C@H]1N(C(=O)[C@@H](NC(=O)[C@@H](NC(=O)[C@@H](NC(=O)[C@@H](NC(=O)[C@@H](NC(=O)[C@@H](NC(=O)[C@@H](NC(=O)[C@@H](NC(=O)[C@@H](NC(=O)[C@@H](NC(=O)[C@@H](NC(=O)[C@@H](NC(=O)[C@@H](NC(=O)[C@@H](NC(=O)CNC(=O)[C@@H](NC(=O)[C@@H](NC(=O)[C@@H](NC(=O)[C@@H](NC(=O)[C@@H](NC(=O)[C@@H](NC(=O)[C@@H](NC(=O)[C@@H](NC(=O)[C@@H](NC(=O)[C@@H](NC(=O)[C@@H](NC(=O)[C@H]2N(C(=O)[C@@H](NC(=O)[C@@H](NC(=O)[C@@H](NC(=O)[C@@H](NC(=O)[C@@H](NC(=O)[C@@H](NC(=O)[C@@H](NC(=O)CNC(=O)CNC(=O)[C@@H](NC(=O)[C@@H](NC(=O)[C@@H](NC(=O)[C@H]3N(C(=O)[C@H]4N(C(=O)[C@@H](NC(=O)[C@@H](NC(=O)[C@@H](NC(=O)[C@@H](NC(=O)[C@@H](NC(=O)[C@@H](NC(=O)CNC(=O)[C@@H](NC(=O)[C@@H](NC(=O)CNC(=O)[C@@H](NC(=O)[C@@H](NC(=O)[C@@H](NC(=O)[C@@H](NC(=O)[C@@H](NC(=O)[C@@H](NC(=O)[C@@H](NC(=O)[C@@H](NC(=O)[C@@H](NC(=O)[C@@H](NC(=O)[C@@H](NC(=O)[C@@H](NC(=O)[C@@H](NC(=O)[C@@H](NC(=O)[C@@H](NC(=O)[C@@H](NC(=O)[C@@H](NC(=O)[C@@H](NC(=O)[C@@H](NC(=O)[C@@H](NC(=O)[C@@H]([NH3+])C)C)CCCC[NH3+])Cc5c[nH]c6ccccc56)CO)CCC(=O)N)C(C)C)C)CC)CC(=O)[O-])CC(C)C)CS)CO)CC(C)C)C)C(C)C)CO)CC(C)C)CCC(=O)N)CC(C)C)CCCNC(=[NH2+])N)C)CC(=O)[O-])CO)C(C)C)Cc5c[nH]c6ccccc56)CC(=O)N)Cc5ccc(O)cc5)CC)CCC4)CCC3)C)CC(=O)[O-])C)C)C)[C@@H](C)CC)Cc3ccccc3)CO)CC(C)C)CC(C)C)CCC2)Cc2nc[nH]c2)CCSC)C)CC(=O)[O-])CCSC)CO)[C@H](O)C)Cc2ccc(O)cc2)CCSC)Cc2ccccc2)CCCC[NH3+])[C@@H](C)CC)[C@@H](C)CC)CO)Cc2ccccc2)C)CCCC)C(C)C)[C@@H](C)CC)CO)Cc2ccc(O)cc2)Cc2ccccc2)CCCNC(=[NH2+])N)CC(=O)[O-])CC(C)C)CCC1)[C@@H](C)CC)C)CC(=O)[O-])CCC(=O)N)[C@@H](C)CC)CO)CC(C)C)CC(C)C)CCCC[NH3+])C)C)Cc1ccccc1)CCC(=O)[O-])CC(C)C)CS)CCC(=O)N)CC(C)C)CCCNC(=[NH2+])N)Cc1ccccc1)CC(=O)N)[C@H](O)C)C(C)C)Cc1ccccc1)CC(=O)N)C)CCC(=O)[O-])[C@H](O)C)[C@H](O)C)Cc1c[nH]c2ccccc12)CCC(=O)[O-])C(=O)NCC(=O)N[C@@H](C)C(=O)N[C@@H](CC(C)C)C(=O)N[C@@H](CO)C(=O)N[C@@H](Cc1ccc(O)cc1)C(=O)N[C@@H](CS)C(=O)N[C@@H](CC(C)C)C(=O)N[C@@H](CCC(=O)[O-])C(=O)N[C@@H](C)C(=O)N[C@@H](C)C=O.SC[C@H](NC(=O)[C@@H](NC(=O)[C@@H](NC(=O)[C@@H](NC(=O)[C@@H](NC(=O)[C@@H](NC(=O)[C@@H](NC(=O)[C@@H](NC(=O)[C@@H](NC(=O)[C@@H](NC(=O)[C@@H](NC(=O)[C@@H](NC(=O)[C@@H](NC(=O)[C@@H](NC(=O)[C@@H](NC(=O)[C@@H](NC(=O)[C@@H](NC(=O)[C@@H](NC(=O)[C@@H](NC(=O)[C@@H](NC(=O)[C@@H](NC(=O)[C@@H](NC(=O)[C@@H](NC(=O)[C@@H](NC(=O)CNC(=O)[C@H]1N(C(=O)[C@@H](NC(=O)[C@@H](NC(=O)[C@H]2N(C(=O)[C@@H](NC(=O)[C@@H](NC(=O)[C@@H](NC(=O)[C@@H](NC(=O)[C@@H](NC(=O)[C@@H](NC(=O)[C@@H](NC(=O)[C@@H](NC(=O)[C@@H](NC(=O)[C@@H](NC(=O)[C@@H](NC(=O)[C@@H](NC(=O)[C@@H](NC(=O)[C@@H](NC(=O)[C@@H](NC(=O)[C@@H](NC(=O)[C@@H](NC(=O)[C@@H](NC(=O)[C@@H](NC(=O)[C@@H](NC(=O)[C@@H](NC(=O)[C@@H](NC(=O)[C@@H](NC(=O)[C@@H](NC(=O)[C@@H](NC(=O)[C@@H](NC(=O)[C@@H](NC(=O)[C@@H](NC(=O)[C@H]3N(C(=O)[C@@H](NC(=O)[C@@H](NC(=O)[C@@H](NC(=O)[C@@H](NC(=O)[C@@H](NC(=O)[C@@H](NC(=O)[C@@H]([NH3+])C)C)C)C)CC)CC(C)C)CCC(=O)[O-])CCC3)CCSC)CC(C)C)CCC)Cc3ccccc3)Cc3nc[nH]c3)Cc3ccc(O)cc3)CCSC)CC(C)C)CCCC[NH3+])CCC)CC(C)C)CC)CC(C)C)Cc3nc[nH]c3)CCC(=O)[O-])CCC(=O)[O-])CCC(=O)[O-])Cc3ccc(O)cc3)C(C)C)CC(C)C)CCSC)CCC(=O)N)C)[C@@H](C)CC)CO)CC(C)C)Cc3ccccc3)CO)CCC2)CC(=O)[O-])CCCNC(=[NH2+])N)CCC1)C(C)C)CC(C)C)CCC(=O)N)Cc1nc[nH]c1)C)C(C)C)C(C)C)CC(=O)[O-])C)CC(C)C)CCC(=O)N)CCC(=O)[O-])CCC(=O)N)Cc1ccccc1)C)[C@@H](C)CC)[C@H](O)C)CC(C)C)CCCC[NH3+])CO)Cc1ccc(O)cc1)[C@@H](C)CC)CCC(=O)[O-])C(=O)N[C@@H](CC(=O)N)C(=O)N[C@@H](CCCNC(=[NH2+])N)C(=O)N1[C@H](C(=O)N[C@@H](CCC(=O)N)C(=O)N2[C@H](C(=O)N[C@@H](C)C(=O)N[C@@H](Cc3nc[nH]c3)C(=O)N[C@@H](CCCNC(=[NH2+])N)C(=O)N[C@@H](Cc3ccccc3)C(=O)N[C@@H](CC(C)C)C(=O)N[C@@H](Cc3ccccc3)C(=O)N[C@@H](CC(C)C)C(=O)N[C@@H](CCCC[NH3+])C(=O)N[C@@H]([C@@H](C)CC)C(=O)N[C@@H](CCSC)C(=O)N[C@@H](C)C(=O)N[C@@H](CCSC)C(=O)N[C@@H](CC(C)C)C(=O)N[C@@H]([C@H](O)C)C(=O)N[C@@H](CCC(=O)[O-])C(=O)N[C@@H](CC(C)C)C(=O)N[C@@H](CCCNC(=[NH2+])N)C(=O)N[C@@H](CO)C(=O)N[C@@H]([C@@H](C)CC)C(=O)N[C@@H](CC(=O)N)C(=O)N[C@@H](C)C(=O)N[C@@H](CCC(=O)N)C(=O)N[C@@H](Cc3nc[nH]c3)C(=O)N[C@@H]([C@H](O)C)C(=O)N[C@@H](CCC(=O)N)C(=O)N[C@@H](CCCNC(=[NH2+])N)C(=O)N[C@@H](CC(C)C)C(=O)N[C@@H](CC(C)C)C(=O)N[C@@H](CCCNC(=[NH2+])N)C(=O)N[C@@H]([C@@H](C)CC)C(=O)N[C@@H](CCC(=O)N)C(=O)N[C@@H](CC(=O)[O-])C(=O)N[C@@H]([C@@H](C)CC)C(=O)N[C@@H](Cc3nc[nH]c3)C(=O)N3[C@H](C(=O)N[C@@H](Cc4ccccc4)C(=O)N[C@@H](C)C(=O)N[C@@H]([C@H](O)C)C(=O)N4[C@H](C(=O)N[C@@H](CC(C)C)C(=O)N[C@@H](CCSC)C(=O)N[C@@H](CCC(=O)N)C(=O)N[C@@H](CCC(=O)[O-])C(=O)N[C@@H](CC(C)C)C(=O)N[C@@H](Cc5ccccc5)C(=O)NCC(=O)N[C@@H]([C@@H](C)CC)C(=O)N[C@@H]([C@H](O)C)C(=O)NCC(=O)N[C@@H](CO)C=O)CCC4)CCC3)CCC2)CCC1.S(C)CC[C@H](NC(=O)[C@@H](NC(=O)[C@@H](NC(=O)[C@@H](NC(=O)[C@@H](NC(=O)[C@@H](NC(=O)[C@@H](NC(=O)CNC(=O)[C@@H](NC(=O)[C@@H]([NH3+])C(C)C)C)CC(C)C)[C@H](O)C)CCC(=O)[O-])C)CCC(=O)N)CCCNC(=[NH2+])N)C(=O)N[C@@H](CCSC)C(=O)N[C@@H]([C@@H](C)CC)C(=O)N[C@@H](CCCNC(=[NH2+])N)C(=O)N[C@@H](CCC(=O)[O-])C(=O)N[C@@H](CC(C)C)C(=O)N[C@@H](CCSC)C(=O)N[C@@H](CC(=O)[O-])C(=O)N[C@@H](C)C(=O)N[C@@H](CCC(=O)N)C(=O)N[C@@H](CCSC)C(=O)N[C@@H](CCCC[NH3+])C(=O)N[C@@H]([C@H](O)C)C(=O)N[C@@H](Cc1ccccc1)C(=O)N[C@@H](CC(=O)[O-])C(=O)N[C@@H]([C@H](O)C)C(=O)N[C@@H]([C@H](O)C)C(=O)N[C@@H](Cc1ccccc1)C(=O)N[C@@H](CO)C(=O)N[C@@H](Cc1nc[nH]c1)C(=O)N[C@@H](Cc1ccccc1)C(=O)N[C@@H](CC)C(=O)N[C@@H](CC(=O)N)C(=O)N[C@@H](Cc1ccccc1)C(=O)N[C@@H](CCCNC(=[NH2+])N)C(=O)N[C@@H](CC(C)C)C(=O)N1[C@H](C(=O)NCC(=O)N[C@@H](C)C=O)CCC1"
"PXR_pdbalignments_holo_TIER1_sorted_moesession.moe","2026-05-29 13:43:33","6HJ2.A",1,35,519.572,"S(=O)(=O)(Nc1c(F)c(-c2c(-c3nc(N)ncc3)sc(C(C)(C)C)n2)ccc1)c1c(F)cccc1F"
"PXR_pdbalignments_holo_TIER1_sorted_moesession.moe","2026-05-29 13:43:33","6HJ2.A",78,78,1248,"O.O.O.O.O.O.O.O.O.O.O.O.O.O.O.O.O.O.O.O.O.O.O.O.O.O.O.O.O.O.O.O.O.O.O.O.O.O.O.O.O.O.O.O.O.O.O.O.O.O.O.O.O.O.O.O.O.O.O.O.O.O.O.O.O.O.O.O.O.O.O.O.O.O.O.O.O.O"
"PXR_pdbalignments_holo_TIER1_sorted_moesession.moe","2026-05-29 13:43:33","6NX1.A",288,2254,32044.8,"SC[C@H](NC(=O)[C@@H](NC(=O)[C@@H](NC(=O)[C@@H](NC(=O)CNC(=O)[C@@H](NC(=O)[C@@H](NC(=O)[C@@H](NC(=O)[C@@H](NC(=O)[C@@H](NC(=O)[C@@H](NC(=O)[C@@H](NC(=O)[C@@H](NC(=O)[C@@H](NC(=O)[C@@H](NC(=O)[C@@H](NC(=O)[C@@H](NC(=O)[C@@H](NC(=O)[C@@H](NC(=O)[C@@H](NC(=O)[C@@H](NC(=O)[C@@H](NC(=O)[C@@H](NC(=O)CNC(=O)[C@@H](NC(=O)[C@@H](NC(=O)[C@@H](NC(=O)[C@@H](NC(=O)[C@@H](NC(=O)[C@@H](NC(=O)[C@@H](NC(=O)[C@@H](NC(=O)[C@@H](NC(=O)[C@H]1N(C(=O)[C@@H](NC(=O)[C@@H](NC(=O)[C@@H](NC(=O)[C@@H](NC(=O)[C@@H](NC(=O)[C@@H](NC(=O)[C@@H](NC(=O)[C@@H](NC(=O)[C@@H](NC(=O)[C@@H](NC(=O)[C@@H](NC(=O)[C@@H](NC(=O)[C@@H](NC(=O)[C@@H](NC(=O)CNC(=O)[C@@H](NC(=O)[C@@H](NC(=O)[C@@H](NC(=O)[C@@H](NC(=O)[C@@H](NC(=O)[C@@H](NC(=O)[C@@H](NC(=O)[C@@H](NC(=O)[C@@H](NC(=O)[C@@H](NC(=O)[C@@H](NC(=O)[C@H]2N(C(=O)[C@@H](NC(=O)[C@@H](NC(=O)[C@@H](NC(=O)[C@@H](NC(=O)[C@@H](NC(=O)[C@@H](NC(=O)[C@@H](NC(=O)CNC(=O)CNC(=O)[C@@H](NC(=O)[C@@H](NC(=O)[C@@H](NC(=O)[C@H]3N(C(=O)[C@H]4N(C(=O)[C@@H](NC(=O)[C@@H](NC(=O)[C@@H](NC(=O)[C@@H](NC(=O)[C@@H](NC(=O)[C@@H](NC(=O)CNC(=O)[C@@H](NC(=O)[C@@H](NC(=O)CNC(=O)[C@@H](NC(=O)[C@@H](NC(=O)[C@@H](NC(=O)[C@@H](NC(=O)[C@@H](NC(=O)[C@@H](NC(=O)[C@@H](NC(=O)[C@@H](NC(=O)[C@@H](NC(=O)[C@@H](NC(=O)[C@@H](NC(=O)[C@@H](NC(=O)[C@@H](NC(=O)[C@@H](NC(=O)[C@@H](NC(=O)[C@@H](NC(=O)[C@@H](NC(=O)[C@@H](NC(=O)[C@@H](NC(=O)[C@@H](NC(=O)[C@@H](NC(=O)[C@@H]([NH3+])C)C)C)CCCC[NH3+])Cc5c[nH]c6ccccc56)CO)CCC(=O)N)C(C)C)CCCNC(=[NH2+])N)CCC)CC(=O)[O-])CC(C)C)CS)CO)CC(C)C)C)C(C)C)CO)CC(C)C)CCC(=O)N)CC(C)C)CCCNC(=[NH2+])N)C)CC(=O)[O-])CO)C(C)C)Cc5c[nH]c6ccccc56)CC(=O)N)Cc5ccc(O)cc5)CCCC[NH3+])CCC4)CCC3)C)CC(=O)[O-])CO)C)CCC(=O)[O-])[C@@H](C)CC)Cc3ccccc3)CO)CC(C)C)CC(C)C)CCC2)Cc2nc[nH]c2)CCSC)C)CC(=O)[O-])CCSC)CO)[C@H](O)C)Cc2ccc(O)cc2)CCSC)Cc2ccccc2)CCCC[NH3+])[C@@H](C)CC)[C@@H](C)CC)CO)Cc2ccccc2)C)CC)C(C)C)[C@@H](C)CC)CO)Cc2ccc(O)cc2)Cc2ccccc2)CCCNC(=[NH2+])N)CC(=O)[O-])CC(C)C)CCC1)[C@@H](C)CC)C)CC(=O)[O-])CCC(=O)N)[C@@H](C)CC)CO)CC(C)C)CC(C)C)CCCC[NH3+])C)C)Cc1ccccc1)CCC(=O)[O-])CC(C)C)CS)CCC(=O)N)CC(C)C)CCCNC(=[NH2+])N)Cc1ccccc1)CC(=O)N)[C@H](O)C)C(C)C)Cc1ccccc1)CC(=O)N)C)CC)[C@H](O)C)[C@H](O)C)Cc1c[nH]c2ccccc12)CCC(=O)[O-])C(=O)NCC(=O)N[C@@H](C)C(=O)N[C@@H](CC(C)C)C(=O)N[C@@H](CO)C(=O)N[C@@H](Cc1ccc(O)cc1)C(=O)N[C@@H](CS)C(=O)N[C@@H](CC(C)C)C(=O)N[C@@H](C)C(=O)N[C@@H](C)C(=O)N[C@@H]([C@H](O)C)C(=O)N[C@@H](C)C=O.SC[C@H](NC(=O)[C@@H](NC(=O)[C@@H](NC(=O)[C@@H](NC(=O)[C@@H](NC(=O)[C@@H](NC(=O)[C@@H](NC(=O)[C@@H](NC(=O)[C@@H](NC(=O)[C@@H](NC(=O)[C@@H](NC(=O)[C@@H](NC(=O)[C@@H](NC(=O)[C@@H](NC(=O)[C@@H](NC(=O)[C@@H](NC(=O)[C@@H](NC(=O)[C@@H](NC(=O)[C@@H](NC(=O)[C@@H](NC(=O)[C@@H](NC(=O)[C@@H](NC(=O)[C@@H](NC(=O)[C@@H](NC(=O)CNC(=O)[C@H]1N(C(=O)[C@@H](NC(=O)[C@@H](NC(=O)[C@H]2N(C(=O)[C@@H](NC(=O)[C@@H](NC(=O)[C@@H](NC(=O)[C@@H](NC(=O)[C@@H](NC(=O)[C@@H](NC(=O)[C@@H](NC(=O)[C@@H](NC(=O)[C@@H](NC(=O)[C@@H](NC(=O)[C@@H](NC(=O)[C@@H](NC(=O)[C@@H](NC(=O)[C@@H](NC(=O)[C@@H](NC(=O)[C@@H](NC(=O)[C@@H](NC(=O)[C@@H](NC(=O)[C@@H](NC(=O)[C@@H](NC(=O)[C@@H](NC(=O)[C@@H](NC(=O)[C@@H](NC(=O)[C@@H](NC(=O)[C@@H](NC(=O)[C@@H](NC(=O)[C@@H](NC(=O)[C@@H](NC(=O)[C@H]3N(C(=O)[C@@H](NC(=O)[C@@H](NC(=O)[C@@H](NC(=O)[C@@H](NC(=O)[C@@H](NC(=O)[C@@H]([NH3+])C)CCC(=O)N)CC(C)C)C)C)CCC(=O)[O-])CCC3)CCSC)CC(C)C)CCCC[NH3+])Cc3ccccc3)Cc3nc[nH]c3)Cc3ccc(O)cc3)CCSC)CC(C)C)CCCC[NH3+])CC)CC(C)C)CCC(=O)N)CC(C)C)Cc3nc[nH]c3)CCC(=O)[O-])CCC(=O)[O-])CCC(=O)[O-])Cc3ccc(O)cc3)C(C)C)CC(C)C)CCSC)CCC(=O)N)C)[C@@H](C)CC)CO)CC(C)C)Cc3ccccc3)CO)CCC2)CC(=O)[O-])CCCNC(=[NH2+])N)CCC1)C(C)C)CC(C)C)CCC(=O)N)Cc1nc[nH]c1)C)C(C)C)C(C)C)CC(=O)[O-])CC)CC(C)C)CCC(=O)N)CCC(=O)[O-])CC)Cc1ccccc1)C)[C@@H](C)CC)[C@H](O)C)CC(C)C)CCCC[NH3+])CO)Cc1ccc(O)cc1)[C@@H](C)CC)CCC(=O)[O-])C(=O)N[C@@H](CC(=O)N)C(=O)N[C@@H](CCCNC(=[NH2+])N)C(=O)N1[C@H](C(=O)N[C@@H](CCC(=O)N)C(=O)N2[C@H](C(=O)N[C@@H](C)C(=O)N[C@@H](Cc3nc[nH]c3)C(=O)N[C@@H](CCCNC(=[NH2+])N)C(=O)N[C@@H](Cc3ccccc3)C(=O)N[C@@H](CC(C)C)C(=O)N[C@@H](Cc3ccccc3)C(=O)N[C@@H](CC(C)C)C(=O)N[C@@H](CCCC[NH3+])C(=O)N[C@@H]([C@@H](C)CC)C(=O)N[C@@H](CCSC)C(=O)N[C@@H](C)C(=O)N[C@@H](CCSC)C(=O)N[C@@H](CC(C)C)C(=O)N[C@@H]([C@H](O)C)C(=O)N[C@@H](CCC(=O)[O-])C(=O)N[C@@H](CC(C)C)C(=O)N[C@@H](CCCNC(=[NH2+])N)C(=O)N[C@@H](CO)C(=O)N[C@@H]([C@@H](C)CC)C(=O)N[C@@H](CC(=O)N)C(=O)N[C@@H](C)C(=O)N[C@@H](CCC(=O)N)C(=O)N[C@@H](Cc3nc[nH]c3)C(=O)N[C@@H]([C@H](O)C)C(=O)N[C@@H](CC)C(=O)N[C@@H](CCCNC(=[NH2+])N)C(=O)N[C@@H](CC(C)C)C(=O)N[C@@H](CC(C)C)C(=O)N[C@@H](CCCNC(=[NH2+])N)C(=O)N[C@@H]([C@@H](C)CC)C(=O)N[C@@H](CCC(=O)N)C(=O)N[C@@H](CC(=O)[O-])C(=O)N[C@@H]([C@@H](C)CC)C(=O)N[C@@H](Cc3nc[nH]c3)C(=O)N3[C@H](C(=O)N[C@@H](Cc4ccccc4)C(=O)N[C@@H](C)C(=O)N[C@@H]([C@H](O)C)C(=O)N4[C@H](C(=O)N[C@@H](CC(C)C)C(=O)N[C@@H](CCSC)C(=O)N[C@@H](CCC(=O)N)C(=O)N[C@@H](CCC(=O)[O-])C(=O)N[C@@H](CC(C)C)C(=O)N[C@@H](Cc5ccccc5)C(=O)NCC(=O)N[C@@H]([C@@H](C)CC)C(=O)N[C@H](C=O)[C@H](O)C)CCC4)CCC3)CCC2)CCC1.S(C)CC[C@H](NC(=O)[C@@H](NC(=O)[C@@H](NC(=O)[C@@H](NC(=O)[C@@H](NC(=O)[C@@H](NC(=O)[C@@H](NC(=O)CNC(=O)[C@@H]([NH3+])CCC(=O)N)CC(C)C)[C@H](O)C)CCC(=O)[O-])CC)CCC(=O)N)C)C(=O)N[C@@H](CCSC)C(=O)N[C@@H]([C@@H](C)CC)C(=O)N[C@@H](C)C(=O)N[C@@H](CCC(=O)[O-])C(=O)N[C@@H](CC(C)C)C(=O)N[C@@H](CCSC)C(=O)N[C@@H](CC(=O)[O-])C(=O)N[C@@H](C)C(=O)N[C@@H](CCC(=O)N)C(=O)N[C@@H](CCSC)C(=O)N[C@@H](CCCC[NH3+])C(=O)N[C@@H]([C@H](O)C)C(=O)N[C@@H](Cc1ccccc1)C(=O)N[C@@H](CC(=O)[O-])C(=O)N[C@@H]([C@H](O)C)C(=O)N[C@@H]([C@H](O)C)C(=O)N[C@@H](Cc1ccccc1)C(=O)N[C@@H](CO)C(=O)N[C@@H](Cc1nc[nH]c1)C(=O)N[C@@H](Cc1ccccc1)C(=O)N[C@@H](CCC)C(=O)N[C@@H](CC(=O)N)C(=O)N[C@@H](Cc1ccccc1)C(=O)N[C@@H](CCCNC(=[NH2+])N)C(=O)N[C@@H](CC(C)C)C(=O)N1[C@H](C(=O)NCC(=O)N[C@@H](C(C)C)C(=O)N[C@@H](CC(C)C)C=O)CCC1.OC[C@H]([NH3+])C(=O)N[C@@H](CC(C)C)C(=O)N[C@@H]([C@H](O)C)C(=O)N[C@@H](C)C(=O)N[C@@H](C)C(=O)N[C@@H](Cc1nc[nH]c1)C(=O)N[C@@H](CCC)C(=O)N[C@@H]([C@@H](C)CC)C(=O)N[C@@H](CC(C)C)C(=O)N[C@@H](Cc1nc[nH]c1)C(=O)N[C@@H](CCCNC(=[NH2+])N)C(=O)N[C@@H](CC(C)C)C(=O)N[C@@H](CC(C)C)C(=O)N[C@@H](CCC(=O)N)C(=O)N[C@@H](C)C=O"
"PXR_pdbalignments_holo_TIER1_sorted_moesession.moe","2026-05-29 13:43:33","6NX1.B",294,2272,32283.8,"SC[C@H](NC(=O)[C@@H](NC(=O)[C@@H](NC(=O)[C@@H](NC(=O)CNC(=O)[C@@H](NC(=O)[C@@H](NC(=O)[C@@H](NC(=O)[C@@H](NC(=O)[C@@H](NC(=O)[C@@H](NC(=O)[C@@H](NC(=O)[C@@H](NC(=O)[C@@H](NC(=O)[C@@H](NC(=O)[C@@H](NC(=O)[C@@H](NC(=O)[C@@H](NC(=O)[C@@H](NC(=O)[C@@H](NC(=O)[C@@H](NC(=O)[C@@H](NC(=O)[C@@H](NC(=O)CNC(=O)[C@@H](NC(=O)[C@@H](NC(=O)[C@@H](NC(=O)[C@@H](NC(=O)[C@@H](NC(=O)[C@@H](NC(=O)[C@@H](NC(=O)[C@@H](NC(=O)[C@@H](NC(=O)[C@H]1N(C(=O)[C@@H](NC(=O)[C@@H](NC(=O)[C@@H](NC(=O)[C@@H](NC(=O)[C@@H](NC(=O)[C@@H](NC(=O)[C@@H](NC(=O)[C@@H](NC(=O)[C@@H](NC(=O)[C@@H](NC(=O)[C@@H](NC(=O)[C@@H](NC(=O)[C@@H](NC(=O)[C@@H](NC(=O)CNC(=O)[C@@H](NC(=O)[C@@H](NC(=O)[C@@H](NC(=O)[C@@H](NC(=O)[C@@H](NC(=O)[C@@H](NC(=O)[C@@H](NC(=O)[C@@H](NC(=O)[C@@H](NC(=O)[C@@H](NC(=O)[C@@H](NC(=O)[C@H]2N(C(=O)[C@@H](NC(=O)[C@@H](NC(=O)[C@@H](NC(=O)[C@@H](NC(=O)[C@@H](NC(=O)[C@@H](NC(=O)[C@@H](NC(=O)CNC(=O)CNC(=O)[C@@H](NC(=O)[C@@H](NC(=O)[C@@H](NC(=O)[C@H]3N(C(=O)[C@H]4N(C(=O)[C@@H](NC(=O)[C@@H](NC(=O)[C@@H](NC(=O)[C@@H](NC(=O)[C@@H](NC(=O)[C@@H](NC(=O)CNC(=O)[C@@H](NC(=O)[C@@H](NC(=O)CNC(=O)[C@@H](NC(=O)[C@@H](NC(=O)[C@@H](NC(=O)[C@@H](NC(=O)[C@@H](NC(=O)[C@@H](NC(=O)[C@@H](NC(=O)[C@@H](NC(=O)[C@@H](NC(=O)[C@@H](NC(=O)[C@@H](NC(=O)[C@@H](NC(=O)[C@@H](NC(=O)[C@@H](NC(=O)[C@@H](NC(=O)[C@@H](NC(=O)[C@@H](NC(=O)[C@@H](NC(=O)[C@@H](NC(=O)[C@@H](NC(=O)[C@@H](NC(=O)[C@@H](NC(=O)[C@@H](NC(=O)[C@@H](NC(=O)[C@@H]([NH3+])CO)C)C)C)C)C)CC)Cc5c[nH]c6ccccc56)CO)CCC(=O)N)C(C)C)CCCNC(=[NH2+])N)C)CC(=O)[O-])CC(C)C)CS)CO)CC(C)C)CC)C(C)C)CO)CC(C)C)CCC(=O)N)CC(C)C)CCCNC(=[NH2+])N)C)CC(=O)[O-])CO)C(C)C)Cc5c[nH]c6ccccc56)CC(=O)N)Cc5ccc(O)cc5)CC)CCC4)CCC3)C)CC(=O)[O-])CO)CC)CCC(=O)[O-])[C@@H](C)CC)Cc3ccccc3)CO)CC(C)C)CC(C)C)CCC2)Cc2nc[nH]c2)CCSC)C)CC(=O)[O-])CCSC)CO)[C@H](O)C)Cc2ccc(O)cc2)CCSC)Cc2ccccc2)CCC)[C@@H](C)CC)[C@@H](C)CC)CO)Cc2ccccc2)C)CCCC[NH3+])C(C)C)[C@@H](C)CC)CO)Cc2ccc(O)cc2)Cc2ccccc2)CCCNC(=[NH2+])N)CC(=O)[O-])CC(C)C)CCC1)[C@@H](C)CC)CC)CC(=O)[O-])CCC(=O)N)[C@@H](C)CC)CO)CC(C)C)CC(C)C)CCC)C)C)Cc1ccccc1)CCC(=O)[O-])CC(C)C)CS)CCC(=O)N)CC(C)C)CCCNC(=[NH2+])N)Cc1ccccc1)CC(=O)N)[C@H](O)C)C(C)C)Cc1ccccc1)CC(=O)N)C)CC)[C@H](O)C)[C@H](O)C)Cc1c[nH]c2ccccc12)CCC(=O)[O-])C(=O)NCC(=O)N[C@@H](CCC[NH2+])C(=O)N[C@@H](CC(C)C)C(=O)N[C@@H](CO)C(=O)N[C@@H](Cc1ccc(O)cc1)C(=O)N[C@@H](CS)C(=O)N[C@@H](CC(C)C)C(=O)N[C@@H](C)C(=O)N[C@@H](CC(=O)[O-])C(=O)N[C@@H]([C@H](O)C)C(=O)N[C@@H](C)C(=O)NCC(=O)NCC(=O)N[C@@H](C)C(=O)N[C@@H](C)C(=O)N[C@@H](C)C(=O)N[C@@H](C)C(=O)N[C@@H](C)C(=O)N[C@@H](CC(C)C)C(=O)N[C@@H](CCC(=O)[O-])C(=O)N1[C@H](C(=O)N[C@@H](CCSC)C(=O)N[C@@H](CC(C)C)C(=O)N[C@@H](CCCC[NH3+])C(=O)N[C@@H](Cc2ccccc2)C(=O)N[C@@H](Cc2nc[nH]c2)C(=O)N[C@@H](Cc2ccc(O)cc2)C(=O)N[C@@H](CCSC)C(=O)N[C@@H](CC(C)C)C(=O)N[C@@H](CCCC[NH3+])C(=O)N[C@@H](CCCC[NH3+])C(=O)N[C@@H](CC(C)C)C(=O)N[C@@H](CCC(=O)N)C(=O)N[C@@H](CC(C)C)C(=O)N[C@@H](Cc2nc[nH]c2)C(=O)N[C@@H](CCC(=O)[O-])C(=O)N[C@@H](CCC(=O)[O-])C(=O)N[C@@H](CCC(=O)[O-])C(=O)N[C@@H](Cc2ccc(O)cc2)C(=O)N[C@@H](C(C)C)C(=O)N[C@@H](CC(C)C)C(=O)N[C@@H](CCSC)C(=O)N[C@@H](CCC(=O)N)C(=O)N[C@@H](C)C(=O)N[C@@H]([C@@H](C)CC)C(=O)N[C@@H](CO)C(=O)N[C@@H](CC(C)C)C(=O)N[C@@H](Cc2ccccc2)C(=O)N[C@@H](CO)C(=O)N2[C@H](C(=O)N[C@@H](CC(=O)[O-])C(=O)N[C@@H](CCCNC(=[NH2+])N)C(=O)N3[C@H](C(=O)NCC(=O)N[C@@H](C(C)C)C(=O)N[C@@H](C)C(=O)N[C@@H](CCC(=O)N)C(=O)N[C@@H](Cc4nc[nH]c4)C(=O)N[C@@H](C)C(=O)N[C@@H](C(C)C)C(=O)N[C@@H](C(C)C)C(=O)N[C@@H](CC(=O)[O-])C(=O)N[C@@H](C)C(=O)N[C@@H](CC(C)C)C(=O)N[C@@H](CCC(=O)N)C(=O)N[C@@H](CCC(=O)[O-])C(=O)N[C@@H](CCC(=O)N)C(=O)N[C@@H](Cc4ccccc4)C(=O)N[C@@H](C)C(=O)N[C@@H]([C@@H](C)CC)C(=O)N[C@@H]([C@H](O)C)C(=O)N[C@@H](CC(C)C)C(=O)N[C@@H](CCCC[NH3+])C(=O)N[C@@H](CO)C(=O)N[C@@H](Cc4ccc(O)cc4)C(=O)N[C@@H]([C@@H](C)CC)C(=O)N[C@@H](CCC(=O)[O-])C(=O)N[C@@H](CS)C(=O)N[C@@H](CC(=O)N)C(=O)N[C@@H](CCCNC(=[NH2+])N)C(=O)N4[C@H](C(=O)N[C@@H](CCC(=O)N)C(=O)N5[C@H](C(=O)N[C@@H](C)C(=O)N[C@@H](Cc6nc[nH]c6)C(=O)N[C@@H](CCCNC(=[NH2+])N)C(=O)N[C@@H](Cc6ccccc6)C(=O)N[C@@H](CC(C)C)C(=O)N[C@@H](Cc6ccccc6)C(=O)N[C@@H](CC(C)C)C(=O)N[C@@H](CCCC[NH3+])C(=O)N[C@@H]([C@@H](C)CC)C(=O)N[C@@H](CCSC)C(=O)N[C@@H](C)C(=O)N[C@@H](CCSC)C(=O)N[C@@H](CC(C)C)C(=O)N[C@@H]([C@H](O)C)C(=O)N[C@@H](CCC(=O)[O-])C(=O)N[C@@H](CC(C)C)C(=O)N[C@@H](CCCNC(=[NH2+])N)C(=O)N[C@@H](CO)C(=O)N[C@@H]([C@@H](C)CC)C(=O)N[C@@H](CC(=O)N)C(=O)N[C@@H](C)C(=O)N[C@@H](CC)C(=O)N[C@@H](Cc6nc[nH]c6)C(=O)N[C@@H]([C@H](O)C)C(=O)N[C@@H](CCC(=O)N)C(=O)N[C@@H](CCCNC(=[NH2+])N)C(=O)N[C@@H](CC(C)C)C(=O)N[C@@H](CC(C)C)C(=O)N[C@@H](CCCNC(=[NH2+])N)C(=O)N[C@@H]([C@@H](C)CC)C(=O)N[C@@H](CCC(=O)N)C(=O)N[C@@H](CC(=O)[O-])C(=O)N[C@@H]([C@@H](C)CC)C(=O)N[C@@H](Cc6nc[nH]c6)C(=O)N6[C@H](C(=O)N[C@@H](Cc7ccccc7)C(=O)N[C@@H](C)C(=O)N[C@@H]([C@H](O)C)C(=O)N7[C@H](C(=O)N[C@@H](CC(C)C)C(=O)N[C@@H](CCSC)C(=O)N[C@@H](CCC(=O)N)C(=O)N[C@@H](CCC(=O)[O-])C(=O)N[C@@H](CC(C)C)C(=O)N[C@@H](Cc8ccccc8)C(=O)NCC(=O)N[C@@H]([C@@H](C)CC)C(=O)N[C@H](C=O)[C@H](O)C)CCC7)CCC6)CCC5)CCC4)CCC3)CCC2)CCC1.S(C)CC[C@H](NC(=O)[C@@H](NC(=O)[C@@H](NC(=O)[C@@H](NC(=O)[C@@H](NC(=O)[C@@H](NC(=O)[C@@H](NC(=O)[C@@H](NC(=O)[C@@H](NC(=O)[C@@H](NC(=O)[C@@H](NC(=O)[C@@H](NC(=O)[C@@H](NC(=O)[C@@H](NC(=O)[C@@H](NC(=O)[C@@H](NC(=O)[C@@H](NC(=O)C[NH3+])C)[C@H](O)C)CCC(=O)[O-])C)CCC(=O)N)CCCNC(=[NH2+])N)C)CCSC)[C@@H](C)CC)C)CCC(=O)[O-])CC(C)C)CCSC)CC(=O)[O-])C)CCC(=O)N)C(=O)N[C@@H](CCCC[NH3+])C(=O)N[C@@H]([C@H](O)C)C(=O)N[C@@H](Cc1ccccc1)C(=O)N[C@@H](CC(=O)[O-])C(=O)N[C@@H]([C@H](O)C)C(=O)N[C@@H]([C@H](O)C)C(=O)N[C@@H](Cc1ccccc1)C(=O)N[C@@H](CO)C(=O)N[C@@H](Cc1nc[nH]c1)C(=O)N[C@@H](Cc1ccccc1)C(=O)N[C@@H](C)C(=O)N[C@@H](CC(=O)N)C(=O)N[C@@H](Cc1ccccc1)C(=O)N[C@@H](CCCNC(=[NH2+])N)C(=O)N[C@@H](CC(C)C)C(=O)N1[C@H](C(=O)NCC(=O)N[C@@H](C(C)C)C(=O)N[C@@H](CC(C)C)C=O)CCC1.OC[C@H](NC(=O)CNC(=O)[C@@H](NC(=O)[C@@H](NC(=O)[C@@H](NC(=O)[C@@H](NC(=O)[C@@H](NC(=O)[C@@H](NC(=O)[C@@H](NC(=O)[C@@H](NC(=O)[C@@H](NC(=O)[C@@H](NC(=O)[C@@H](NC(=O)[C@@H](NC(=O)[C@@H](NC(=O)[C@@H]([NH3+])C)[C@H](O)C)C)C)Cc1nc[nH]c1)C)[C@@H](C)CC)CC(C)C)Cc1nc[nH]c1)CCCNC(=[NH2+])N)CC(C)C)CC(C)C)CCC(=O)N)CCC(=O)[O-])C=O"
"PXR_pdbalignments_holo_TIER1_sorted_moesession.moe","2026-05-29 13:43:33","6NX1.A",1,31,470.405,"S(=O)(=O)(c1ccc(F)cc1)C1(c2ccc(C(O)(C(F)(F)F)C(F)(F)F)cc2)CCCC1"
"PXR_pdbalignments_holo_TIER1_sorted_moesession.moe","2026-05-29 13:43:33","6NX1.A",32,32,512,"O.O.O.O.O.O.O.O.O.O.O.O.O.O.O.O.O.O.O.O.O.O.O.O.O.O.O.O.O.O.O.O"
"PXR_pdbalignments_holo_TIER1_sorted_moesession.moe","2026-05-29 13:43:33","6NX1.B",29,29,464,"O.O.O.O.O.O.O.O.O.O.O.O.O.O.O.O.O.O.O.O.O.O.O.O.O.O.O.O.O"
"PXR_pdbalignments_holo_TIER1_sorted_moesession.moe","2026-05-29 13:43:33","6P2B.A",289,2368,33671.6,"SC[C@H](NC(=O)[C@@H](NC(=O)[C@@H](NC(=O)[C@@H](NC(=O)CNC(=O)[C@@H](NC(=O)[C@@H](NC(=O)[C@@H](NC(=O)[C@@H](NC(=O)[C@@H](NC(=O)[C@@H](NC(=O)[C@@H](NC(=O)[C@@H](NC(=O)[C@@H](NC(=O)[C@@H](NC(=O)[C@@H](NC(=O)[C@@H](NC(=O)[C@@H](NC(=O)[C@@H](NC(=O)[C@@H](NC(=O)[C@@H](NC(=O)[C@@H](NC(=O)[C@@H](NC(=O)CNC(=O)[C@@H](NC(=O)[C@@H](NC(=O)[C@@H](NC(=O)[C@@H](NC(=O)[C@@H](NC(=O)[C@@H](NC(=O)[C@@H](NC(=O)[C@@H](NC(=O)[C@@H](NC(=O)[C@H]1N(C(=O)[C@@H](NC(=O)[C@@H](NC(=O)[C@@H](NC(=O)[C@@H](NC(=O)[C@@H](NC(=O)[C@@H](NC(=O)[C@@H](NC(=O)[C@@H](NC(=O)[C@@H](NC(=O)[C@@H](NC(=O)[C@@H](NC(=O)[C@@H](NC(=O)[C@@H](NC(=O)[C@@H](NC(=O)CNC(=O)[C@@H](NC(=O)[C@@H](NC(=O)[C@@H](NC(=O)[C@@H](NC(=O)[C@@H](NC(=O)[C@@H](NC(=O)[C@@H](NC(=O)[C@@H](NC(=O)[C@@H](NC(=O)[C@@H](NC(=O)[C@@H](NC(=O)[C@H]2N(C(=O)[C@@H](NC(=O)[C@@H](NC(=O)[C@@H](NC(=O)[C@@H](NC(=O)[C@@H](NC(=O)[C@@H](NC(=O)[C@@H](NC(=O)CNC(=O)CNC(=O)[C@@H](NC(=O)[C@@H](NC(=O)[C@@H](NC(=O)[C@H]3N(C(=O)[C@H]4N(C(=O)[C@@H](NC(=O)[C@@H](NC(=O)[C@@H](NC(=O)[C@@H](NC(=O)[C@@H](NC(=O)[C@@H](NC(=O)CNC(=O)[C@@H](NC(=O)[C@@H](NC(=O)CNC(=O)[C@@H](NC(=O)[C@@H](NC(=O)[C@@H](NC(=O)[C@@H](NC(=O)[C@@H](NC(=O)[C@@H](NC(=O)[C@@H](NC(=O)[C@@H](NC(=O)[C@@H](NC(=O)[C@@H](NC(=O)[C@@H](NC(=O)[C@@H](NC(=O)[C@@H](NC(=O)[C@@H](NC(=O)[C@@H](NC(=O)[C@@H](NC(=O)[C@@H](NC(=O)[C@@H](NC(=O)[C@@H](NC(=O)[C@@H](NC(=O)[C@@H](NC(=O)[C@@H](NC(=O)[C@@H](NC(=O)[C@@H](NC(=O)[C@@H](NC(=O)[C@H]5[NH2+]CCC5)CO)CCCNC(=[NH2+])N)CCC(=O)[O-])CCC(=O)[O-])C)C)CCCC[NH3+])Cc5c[nH]c6ccccc56)CO)CCC(=O)N)C(C)C)CCCNC(=[NH2+])N)CCCC[NH3+])CC(=O)[O-])CC(C)C)CS)CO)CC(C)C)CCCC[NH3+])C(C)C)CO)CC(C)C)CCC(=O)N)CC(C)C)CCCNC(=[NH2+])N)CCC(=O)[O-])CC(=O)[O-])CO)C(C)C)Cc5c[nH]c6ccccc56)CC(=O)N)Cc5ccc(O)cc5)CCCC[NH3+])CCC4)CCC3)C)CC(=O)[O-])CO)CCCC[NH3+])CCC(=O)[O-])[C@@H](C)CC)Cc3ccccc3)CO)CC(C)C)CC(C)C)CCC2)Cc2nc[nH]c2)CCSC)C)CC(=O)[O-])CCSC)CO)[C@H](O)C)Cc2ccc(O)cc2)CCSC)Cc2ccccc2)CCCC[NH3+])[C@@H](C)CC)[C@@H](C)CC)CO)Cc2ccccc2)C)CCCC[NH3+])C(C)C)[C@@H](C)CC)CO)Cc2ccc(O)cc2)Cc2ccccc2)CCCNC(=[NH2+])N)CC(=O)[O-])CC(C)C)CCC1)[C@@H](C)CC)CCC(=O)[O-])CC(=O)[O-])CCC(=O)N)[C@@H](C)CC)CO)CC(C)C)CC(C)C)CCCC[NH3+])C)C)Cc1ccccc1)CCC(=O)[O-])CC(C)C)CS)CCC(=O)N)CC(C)C)CCCNC(=[NH2+])N)Cc1ccccc1)CC(=O)N)[C@H](O)C)C(C)C)Cc1ccccc1)CC(=O)N)C)CCC(=O)[O-])[C@H](O)C)[C@H](O)C)Cc1c[nH]c2ccccc12)CCC(=O)[O-])C(=O)NCC(=O)N[C@@H](CCCNC(=[NH2+])N)C(=O)N[C@@H](CC(C)C)C(=O)N[C@@H](CO)C(=O)N[C@@H](Cc1ccc(O)cc1)C(=O)N[C@@H](CS)C(=O)N[C@@H](CC(C)C)C(=O)N[C@@H](CCC(=O)[O-])C=O.SC[C@H](NC(=O)[C@@H](NC(=O)[C@@H](NC(=O)[C@@H](NC(=O)[C@@H](NC(=O)[C@@H](NC(=O)[C@@H](NC(=O)[C@@H](NC(=O)[C@@H](NC(=O)[C@@H](NC(=O)[C@@H](NC(=O)[C@@H](NC(=O)[C@@H](NC(=O)[C@@H](NC(=O)[C@@H](NC(=O)[C@@H](NC(=O)[C@@H](NC(=O)[C@@H](NC(=O)[C@@H](NC(=O)[C@@H](NC(=O)[C@@H](NC(=O)[C@@H](NC(=O)[C@@H](NC(=O)[C@@H](NC(=O)CNC(=O)[C@H]1N(C(=O)[C@@H](NC(=O)[C@@H](NC(=O)[C@H]2N(C(=O)[C@@H](NC(=O)[C@@H](NC(=O)[C@@H](NC(=O)[C@@H](NC(=O)[C@@H](NC(=O)[C@@H](NC(=O)[C@@H](NC(=O)[C@@H](NC(=O)[C@@H](NC(=O)[C@@H](NC(=O)[C@@H](NC(=O)[C@@H](NC(=O)[C@@H](NC(=O)[C@@H](NC(=O)[C@@H](NC(=O)[C@@H](NC(=O)[C@@H](NC(=O)[C@@H](NC(=O)[C@@H](NC(=O)[C@@H](NC(=O)[C@@H](NC(=O)[C@@H](NC(=O)[C@@H](NC(=O)[C@@H](NC(=O)[C@@H](NC(=O)[C@@H](NC(=O)[C@@H](NC(=O)[C@@H](NC(=O)[C@H]3N(C(=O)[C@@H](NC(=O)[C@@H](NC(=O)[C@@H](NC(=O)[C@@H](NC(=O)[C@@H](NC(=O)[C@@H](NC(=O)[C@@H]([NH3+])Cc4ccccc4)CCC(=O)N)CCC(=O)N)CC(C)C)CC(C)C)CC(C)C)CCC(=O)[O-])CCC3)CCSC)CC(C)C)CCCC[NH3+])Cc3ccccc3)Cc3nc[nH]c3)Cc3ccc(O)cc3)CCSC)CC(C)C)CCCC[NH3+])CCCC[NH3+])CC(C)C)CCC(=O)N)CC(C)C)Cc3nc[nH]c3)CCC(=O)[O-])CCC(=O)[O-])CCC(=O)[O-])Cc3ccc(O)cc3)C(C)C)CC(C)C)CCSC)CCC(=O)N)C)[C@@H](C)CC)CO)CC(C)C)Cc3ccccc3)CO)CCC2)CC(=O)[O-])CCCNC(=[NH2+])N)CCC1)C(C)C)CC(C)C)CCC(=O)N)Cc1nc[nH]c1)CCCNC(=[NH2+])N)C(C)C)C(C)C)CC(=O)[O-])CCC(=O)N)CC(C)C)CCC(=O)N)CCC(=O)[O-])CCC(=O)N)Cc1ccccc1)C)[C@@H](C)CC)[C@H](O)C)CC(C)C)CCCC[NH3+])CO)Cc1ccc(O)cc1)[C@@H](C)CC)CCC(=O)[O-])C(=O)N[C@@H](CC(=O)N)C(=O)N[C@@H](CCCNC(=[NH2+])N)C(=O)N1[C@H](C(=O)N[C@@H](CCC(=O)N)C(=O)N2[C@H](C(=O)N[C@@H](C)C(=O)N[C@@H](Cc3nc[nH]c3)C(=O)N[C@@H](CCCNC(=[NH2+])N)C(=O)N[C@@H](Cc3ccccc3)C(=O)N[C@@H](CC(C)C)C(=O)N[C@@H](Cc3ccccc3)C(=O)N[C@@H](CC(C)C)C(=O)N[C@@H](CCCC[NH3+])C(=O)N[C@@H]([C@@H](C)CC)C(=O)N[C@@H](CCSC)C(=O)N[C@@H](C)C(=O)N[C@@H](CCSC)C(=O)N[C@@H](CC(C)C)C(=O)N[C@@H]([C@H](O)C)C(=O)N[C@@H](CCC(=O)[O-])C(=O)N[C@@H](CC(C)C)C(=O)N[C@@H](CCCNC(=[NH2+])N)C(=O)N[C@@H](CO)C(=O)N[C@@H]([C@@H](C)CC)C(=O)N[C@@H](CC(=O)N)C(=O)N[C@@H](C)C(=O)N[C@@H](CCC(=O)N)C(=O)N[C@@H](Cc3nc[nH]c3)C(=O)N[C@@H]([C@H](O)C)C(=O)N[C@@H](CCC(=O)N)C(=O)N[C@@H](CCCNC(=[NH2+])N)C(=O)N[C@@H](CC(C)C)C(=O)N[C@@H](CC(C)C)C(=O)N[C@@H](CCCNC(=[NH2+])N)C(=O)N[C@@H]([C@@H](C)CC)C(=O)N[C@@H](CCC(=O)N)C(=O)N[C@@H](CC(=O)[O-])C(=O)N[C@@H]([C@@H](C)CC)C(=O)N[C@@H](Cc3nc[nH]c3)C(=O)N3[C@H](C(=O)N[C@@H](Cc4ccccc4)C(=O)N[C@@H](C)C(=O)N[C@@H]([C@H](O)C)C(=O)N4[C@H](C(=O)N[C@@H](CC(C)C)C(=O)N[C@@H](CCSC)C(=O)N[C@@H](CCC(=O)N)C(=O)N[C@@H](CCC(=O)[O-])C(=O)N[C@@H](CC(C)C)C(=O)N[C@@H](Cc5ccccc5)C(=O)NCC(=O)N[C@@H]([C@@H](C)CC)C(=O)N[C@H](C=O)[C@H](O)C)CCC4)CCC3)CCC2)CCC1.S(C)CC[C@H](NC(=O)[C@@H](NC(=O)[C@@H](NC(=O)[C@@H](NC(=O)[C@@H](NC(=O)[C@@H](NC(=O)[C@@H](NC(=O)C[NH3+])CC(C)C)[C@H](O)C)CCC(=O)[O-])CCC(=O)[O-])CCC(=O)N)CCCNC(=[NH2+])N)C(=O)N[C@@H](CCSC)C(=O)N[C@@H]([C@@H](C)CC)C(=O)N[C@@H](CCCNC(=[NH2+])N)C(=O)N[C@@H](CCC(=O)[O-])C(=O)N[C@@H](CC(C)C)C(=O)N[C@@H](CCSC)C(=O)N[C@@H](CC(=O)[O-])C(=O)N[C@@H](C)C(=O)N[C@@H](CCC(=O)N)C(=O)N[C@@H](CCSC)C(=O)N[C@@H](CCCC[NH3+])C(=O)N[C@@H]([C@H](O)C)C(=O)N[C@@H](Cc1ccccc1)C(=O)N[C@@H](CC(=O)[O-])C(=O)N[C@@H]([C@H](O)C)C(=O)N[C@@H]([C@H](O)C)C(=O)N[C@@H](Cc1ccccc1)C(=O)N[C@@H](CO)C(=O)N[C@@H](Cc1nc[nH]c1)C(=O)N[C@@H](Cc1ccccc1)C(=O)N[C@@H](CCCC[NH3+])C(=O)N[C@@H](CC(=O)N)C(=O)N[C@@H](Cc1ccccc1)C(=O)N[C@@H](CCCNC(=[NH2+])N)C(=O)N[C@@H](CC(C)C)C(=O)N1[C@H](C(=O)NCC(=O)N[C@H](C=O)C(C)C)CCC1.OC[C@H](NC(=O)[C@@H]([NH3+])C)C(=O)N[C@@H](CC(C)C)C(=O)N[C@@H]([C@H](O)C)C(=O)N[C@@H](CCC(=O)[O-])C(=O)N[C@@H](CCCNC(=[NH2+])N)C(=O)N[C@@H](Cc1nc[nH]c1)C(=O)N[C@@H](CCCC[NH3+])C(=O)N[C@@H]([C@@H](C)CC)C(=O)N[C@@H](CC(C)C)C(=O)N[C@@H](Cc1nc[nH]c1)C(=O)N[C@@H](CCCNC(=[NH2+])N)C(=O)N[C@@H](CC(C)C)C(=O)N[C@@H](CC(C)C)C(=O)N[C@@H](CCC(=O)N)C(=O)N[C@@H](CCC(=O)[O-])C=O"
"PXR_pdbalignments_holo_TIER1_sorted_moesession.moe","2026-05-29 13:43:33","6P2B.A",1,31,425.589,"Oc1cc(C)c2O[C@](C)(CCC=C(C)CCC=C(C)CCC=C(C)C(=O)[O-])CCc2c1"
"PXR_pdbalignments_holo_TIER1_sorted_moesession.moe","2026-05-29 13:43:33","6P2B.A",65,65,1040,"O.O.O.O.O.O.O.O.O.O.O.O.O.O.O.O.O.O.O.O.O.O.O.O.O.O.O.O.O.O.O.O.O.O.O.O.O.O.O.O.O.O.O.O.O.O.O.O.O.O.O.O.O.O.O.O.O.O.O.O.O.O.O.O.O"
"PXR_pdbalignments_holo_TIER1_sorted_moesession.moe","2026-05-29 13:43:33","6P2B.B",57,57,912,"O.O.O.O.O.O.O.O.O.O.O.O.O.O.O.O.O.O.O.O.O.O.O.O.O.O.O.O.O.O.O.O.O.O.O.O.O.O.O.O.O.O.O.O.O.O.O.O.O.O.O.O.O.O.O.O.O"
"PXR_pdbalignments_holo_TIER1_sorted_moesession.moe","2026-05-29 13:43:33","8CH8.A",275,2140,30440.6,"SC[C@H](NC(=O)[C@@H](NC(=O)[C@@H](NC(=O)[C@@H](NC(=O)CNC(=O)[C@@H](NC(=O)[C@@H](NC(=O)[C@@H](NC(=O)[C@@H](NC(=O)[C@@H](NC(=O)[C@@H](NC(=O)[C@@H](NC(=O)[C@@H](NC(=O)[C@@H](NC(=O)[C@@H](NC(=O)[C@@H](NC(=O)[C@@H](NC(=O)[C@@H](NC(=O)[C@@H](NC(=O)[C@@H](NC(=O)[C@@H](NC(=O)[C@@H](NC(=O)[C@@H](NC(=O)CNC(=O)[C@@H](NC(=O)[C@@H](NC(=O)[C@@H](NC(=O)[C@@H](NC(=O)[C@@H](NC(=O)[C@@H](NC(=O)[C@@H](NC(=O)[C@@H](NC(=O)[C@@H](NC(=O)[C@H]1N(C(=O)[C@@H](NC(=O)[C@@H](NC(=O)[C@@H](NC(=O)[C@@H](NC(=O)[C@@H](NC(=O)[C@@H](NC(=O)[C@@H](NC(=O)[C@@H](NC(=O)[C@@H](NC(=O)[C@@H](NC(=O)[C@@H](NC(=O)[C@@H](NC(=O)[C@@H](NC(=O)[C@@H](NC(=O)CNC(=O)[C@@H](NC(=O)[C@@H](NC(=O)[C@@H](NC(=O)[C@@H](NC(=O)[C@@H](NC(=O)[C@@H](NC(=O)[C@@H](NC(=O)[C@@H](NC(=O)[C@@H](NC(=O)[C@@H](NC(=O)[C@@H](NC(=O)[C@H]2N(C(=O)[C@@H](NC(=O)[C@@H](NC(=O)[C@@H](NC(=O)[C@@H](NC(=O)[C@@H](NC(=O)[C@@H](NC(=O)[C@@H](NC(=O)CNC(=O)CNC(=O)[C@@H](NC(=O)[C@@H](NC(=O)[C@@H](NC(=O)[C@H]3N(C(=O)[C@H]4N(C(=O)[C@@H](NC(=O)[C@@H](NC(=O)[C@@H](NC(=O)[C@@H](NC(=O)[C@@H](NC(=O)[C@@H](NC(=O)CNC(=O)[C@@H](NC(=O)[C@@H](NC(=O)CNC(=O)[C@@H](NC(=O)[C@@H](NC(=O)[C@@H](NC(=O)[C@@H](NC(=O)[C@@H](NC(=O)[C@@H](NC(=O)[C@@H](NC(=O)[C@@H](NC(=O)[C@@H](NC(=O)[C@@H](NC(=O)[C@@H](NC(=O)[C@@H](NC(=O)[C@@H](NC(=O)[C@@H](NC(=O)[C@@H](NC(=O)[C@@H](NC(=O)[C@@H](NC(=O)[C@@H](NC(=O)[C@@H](NC(=O)[C@@H](NC(=O)[C@@H]([NH3+])C)C)CCCC[NH3+])Cc5c[nH]c6ccccc56)CO)CCC(=O)N)C(C)C)C)C)CC(=O)[O-])CC(C)C)CS)CO)C)C)C(C)C)CO)CC(C)C)CCC(=O)N)CC(C)C)CCCNC(=[NH2+])N)C)CC(=O)[O-])CO)C(C)C)Cc5c[nH]c6ccccc56)CC(=O)N)Cc5ccc(O)cc5)C)CCC4)CCC3)C)CC(=O)[O-])CO)C)CCC(=O)[O-])[C@@H](C)CC)Cc3ccccc3)CO)CC(C)C)CC(C)C)CCC2)Cc2nc[nH]c2)CCSC)C)CC(=O)[O-])CCSC)CO)[C@H](O)C)Cc2ccc(O)cc2)CCSC)Cc2ccccc2)CCCC[NH3+])[C@@H](C)CC)[C@@H](C)CC)CO)Cc2ccccc2)C)CCCC[NH3+])C(C)C)[C@@H](C)CC)CO)Cc2ccc(O)cc2)Cc2ccccc2)CCCNC(=[NH2+])N)CC(=O)[O-])CC(C)C)CCC1)[C@@H](C)CC)CCC(=O)[O-])CC(=O)[O-])CCC(=O)N)[C@@H](C)CC)CO)CC(C)C)CC(C)C)CCCC[NH3+])C)C)Cc1ccccc1)CCC(=O)[O-])CC(C)C)CS)CCC(=O)N)CC(C)C)CCCNC(=[NH2+])N)Cc1ccccc1)CC(=O)N)[C@H](O)C)C(C)C)Cc1ccccc1)CC(=O)N)C)CCC(=O)[O-])[C@H](O)C)[C@H](O)C)Cc1c[nH]c2ccccc12)CCC(=O)[O-])C(=O)NCC(=O)N[C@@H](CCC)C(=O)N[C@@H](CC(C)C)C(=O)N[C@@H](CO)C(=O)N[C@@H](Cc1ccc(O)cc1)C(=O)N[C@@H](CS)C(=O)N[C@@H](CC(C)C)C(=O)N[C@@H](CCC(=O)[O-])C(=O)N[C@@H](C)C=O.SC[C@H](NC(=O)[C@@H](NC(=O)[C@@H](NC(=O)[C@@H](NC(=O)[C@@H](NC(=O)[C@@H](NC(=O)[C@@H](NC(=O)[C@@H](NC(=O)[C@@H](NC(=O)[C@@H](NC(=O)[C@@H](NC(=O)[C@@H](NC(=O)[C@@H](NC(=O)[C@@H](NC(=O)[C@@H](NC(=O)[C@@H](NC(=O)[C@@H](NC(=O)[C@@H](NC(=O)[C@@H](NC(=O)[C@@H](NC(=O)[C@@H](NC(=O)[C@@H](NC(=O)[C@@H](NC(=O)[C@@H](NC(=O)CNC(=O)[C@H]1N(C(=O)[C@@H](NC(=O)[C@@H](NC(=O)[C@H]2N(C(=O)[C@@H](NC(=O)[C@@H](NC(=O)[C@@H](NC(=O)[C@@H](NC(=O)[C@@H](NC(=O)[C@@H](NC(=O)[C@@H](NC(=O)[C@@H](NC(=O)[C@@H](NC(=O)[C@@H](NC(=O)[C@@H](NC(=O)[C@@H](NC(=O)[C@@H](NC(=O)[C@@H](NC(=O)[C@@H](NC(=O)[C@@H](NC(=O)[C@@H](NC(=O)[C@@H](NC(=O)[C@@H](NC(=O)[C@@H](NC(=O)[C@@H](NC(=O)[C@@H](NC(=O)[C@@H](NC(=O)[C@@H](NC(=O)[C@@H](NC(=O)[C@@H](NC(=O)[C@@H](NC(=O)[C@@H](NC(=O)[C@H]3N(C(=O)[C@@H](NC(=O)[C@@H](NC(=O)[C@@H](NC(=O)[C@@H](NC(=O)[C@@H](NC(=O)[C@@H](NC(=O)[C@@H](NC(=O)C[NH3+])C)C)CCC(=O)N)C)C)C)CCC(=O)[O-])CCC3)CCSC)CC(C)C)CC)Cc3ccccc3)Cc3nc[nH]c3)Cc3ccc(O)cc3)CCSC)CC(C)C)CCCC[NH3+])CC)CC(C)C)CCC(=O)N)CC(C)C)Cc3nc[nH]c3)CCC(=O)[O-])CCC(=O)[O-])CCC(=O)[O-])Cc3ccc(O)cc3)C(C)C)CC(C)C)CCSC)CCC(=O)N)C)[C@@H](C)CC)CO)CC(C)C)Cc3ccccc3)CO)CCC2)CC(=O)[O-])CCCNC(=[NH2+])N)CCC1)C(C)C)CC(C)C)CCC(=O)N)C[CH2])C)C(C)C)C(C)C)CC(=O)[O-])C)CC(C)C)CCC(=O)N)CCC(=O)[O-])CCC(=O)N)Cc1ccccc1)C)[C@@H](C)CC)[C@H](O)C)CC(C)C)CCCC[NH3+])CO)Cc1ccc(O)cc1)[C@@H](C)CC)CCC(=O)[O-])C(=O)N[C@@H](CC(=O)N)C(=O)N[C@@H](CCCNC(=[NH2+])N)C(=O)N1[C@H](C(=O)N[C@@H](CCC(=O)N)C(=O)N2[C@H](C(=O)N[C@@H](C)C(=O)N[C@@H](Cc3nc[nH]c3)C(=O)N[C@@H](CCCNC(=[NH2+])N)C(=O)N[C@@H](Cc3ccccc3)C(=O)N[C@@H](CC(C)C)C(=O)N[C@@H](Cc3ccccc3)C(=O)N[C@@H](CC(C)C)C(=O)N[C@@H](CCCC[NH3+])C(=O)N[C@@H]([C@@H](C)CC)C(=O)N[C@@H](CCSC)C(=O)N[C@@H](C)C(=O)N[C@@H](CCSC)C(=O)N[C@@H](CC(C)C)C(=O)N[C@@H]([C@H](O)C)C(=O)N[C@@H](CCC(=O)[O-])C(=O)N[C@@H](CC(C)C)C(=O)N[C@@H](CCCNC(=[NH2+])N)C(=O)N[C@@H](CO)C(=O)N[C@@H]([C@@H](C)CC)C(=O)N[C@@H](CC(=O)N)C(=O)N[C@@H](C)C(=O)N[C@@H](CCC(=O)N)C(=O)N[C@@H](Cc3nc[nH]c3)C(=O)N[C@@H]([C@H](O)C)C(=O)N[C@@H](CC)C(=O)N[C@@H](CCC[NH2+])C(=O)N[C@@H](CC)C(=O)N[C@@H](CC(C)C)C(=O)N[C@@H](CCCNC(=[NH2+])N)C(=O)N[C@@H]([C@@H](C)CC)C(=O)N[C@@H](CCC(=O)N)C(=O)N[C@@H](CC(=O)[O-])C(=O)N[C@@H]([C@@H](C)CC)C(=O)N[C@@H](Cc3nc[nH]c3)C(=O)N3[C@H](C(=O)N[C@@H](Cc4ccccc4)C(=O)N[C@@H](C)C(=O)N[C@@H]([C@H](O)C)C(=O)N4[C@H](C(=O)N[C@@H](CC(C)C)C(=O)N[C@@H](CCSC)C(=O)N[C@@H](CCC(=O)N)C(=O)N[C@@H](CCC(=O)[O-])C(=O)N[C@@H](CC(C)C)C(=O)N[C@@H](Cc5ccccc5)C(=O)NCC(=O)N[C@@H]([C@@H](C)CC)C(=O)N[C@@H]([C@H](O)C)C(=O)NCC(=O)N[C@@H](CO)C=O)CCC4)CCC3)CCC2)CCC1.S(C)CC[C@H](NC(=O)[C@@H](NC(=O)[C@@H](NC(=O)[C@@H](NC(=O)[C@@H](NC(=O)[C@@H](NC(=O)[C@@H](NC(=O)CNC(=O)[C@@H](NC(=O)[C@@H]([NH3+])C)C)CC(C)C)[C@H](O)C)CCC(=O)[O-])C)CCC(=O)N)CCCNC(=[NH2+])N)C(=O)N[C@@H](CCSC)C(=O)N[C@@H]([C@@H](C)CC)C(=O)N[C@@H](CCCNC(=[NH2+])N)C(=O)N[C@@H](CCC(=O)[O-])C(=O)N[C@@H](CC(C)C)C(=O)N[C@@H](CCSC)C(=O)N[C@@H](CC(=O)[O-])C(=O)N[C@@H](C)C(=O)N[C@@H](CCC(=O)N)C(=O)N[C@@H](CCSC)C(=O)N[C@@H](CCCC[NH3+])C(=O)N[C@@H]([C@H](O)C)C(=O)N[C@@H](Cc1ccccc1)C(=O)N[C@@H](CC(=O)[O-])C(=O)N[C@@H]([C@H](O)C)C(=O)N[C@@H]([C@H](O)C)C(=O)N[C@@H](Cc1ccccc1)C(=O)N[C@@H](CO)C(=O)N[C@@H](Cc1nc[nH]c1)C(=O)N[C@@H](Cc1ccccc1)C(=O)N[C@@H](CCCC[NH3+])C(=O)N[C@@H](CC(=O)N)C(=O)N[C@@H](Cc1ccccc1)C(=O)N[C@@H](CCCNC(=[NH2+])N)C(=O)N[C@@H](CC(C)C)C(=O)N1[C@H](C(=O)NCC(=O)N[C@@H](C(C)C)C(=O)N[C@@H](C)C=O)CCC1"
"PXR_pdbalignments_holo_TIER1_sorted_moesession.moe","2026-05-29 13:43:33","8CH8.A",1,23,328.436,"S=C(Oc1ccc2CCCCc2c1)N(C)c1nc(OC)ccc1"
"PXR_pdbalignments_holo_TIER1_sorted_moesession.moe","2026-05-29 13:43:33","8CH8.A",68,68,1088,"O.O.O.O.O.O.O.O.O.O.O.O.O.O.O.O.O.O.O.O.O.O.O.O.O.O.O.O.O.O.O.O.O.O.O.O.O.O.O.O.O.O.O.O.O.O.O.O.O.O.O.O.O.O.O.O.O.O.O.O.O.O.O.O.O.O.O.O"
"PXR_pdbalignments_holo_TIER1_sorted_moesession.moe","2026-05-29 13:43:33","6S41.A",284,2330,33143,"SC[C@H](NC(=O)[C@@H](NC(=O)[C@@H](NC(=O)[C@@H](NC(=O)CNC(=O)[C@@H](NC(=O)[C@@H](NC(=O)[C@@H](NC(=O)[C@@H](NC(=O)[C@@H](NC(=O)[C@@H](NC(=O)[C@@H](NC(=O)[C@@H](NC(=O)[C@@H](NC(=O)[C@@H](NC(=O)[C@@H](NC(=O)[C@@H](NC(=O)[C@@H](NC(=O)[C@@H](NC(=O)[C@@H](NC(=O)[C@@H](NC(=O)[C@@H](NC(=O)[C@@H](NC(=O)CNC(=O)[C@@H](NC(=O)[C@@H](NC(=O)[C@@H](NC(=O)[C@@H](NC(=O)[C@@H](NC(=O)[C@@H](NC(=O)[C@@H](NC(=O)[C@@H](NC(=O)[C@@H](NC(=O)[C@H]1N(C(=O)[C@@H](NC(=O)[C@@H](NC(=O)[C@@H](NC(=O)[C@@H](NC(=O)[C@@H](NC(=O)[C@@H](NC(=O)[C@@H](NC(=O)[C@@H](NC(=O)[C@@H](NC(=O)[C@@H](NC(=O)[C@@H](NC(=O)[C@@H](NC(=O)[C@@H](NC(=O)[C@@H](NC(=O)CNC(=O)[C@@H](NC(=O)[C@@H](NC(=O)[C@@H](NC(=O)[C@@H](NC(=O)[C@@H](NC(=O)[C@@H](NC(=O)[C@@H](NC(=O)[C@@H](NC(=O)[C@@H](NC(=O)[C@@H](NC(=O)[C@@H](NC(=O)[C@H]2N(C(=O)[C@@H](NC(=O)[C@@H](NC(=O)[C@@H](NC(=O)[C@@H](NC(=O)[C@@H](NC(=O)[C@@H](NC(=O)[C@@H](NC(=O)CNC(=O)CNC(=O)[C@@H](NC(=O)[C@@H](NC(=O)[C@@H](NC(=O)[C@H]3N(C(=O)[C@H]4N(C(=O)[C@@H](NC(=O)[C@@H](NC(=O)[C@@H](NC(=O)[C@@H](NC(=O)[C@@H](NC(=O)[C@@H](NC(=O)CNC(=O)[C@@H](NC(=O)[C@@H](NC(=O)CNC(=O)[C@@H](NC(=O)[C@@H](NC(=O)[C@@H](NC(=O)[C@@H](NC(=O)[C@@H](NC(=O)[C@@H](NC(=O)[C@@H](NC(=O)[C@@H](NC(=O)[C@@H](NC(=O)[C@@H](NC(=O)[C@@H](NC(=O)[C@@H](NC(=O)[C@@H](NC(=O)[C@@H](NC(=O)[C@@H](NC(=O)[C@@H](NC(=O)[C@@H](NC(=O)[C@@H](NC(=O)[C@@H](NC(=O)[C@@H](NC(=O)[C@@H](NC(=O)[C@@H](NC(=O)[C@@H]([NH3+])CCC(=O)[O-])CCC(=O)[O-])C)C)CCCC[NH3+])Cc5c[nH]c6ccccc56)CO)CCC(=O)N)C(C)C)CCCNC(=[NH2+])N)CCCC[NH3+])CC(=O)[O-])CC(C)C)CS)CO)CC(C)C)CCCC[NH3+])C(C)C)CO)CC(C)C)CCC(=O)N)CC(C)C)CCCNC(=[NH2+])N)CCC(=O)[O-])CC(=O)[O-])CO)C(C)C)Cc5c[nH]c6ccccc56)CC(=O)N)Cc5ccc(O)cc5)CCCC[NH3+])CCC4)CCC3)C)CC(=O)[O-])CO)CCCC[NH3+])CCC(=O)[O-])[C@@H](C)CC)Cc3ccccc3)CO)CC(C)C)CC(C)C)CCC2)Cc2nc[nH]c2)CCSC)C)CC(=O)[O-])CCSC)CO)[C@H](O)C)Cc2ccc(O)cc2)CCSC)Cc2ccccc2)CCCC[NH3+])[C@@H](C)CC)[C@@H](C)CC)CO)Cc2ccccc2)C)CCCC[NH3+])C(C)C)[C@@H](C)CC)CO)Cc2ccc(O)cc2)Cc2ccccc2)CCCNC(=[NH2+])N)CC(=O)[O-])CC(C)C)CCC1)[C@@H](C)CC)CCC(=O)[O-])CC(=O)[O-])CCC(=O)N)[C@@H](C)CC)CO)CC(C)C)CC(C)C)CCCC[NH3+])C)C)Cc1ccccc1)CCC(=O)[O-])CC(C)C)CS)CCC(=O)N)CC(C)C)CCCNC(=[NH2+])N)Cc1ccccc1)CC(=O)N)[C@H](O)C)C(C)C)Cc1ccccc1)CC(=O)N)C)CCC(=O)[O-])[C@H](O)C)[C@H](O)C)Cc1c[nH]c2ccccc12)CCC(=O)[O-])C(=O)NCC(=O)N[C@@H](CCCNC(=[NH2+])N)C(=O)N[C@@H](CC(C)C)C(=O)N[C@@H](CO)C(=O)N[C@@H](Cc1ccc(O)cc1)C(=O)N[C@@H](CS)C(=O)N[C@@H](CC(C)C)C(=O)N[C@@H](CCC(=O)[O-])C(=O)N[C@@H](CC(=O)[O-])C(=O)N[C@H](C=O)[C@H](O)C.SC[C@H](NC(=O)[C@@H](NC(=O)[C@@H](NC(=O)[C@@H](NC(=O)[C@@H](NC(=O)[C@@H](NC(=O)[C@@H](NC(=O)[C@@H](NC(=O)[C@@H](NC(=O)[C@@H](NC(=O)[C@@H](NC(=O)[C@@H](NC(=O)[C@@H](NC(=O)[C@@H](NC(=O)[C@@H](NC(=O)[C@@H](NC(=O)[C@@H](NC(=O)[C@@H](NC(=O)[C@@H](NC(=O)[C@@H](NC(=O)[C@@H](NC(=O)[C@@H](NC(=O)[C@@H](NC(=O)[C@@H](NC(=O)CNC(=O)[C@H]1N(C(=O)[C@@H](NC(=O)[C@@H](NC(=O)[C@H]2N(C(=O)[C@@H](NC(=O)[C@@H](NC(=O)[C@@H](NC(=O)[C@@H](NC(=O)[C@@H](NC(=O)[C@@H](NC(=O)[C@@H](NC(=O)[C@@H](NC(=O)[C@@H](NC(=O)[C@@H](NC(=O)[C@@H](NC(=O)[C@@H](NC(=O)[C@@H](NC(=O)[C@@H](NC(=O)[C@@H](NC(=O)[C@@H](NC(=O)[C@@H](NC(=O)[C@@H](NC(=O)[C@@H](NC(=O)[C@@H](NC(=O)[C@@H](NC(=O)[C@@H](NC(=O)[C@@H](NC(=O)[C@@H](NC(=O)[C@@H](NC(=O)[C@@H](NC(=O)[C@@H](NC(=O)[C@@H](NC(=O)[C@H]3N(C(=O)[C@@H](NC(=O)[C@@H](NC(=O)[C@@H](NC(=O)[C@@H](NC(=O)[C@@H]([NH3+])CCC(=O)N)CC(C)C)CC(C)C)CC(C)C)CCC(=O)[O-])CCC3)CCSC)CC(C)C)CCCC[NH3+])Cc3ccccc3)Cc3nc[nH]c3)Cc3ccc(O)cc3)CCSC)CC(C)C)CCCC[NH3+])CCCC[NH3+])CC(C)C)CCC(=O)N)CC(C)C)Cc3nc[nH]c3)CCC(=O)[O-])CCC(=O)[O-])CCC(=O)[O-])Cc3ccc(O)cc3)C(C)C)CC(C)C)CCSC)CCC(=O)N)C)[C@@H](C)CC)CO)CC(C)C)Cc3ccccc3)CO)CCC2)CC(=O)[O-])CCCNC(=[NH2+])N)CCC1)C(C)C)CC(C)C)CCC(=O)N)Cc1nc[nH]c1)CCCNC(=[NH2+])N)C(C)C)C(C)C)CC(=O)[O-])CCC(=O)N)CC(C)C)CCC(=O)N)CCC(=O)[O-])CCC(=O)N)Cc1ccccc1)C)[C@@H](C)CC)[C@H](O)C)CC(C)C)CCCC[NH3+])CO)Cc1ccc(O)cc1)[C@@H](C)CC)CCC(=O)[O-])C(=O)N[C@@H](CC(=O)N)C(=O)N[C@@H](CCCNC(=[NH2+])N)C(=O)N1[C@H](C(=O)N[C@@H](CCC(=O)N)C(=O)N2[C@H](C(=O)N[C@@H](C)C(=O)N[C@@H](Cc3nc[nH]c3)C(=O)N[C@@H](CCCNC(=[NH2+])N)C(=O)N[C@@H](Cc3ccccc3)C(=O)N[C@@H](CC(C)C)C(=O)N[C@@H](Cc3ccccc3)C(=O)N[C@@H](CC(C)C)C(=O)N[C@@H](CCCC[NH3+])C(=O)N[C@@H]([C@@H](C)CC)C(=O)N[C@@H](CCSC)C(=O)N[C@@H](C)C(=O)N[C@@H](CCSC)C(=O)N[C@@H](CC(C)C)C(=O)N[C@@H]([C@H](O)C)C(=O)N[C@@H](CCC(=O)[O-])C(=O)N[C@@H](CC(C)C)C(=O)N[C@@H](CCCNC(=[NH2+])N)C(=O)N[C@@H](CO)C(=O)N[C@@H]([C@@H](C)CC)C(=O)N[C@@H](CC(=O)N)C(=O)N[C@@H](C)C(=O)N[C@@H](CCC(=O)N)C(=O)N[C@@H](Cc3nc[nH]c3)C(=O)N[C@@H]([C@H](O)C)C(=O)N[C@@H](CCC(=O)N)C(=O)N[C@@H](CCCNC(=[NH2+])N)C(=O)N[C@@H](CC(C)C)C(=O)N[C@@H](CC(C)C)C(=O)N[C@@H](CCCNC(=[NH2+])N)C(=O)N[C@@H]([C@@H](C)CC)C(=O)N[C@@H](CCC(=O)N)C(=O)N[C@@H](CC(=O)[O-])C(=O)N[C@@H]([C@@H](C)CC)C(=O)N[C@@H](Cc3nc[nH]c3)C(=O)N3[C@H](C(=O)N[C@@H](Cc4ccccc4)C(=O)N[C@@H](C)C(=O)N[C@@H]([C@H](O)C)C(=O)N4[C@H](C(=O)N[C@@H](CC(C)C)C(=O)N[C@@H](CCSC)C(=O)N[C@@H](CCC(=O)N)C(=O)N[C@@H](CCC(=O)[O-])C(=O)N[C@@H](CC(C)C)C(=O)N[C@@H](Cc5ccccc5)C(=O)NCC(=O)N[C@@H]([C@@H](C)CC)C(=O)N[C@H](C=O)[C@H](O)C)CCC4)CCC3)CCC2)CCC1.S(C)CC[C@H](NC(=O)[C@@H](NC(=O)[C@@H](NC(=O)[C@@H](NC(=O)[C@@H](NC(=O)[C@@H](NC(=O)[C@@H]([NH3+])CC(C)C)[C@H](O)C)CCC(=O)[O-])CCC(=O)[O-])CCC(=O)N)CCCNC(=[NH2+])N)C(=O)N[C@@H](CCSC)C(=O)N[C@@H]([C@@H](C)CC)C(=O)N[C@@H](CCCNC(=[NH2+])N)C(=O)N[C@@H](CCC(=O)[O-])C(=O)N[C@@H](CC(C)C)C(=O)N[C@@H](CCSC)C(=O)N[C@@H](CC(=O)[O-])C(=O)N[C@@H](C)C(=O)N[C@@H](CCC(=O)N)C(=O)N[C@@H](CCSC)C(=O)N[C@@H](CCCC[NH3+])C(=O)N[C@@H]([C@H](O)C)C(=O)N[C@@H](Cc1ccccc1)C(=O)N[C@@H](CC(=O)[O-])C(=O)N[C@@H]([C@H](O)C)C(=O)N[C@@H]([C@H](O)C)C(=O)N[C@@H](Cc1ccccc1)C(=O)N[C@@H](CO)C(=O)N[C@@H](Cc1nc[nH]c1)C(=O)N[C@@H](Cc1ccccc1)C(=O)N[C@@H](CCCC[NH3+])C(=O)N[C@@H](CC(=O)N)C(=O)N[C@@H](Cc1ccccc1)C(=O)N[C@@H](CCCNC(=[NH2+])N)C(=O)N[C@@H](CC(C)C)C(=O)N1[C@H](C(=O)NCC(=O)N[C@H](C=O)C(C)C)CCC1.OC[C@H]([NH3+])C(=O)N[C@@H](CC(C)C)C(=O)N[C@@H]([C@H](O)C)C(=O)N[C@@H](CCC(=O)[O-])C(=O)N[C@@H](CCCNC(=[NH2+])N)C(=O)N[C@@H](Cc1nc[nH]c1)C(=O)N[C@@H](CCCC[NH3+])C(=O)N[C@@H]([C@@H](C)CC)C(=O)N[C@@H](CC(C)C)C(=O)N[C@@H](Cc1nc[nH]c1)C(=O)N[C@@H](CCCNC(=[NH2+])N)C(=O)N[C@@H](CC(C)C)C(=O)N[C@@H](CC(C)C)C(=O)N[C@@H](CCC(=O)N)C(=O)N[C@@H](CCC(=O)[O-])C=O"
"PXR_pdbalignments_holo_TIER1_sorted_moesession.moe","2026-05-29 13:43:33","6S41.A",1,28,447.889,"Clc1c(N[C@@H](C)c2c(F)ccc(F)c2)cc(F)c(S(=O)(=O)Nc2ncsc2)c1"
"PXR_pdbalignments_holo_TIER1_sorted_moesession.moe","2026-05-29 13:43:33","6S41.A",10,10,160,"O.O.O.O.O.O.O.O.O.O"
"PXR_pdbalignments_holo_TIER1_sorted_moesession.moe","2026-05-29 13:43:33","6S41.B",10,10,160,"O.O.O.O.O.O.O.O.O.O"
"PXR_pdbalignments_holo_TIER1_sorted_moesession.moe","2026-05-29 13:43:33","6TFI.B",1,30,429.904,"Clc1cc(CNc2oc3c(OC)cc(C(=O)N4CC(C)(C)OCC4)cc3n2)ccc1"
"PXR_pdbalignments_holo_TIER1_sorted_moesession.moe","2026-05-29 13:43:33","6TFI.B",299,2430,34549.5,"SC[C@H](NC(=O)[C@@H](NC(=O)[C@@H](NC(=O)[C@@H](NC(=O)CNC(=O)[C@@H](NC(=O)[C@@H](NC(=O)[C@@H](NC(=O)[C@@H](NC(=O)[C@@H](NC(=O)[C@@H](NC(=O)[C@@H](NC(=O)[C@@H](NC(=O)[C@@H](NC(=O)[C@@H](NC(=O)[C@@H](NC(=O)[C@@H](NC(=O)[C@@H](NC(=O)[C@@H](NC(=O)[C@@H](NC(=O)[C@@H](NC(=O)[C@@H](NC(=O)[C@@H](NC(=O)CNC(=O)[C@@H](NC(=O)[C@@H](NC(=O)[C@@H](NC(=O)[C@@H](NC(=O)[C@@H](NC(=O)[C@@H](NC(=O)[C@@H](NC(=O)[C@@H](NC(=O)[C@@H](NC(=O)[C@H]1N(C(=O)[C@@H](NC(=O)[C@@H](NC(=O)[C@@H](NC(=O)[C@@H](NC(=O)[C@@H](NC(=O)[C@@H](NC(=O)[C@@H](NC(=O)[C@@H](NC(=O)[C@@H](NC(=O)[C@@H](NC(=O)[C@@H](NC(=O)[C@@H](NC(=O)[C@@H](NC(=O)[C@@H](NC(=O)CNC(=O)[C@@H](NC(=O)[C@@H](NC(=O)[C@@H](NC(=O)[C@@H](NC(=O)[C@@H](NC(=O)[C@@H](NC(=O)[C@@H](NC(=O)[C@@H](NC(=O)[C@@H](NC(=O)[C@@H](NC(=O)[C@@H](NC(=O)[C@H]2N(C(=O)[C@@H](NC(=O)[C@@H](NC(=O)[C@@H](NC(=O)[C@@H](NC(=O)[C@@H](NC(=O)[C@@H](NC(=O)[C@@H](NC(=O)CNC(=O)CNC(=O)[C@@H](NC(=O)[C@@H](NC(=O)[C@@H](NC(=O)[C@H]3N(C(=O)[C@H]4N(C(=O)[C@@H](NC(=O)[C@@H](NC(=O)[C@@H](NC(=O)[C@@H](NC(=O)[C@@H](NC(=O)[C@@H](NC(=O)CNC(=O)[C@@H](NC(=O)[C@@H](NC(=O)CNC(=O)[C@@H](NC(=O)[C@@H](NC(=O)[C@@H](NC(=O)[C@@H](NC(=O)[C@@H](NC(=O)[C@@H](NC(=O)[C@@H](NC(=O)[C@@H](NC(=O)[C@@H](NC(=O)[C@@H](NC(=O)[C@@H](NC(=O)[C@@H](NC(=O)[C@@H](NC(=O)[C@@H](NC(=O)[C@@H](NC(=O)[C@@H](NC(=O)[C@@H](NC(=O)[C@@H](NC(=O)[C@@H](NC(=O)[C@@H](NC(=O)[C@@H](NC(=O)[C@@H](NC(=O)[C@@H](NC(=O)[C@@H](NC(=O)[C@@H]([NH3+])CO)CCCNC(=[NH2+])N)CCC(=O)[O-])CCC(=O)[O-])C)C)CCCC[NH3+])Cc5c[nH]c6ccccc56)CO)CCC(=O)N)C(C)C)CCCNC(=[NH2+])N)CCCC[NH3+])CC(=O)[O-])CC(C)C)CS)CO)CC(C)C)CCCC[NH3+])C(C)C)CO)CC(C)C)CCC(=O)N)CC(C)C)CCCNC(=[NH2+])N)CCC(=O)[O-])CC(=O)[O-])CO)C(C)C)Cc5c[nH]c6ccccc56)CC(=O)N)Cc5ccc(O)cc5)CCCC[NH3+])CCC4)CCC3)C)CC(=O)[O-])CO)CCCC[NH3+])CCC(=O)[O-])[C@@H](C)CC)Cc3ccccc3)CO)CC(C)C)CC(C)C)CCC2)Cc2nc[nH]c2)CCSC)C)CC(=O)[O-])CCSC)CO)[C@H](O)C)Cc2ccc(O)cc2)CCSC)Cc2ccccc2)CCCC[NH3+])[C@@H](C)CC)[C@@H](C)CC)CO)Cc2ccccc2)C)CCCC[NH3+])C(C)C)[C@@H](C)CC)CO)Cc2ccc(O)cc2)Cc2ccccc2)CCCNC(=[NH2+])N)CC(=O)[O-])CC(C)C)CCC1)[C@@H](C)CC)CCC(=O)[O-])CC(=O)[O-])CCC(=O)N)[C@@H](C)CC)CO)CC(C)C)CC(C)C)CCCC[NH3+])C)C)Cc1ccccc1)CCC(=O)[O-])CC(C)C)CS)CCC(=O)N)CC(C)C)CCCNC(=[NH2+])N)Cc1ccccc1)CC(=O)N)[C@H](O)C)C(C)C)Cc1ccccc1)CC(=O)N)C)CCC(=O)[O-])[C@H](O)C)[C@H](O)C)Cc1c[nH]c2ccccc12)CCC(=O)[O-])C(=O)NCC(=O)N[C@@H](CCCNC(=[NH2+])N)C(=O)N[C@@H](CC(C)C)C(=O)N[C@@H](CO)C(=O)N[C@@H](Cc1ccc(O)cc1)C(=O)N[C@@H](CS)C(=O)N[C@@H](CC(C)C)C(=O)N[C@@H](CCC(=O)[O-])C(=O)N[C@@H](CC(=O)[O-])C(=O)N[C@@H]([C@H](O)C)C(=O)N[C@@H](C)C(=O)NCC(=O)NCC(=O)N[C@@H](Cc1ccccc1)C(=O)N[C@@H](CCC(=O)N)C(=O)N[C@@H](CCC(=O)N)C(=O)N[C@@H](CC(C)C)C(=O)N[C@@H](CC(C)C)C(=O)N[C@@H](CC(C)C)C(=O)N[C@@H](CCC(=O)[O-])C(=O)N1[C@H](C(=O)N[C@@H](CCSC)C(=O)N[C@@H](CC(C)C)C(=O)N[C@@H](CCCC[NH3+])C(=O)N[C@@H](Cc2ccccc2)C(=O)N[C@@H](Cc2nc[nH]c2)C(=O)N[C@@H](Cc2ccc(O)cc2)C(=O)N[C@@H](CCSC)C(=O)N[C@@H](CC(C)C)C(=O)N[C@@H](CCCC[NH3+])C(=O)N[C@@H](CCCC[NH3+])C(=O)N[C@@H](CC(C)C)C(=O)N[C@@H](CCC(=O)N)C(=O)N[C@@H](CC(C)C)C(=O)N[C@@H](Cc2nc[nH]c2)C(=O)N[C@@H](CCC(=O)[O-])C(=O)N[C@@H](CCC(=O)[O-])C(=O)N[C@@H](CCC(=O)[O-])C(=O)N[C@@H](Cc2ccc(O)cc2)C(=O)N[C@@H](C(C)C)C(=O)N[C@@H](CC(C)C)C(=O)N[C@@H](CCSC)C(=O)N[C@@H](CCC(=O)N)C(=O)N[C@@H](C)C(=O)N[C@@H]([C@@H](C)CC)C(=O)N[C@@H](CO)C(=O)N[C@@H](CC(C)C)C(=O)N[C@@H](Cc2ccccc2)C(=O)N[C@@H](CO)C(=O)N2[C@H](C(=O)N[C@@H](CC(=O)[O-])C(=O)N[C@@H](CCCNC(=[NH2+])N)C(=O)N3[C@H](C(=O)NCC(=O)N[C@@H](C(C)C)C(=O)N[C@@H](CC(C)C)C(=O)N[C@@H](CCC(=O)N)C(=O)N[C@@H](Cc4nc[nH]c4)C(=O)N[C@@H](CCCNC(=[NH2+])N)C(=O)N[C@@H](C(C)C)C(=O)N[C@@H](C(C)C)C(=O)N[C@@H](CC(=O)[O-])C(=O)N[C@@H](CCC(=O)N)C(=O)N[C@@H](CC(C)C)C(=O)N[C@@H](CCC(=O)N)C(=O)N[C@@H](CCC(=O)[O-])C(=O)N[C@@H](CCC(=O)N)C(=O)N[C@@H](Cc4ccccc4)C(=O)N[C@@H](C)C(=O)N[C@@H]([C@@H](C)CC)C(=O)N[C@@H]([C@H](O)C)C(=O)N[C@@H](CC(C)C)C(=O)N[C@@H](CCCC[NH3+])C(=O)N[C@@H](CO)C(=O)N[C@@H](Cc4ccc(O)cc4)C(=O)N[C@@H]([C@@H](C)CC)C(=O)N[C@@H](CCC(=O)[O-])C(=O)N[C@@H](CS)C(=O)N[C@@H](CC(=O)N)C(=O)N[C@@H](CCCNC(=[NH2+])N)C(=O)N4[C@H](C(=O)N[C@@H](CCC(=O)N)C(=O)N5[C@H](C(=O)N[C@@H](C)C(=O)N[C@@H](Cc6nc[nH]c6)C(=O)N[C@@H](CCCNC(=[NH2+])N)C(=O)N[C@@H](Cc6ccccc6)C(=O)N[C@@H](CC(C)C)C(=O)N[C@@H](Cc6ccccc6)C(=O)N[C@@H](CC(C)C)C(=O)N[C@@H](CCCC[NH3+])C(=O)N[C@@H]([C@@H](C)CC)C(=O)N[C@@H](CCSC)C(=O)N[C@@H](C)C(=O)N[C@@H](CCSC)C(=O)N[C@@H](CC(C)C)C(=O)N[C@@H]([C@H](O)C)C(=O)N[C@@H](CCC(=O)[O-])C(=O)N[C@@H](CC(C)C)C(=O)N[C@@H](CCCNC(=[NH2+])N)C(=O)N[C@@H](CO)C(=O)N[C@@H]([C@@H](C)CC)C(=O)N[C@@H](CC(=O)N)C(=O)N[C@@H](C)C(=O)N[C@@H](CCC(=O)N)C(=O)N[C@@H](Cc6nc[nH]c6)C(=O)N[C@@H]([C@H](O)C)C(=O)N[C@@H](CCC(=O)N)C(=O)N[C@@H](CCCNC(=[NH2+])N)C(=O)N[C@@H](CC(C)C)C(=O)N[C@@H](CC(C)C)C(=O)N[C@@H](CCCNC(=[NH2+])N)C(=O)N[C@@H]([C@@H](C)CC)C(=O)N[C@@H](CCC(=O)N)C(=O)N[C@@H](CC(=O)[O-])C(=O)N[C@@H]([C@@H](C)CC)C(=O)N[C@@H](Cc6nc[nH]c6)C(=O)N6[C@H](C(=O)N[C@@H](Cc7ccccc7)C(=O)N[C@@H](C)C(=O)N[C@@H]([C@H](O)C)C(=O)N7[C@H](C(=O)N[C@@H](CC(C)C)C(=O)N[C@@H](CCSC)C(=O)N[C@@H](CCC(=O)N)C(=O)N[C@@H](CCC(=O)[O-])C(=O)N[C@@H](CC(C)C)C(=O)N[C@@H](Cc8ccccc8)C(=O)NCC(=O)N[C@H](C=O)[C@@H](C)CC)CCC7)CCC6)CCC5)CCC4)CCC3)CCC2)CCC1.S(C)CC[C@H](NC(=O)[C@@H](NC(=O)[C@@H](NC(=O)[C@@H](NC(=O)[C@@H](NC(=O)[C@@H](NC(=O)[C@@H](NC(=O)CNC(=O)[C@@H](NC(=O)[C@@H](NC(=O)CNC(=O)[C@@H]([NH3+])CC(C)C)C(C)C)CCC(=O)N)CC(C)C)[C@H](O)C)CCC(=O)[O-])CCC(=O)[O-])CCC(=O)N)CCCNC(=[NH2+])N)C(=O)N[C@@H](CCSC)C(=O)N[C@@H]([C@@H](C)CC)C(=O)N[C@@H](CCCNC(=[NH2+])N)C(=O)N[C@@H](CCC(=O)[O-])C(=O)N[C@@H](CC(C)C)C(=O)N[C@@H](CCSC)C(=O)N[C@@H](CC(=O)[O-])C(=O)N[C@@H](C)C(=O)N[C@@H](CCC(=O)N)C(=O)N[C@@H](CCSC)C(=O)N[C@@H](CCCC[NH3+])C(=O)N[C@@H]([C@H](O)C)C(=O)N[C@@H](Cc1ccccc1)C(=O)N[C@@H](CC(=O)[O-])C(=O)N[C@@H]([C@H](O)C)C(=O)N[C@@H]([C@H](O)C)C(=O)N[C@@H](Cc1ccccc1)C(=O)N[C@@H](CO)C(=O)N[C@@H](Cc1nc[nH]c1)C(=O)N[C@@H](Cc1ccccc1)C(=O)N[C@@H](CCCC[NH3+])C(=O)N[C@@H](CC(=O)N)C(=O)N[C@@H](Cc1ccccc1)C(=O)N[C@@H](CCCNC(=[NH2+])N)C(=O)N[C@@H](CC(C)C)C(=O)N1[C@H](C(=O)NCC(=O)N[C@@H](C(C)C)C(=O)N[C@@H](CC(C)C)C=O)CCC1.OC[C@H]([NH3+])C(=O)N[C@@H](CC(C)C)C(=O)N[C@@H]([C@H](O)C)C(=O)N[C@@H](CCC(=O)[O-])C(=O)N[C@@H](CCCNC(=[NH2+])N)C(=O)N[C@@H](Cc1nc[nH]c1)C(=O)N[C@@H](CCCC[NH3+])C(=O)N[C@@H]([C@@H](C)CC)C(=O)N[C@@H](CC(C)C)C(=O)N[C@@H](Cc1nc[nH]c1)C(=O)N[C@@H](CCCNC(=[NH2+])N)C(=O)N[C@@H](CC(C)C)C(=O)N[C@@H](CC(C)C)C(=O)N[C@@H](CCC(=O)N)C(=O)N[C@@H](CCC(=O)[O-])C(=O)NCC(=O)N[C@@H](CO)C(=O)N1[C@H](C=O)CCC1"
"PXR_pdbalignments_holo_TIER1_sorted_moesession.moe","2026-05-29 13:43:33","6XP9.A",266,2104,29895.2,"SC[C@H](NC(=O)[C@@H](NC(=O)[C@@H](NC(=O)[C@@H](NC(=O)CNC(=O)[C@@H](NC(=O)[C@@H](NC(=O)[C@@H](NC(=O)[C@@H](NC(=O)[C@@H](NC(=O)[C@@H](NC(=O)[C@@H](NC(=O)[C@@H](NC(=O)[C@@H](NC(=O)[C@@H](NC(=O)[C@@H](NC(=O)[C@@H](NC(=O)[C@@H](NC(=O)[C@@H](NC(=O)[C@@H](NC(=O)[C@@H](NC(=O)[C@@H](NC(=O)[C@@H](NC(=O)CNC(=O)[C@@H](NC(=O)[C@@H](NC(=O)[C@@H](NC(=O)[C@@H](NC(=O)[C@@H](NC(=O)[C@@H](NC(=O)[C@@H](NC(=O)[C@@H](NC(=O)[C@@H](NC(=O)[C@H]1N(C(=O)[C@@H](NC(=O)[C@@H](NC(=O)[C@@H](NC(=O)[C@@H](NC(=O)[C@@H](NC(=O)[C@@H](NC(=O)[C@@H](NC(=O)[C@@H](NC(=O)[C@@H](NC(=O)[C@@H](NC(=O)[C@@H](NC(=O)[C@@H](NC(=O)[C@@H](NC(=O)[C@@H](NC(=O)CNC(=O)[C@@H](NC(=O)[C@@H](NC(=O)[C@@H](NC(=O)[C@@H](NC(=O)[C@@H](NC(=O)[C@@H](NC(=O)[C@@H](NC(=O)[C@@H](NC(=O)[C@@H](NC(=O)[C@@H](NC(=O)[C@@H](NC(=O)[C@H]2N(C(=O)[C@@H](NC(=O)[C@@H](NC(=O)[C@@H](NC(=O)[C@@H](NC(=O)[C@@H]([NH3+])C)Cc3ccccc3)CO)CC(C)C)CC(C)C)CCC2)Cc2nc[nH]c2)CCSC)C)CC(=O)[O-])CCSC)CO)[C@H](O)C)Cc2ccc(O)cc2)CCSC)Cc2ccccc2)CCCC[NH3+])[C@@H](C)CC)[C@@H](C)CC)CO)Cc2ccccc2)C)CCCC[NH3+])C(C)C)[C@@H](C)CC)CO)Cc2ccc(O)cc2)Cc2ccccc2)CCCNC(=[NH2+])N)CC(=O)[O-])CC(C)C)CCC1)[C@@H](C)CC)C)CC(=O)[O-])CCC(=O)N)[C@@H](C)CC)CO)CC(C)C)CC(C)C)CCCC[NH3+])C)C)Cc1ccccc1)CCC(=O)[O-])CC(C)C)CS)CCC(=O)N)CC(C)C)CCCNC(=[NH2+])N)Cc1ccccc1)CC(=O)N)[C@H](O)C)C(C)C)Cc1ccccc1)CC(=O)N)C)C)[C@H](O)C)[C@H](O)C)Cc1c[nH]c2ccccc12)CCC(=O)[O-])C(=O)NCC(=O)N[C@@H](CCCNC(=[NH2+])N)C(=O)N[C@@H](CC(C)C)C(=O)N[C@@H](CO)C(=O)N[C@@H](Cc1ccc(O)cc1)C(=O)N[C@@H](CS)C(=O)N[C@@H](CC(C)C)C(=O)N[C@@H](CCC(=O)[O-])C(=O)N[C@@H](C)C=O.SC[C@H](NC(=O)[C@@H](NC(=O)[C@@H](NC(=O)[C@@H](NC(=O)[C@@H](NC(=O)[C@@H](NC(=O)[C@@H](NC(=O)[C@@H](NC(=O)[C@@H](NC(=O)[C@@H](NC(=O)[C@@H](NC(=O)[C@@H](NC(=O)[C@@H](NC(=O)[C@@H](NC(=O)[C@@H](NC(=O)[C@@H](NC(=O)[C@@H](NC(=O)[C@@H](NC(=O)[C@@H](NC(=O)[C@@H](NC(=O)[C@@H](NC(=O)[C@@H](NC(=O)[C@@H](NC(=O)[C@@H](NC(=O)CNC(=O)[C@H]1N(C(=O)[C@@H](NC(=O)[C@@H](NC(=O)[C@H]2N(C(=O)[C@@H](NC(=O)[C@@H](NC(=O)[C@@H](NC(=O)[C@@H](NC(=O)[C@@H](NC(=O)[C@@H](NC(=O)[C@@H](NC(=O)[C@@H](NC(=O)[C@@H](NC(=O)[C@@H](NC(=O)[C@@H](NC(=O)[C@@H](NC(=O)[C@@H](NC(=O)[C@@H](NC(=O)[C@@H](NC(=O)[C@@H](NC(=O)[C@@H](NC(=O)[C@@H](NC(=O)[C@@H](NC(=O)[C@@H](NC(=O)[C@@H](NC(=O)[C@@H](NC(=O)[C@@H](NC(=O)[C@@H](NC(=O)[C@@H](NC(=O)[C@@H](NC(=O)[C@@H](NC(=O)[C@@H](NC(=O)[C@H]3N(C(=O)[C@@H](NC(=O)[C@@H](NC(=O)[C@@H]([NH3+])CC(C)C)C)CCC(=O)[O-])CCC3)CCSC)CC(C)C)CC)Cc3ccccc3)Cc3nc[nH]c3)Cc3ccc(O)cc3)CCSC)CC(C)C)CCCC[NH3+])CCC)CC(C)C)CCC(=O)N)CC(C)C)Cc3nc[nH]c3)CCC(=O)[O-])CCC(=O)[O-])CCC(=O)[O-])Cc3ccc(O)cc3)C(C)C)CC(C)C)CCSC)CCC(=O)N)C)[C@@H](C)CC)CO)CC(C)C)Cc3ccccc3)CO)CCC2)CC(=O)[O-])CCCNC(=[NH2+])N)CCC1)C(C)C)CC(C)C)CCC(=O)N)Cc1nc[nH]c1)C)C(C)C)C(C)C)CC(=O)[O-])C)CC(C)C)CCC(=O)N)CCC(=O)[O-])CCC(=O)N)Cc1ccccc1)C)[C@@H](C)CC)[C@H](O)C)CC(C)C)CCCC[NH3+])CO)Cc1ccc(O)cc1)[C@@H](C)CC)CCC(=O)[O-])C(=O)N[C@@H](CC(=O)N)C(=O)N[C@@H](CCCNC(=[NH2+])N)C(=O)N1[C@H](C(=O)N[C@@H](C)C(=O)N2[C@H](C(=O)N[C@@H](C)C(=O)N[C@@H](Cc3nc[nH]c3)C(=O)N[C@@H](CCCNC(=[NH2+])N)C(=O)N[C@@H](Cc3ccccc3)C(=O)N[C@@H](CC(C)C)C(=O)N[C@@H](Cc3ccccc3)C(=O)N[C@@H](CC(C)C)C(=O)N[C@@H](CCCC[NH3+])C(=O)N[C@@H]([C@@H](C)CC)C(=O)N[C@@H](CCSC)C(=O)N[C@@H](C)C(=O)N[C@@H](CCSC)C(=O)N[C@@H](CC(C)C)C(=O)N[C@@H]([C@H](O)C)C(=O)N[C@@H](CCC(=O)[O-])C(=O)N[C@@H](CC(C)C)C(=O)N[C@@H](CCCNC(=[NH2+])N)C(=O)N[C@@H](CO)C(=O)N[C@@H]([C@@H](C)CC)C(=O)N[C@@H](CC(=O)N)C(=O)N[C@@H](C)C(=O)N[C@@H](CCC(=O)N)C(=O)N[C@@H](Cc3nc[nH]c3)C(=O)N[C@@H]([C@H](O)C)C(=O)N[C@@H](CCC(=O)N)C(=O)N[C@@H](CC)C(=O)N[C@@H](CC(C)C)C(=O)N[C@@H](CC(C)C)C(=O)N[C@@H](CCCNC(=[NH2+])N)C(=O)N[C@@H]([C@@H](C)CC)C(=O)N[C@@H](CCC(=O)N)C(=O)N[C@@H](CC(=O)[O-])C(=O)N[C@@H]([C@@H](C)CC)C(=O)N[C@@H](Cc3nc[nH]c3)C(=O)N3[C@H](C(=O)N[C@@H](Cc4ccccc4)C(=O)N[C@@H](C)C(=O)N[C@@H]([C@H](O)C)C(=O)N4[C@H](C(=O)N[C@@H](CC(C)C)C(=O)N[C@@H](CCSC)C(=O)N[C@@H](CCC(=O)N)C(=O)N[C@@H](CCC(=O)[O-])C(=O)N[C@@H](CC(C)C)C(=O)N[C@@H](Cc5ccccc5)C(=O)NCC(=O)N[C@H](C=O)[C@@H](C)CC)CCC4)CCC3)CCC2)CCC1.S(C)CC[C@H](NC(=O)[C@@H](NC(=O)[C@@H](NC(=O)[C@@H](NC(=O)[C@@H](NC(=O)[C@@H](NC(=O)[C@@H](NC(=O)[C@@H](NC(=O)[C@@H](NC(=O)[C@@H](NC(=O)[C@@H](NC(=O)[C@@H](NC(=O)[C@@H](NC(=O)[C@@H](NC(=O)[C@@H](NC(=O)[C@@H](NC(=O)[C@@H](NC(=O)C[NH3+])CC(C)C)[C@H](O)C)CCC(=O)[O-])C)CCC(=O)N)CCCNC(=[NH2+])N)C)CCSC)[C@@H](C)CC)CCCNC(=[NH2+])N)CCC(=O)[O-])CC(C)C)CCSC)CC(=O)[O-])C)CCC(=O)N)C(=O)N[C@@H](CCCC[NH3+])C(=O)N[C@@H]([C@H](O)C)C(=O)N[C@@H](Cc1ccccc1)C(=O)N[C@@H](CC(=O)[O-])C(=O)N[C@@H]([C@H](O)C)C(=O)N[C@@H]([C@H](O)C)C(=O)N[C@@H](Cc1ccccc1)C(=O)N[C@@H](CO)C(=O)N[C@@H](Cc1nc[nH]c1)C(=O)N[C@@H](Cc1ccccc1)C(=O)N[C@@H](CCC)C(=O)N[C@@H](CC(=O)N)C(=O)N[C@@H](Cc1ccccc1)C(=O)N[C@@H](CCCNC(=[NH2+])N)C(=O)N[C@@H](CC(C)C)C(=O)N1[C@H](C(=O)NCC(=O)N[C@@H](C)C=O)CCC1.OC[C@H]([NH3+])C(=O)N[C@@H](C)C(=O)N[C@@H]([C@H](O)C)C(=O)N[C@@H](CCC(=O)[O-])C(=O)N[C@@H](CCCNC(=[NH2+])N)C(=O)N[C@@H](Cc1nc[nH]c1)C(=O)N[C@@H](CC)C(=O)N[C@@H]([C@@H](C)CC)C(=O)N[C@@H](CC(C)C)C(=O)N[C@@H](Cc1nc[nH]c1)C(=O)N[C@@H](CCCNC(=[NH2+])N)C(=O)N[C@@H](CC(C)C)C(=O)N[C@@H](CC(C)C)C(=O)N[C@@H](CCC(=O)N)C(=O)N[C@@H](CCC(=O)[O-])C=O.OC[C@H](NC(=O)CNC(=O)[C@@H](NC(=O)[C@@H](NC(=O)CNC(=O)[C@@H](NC(=O)[C@@H](NC(=O)[C@@H](NC(=O)[C@@H](NC(=O)[C@@H](NC(=O)[C@@H](NC(=O)[C@@H]([NH3+])C)C(C)C)CO)CC(C)C)CCC(=O)N)CC(C)C)CCCNC(=[NH2+])N)C)CC(=O)[O-])C(=O)N[C@@H](C(C)C)C(=O)N[C@@H](Cc1c[nH]c2ccccc12)C(=O)N[C@@H](CC(=O)N)C(=O)N[C@@H](Cc1ccc(O)cc1)C(=O)N[C@@H](CC)C(=O)N1[C@H](C(=O)N2[C@H](C=O)CCC2)CCC1.O=C[C@@H](NC(=O)[C@@H](NC(=O)[C@@H](NC(=O)[C@@H](NC(=O)[C@@H](NC(=O)[C@@H](NC(=O)[C@@H](NC(=O)[C@@H]([NH3+])C)C)C)C)C)CC)CC(=O)[O-])C"
"PXR_pdbalignments_holo_TIER1_sorted_moesession.moe","2026-05-29 13:43:33","6XP9.A",1,67,503.574,"Fc1cc(c(C)c2CCCOc12)C1=C([C@H](OC(C)(C)C)C(O)=O)C(C)=Nc2n1nc(-c1ccccc1)c2"
"PXR_pdbalignments_holo_TIER1_sorted_moesession.moe","2026-05-29 13:43:33","6XP9.A",84,84,1344,"O.O.O.O.O.O.O.O.O.O.O.O.O.O.O.O.O.O.O.O.O.O.O.O.O.O.O.O.O.O.O.O.O.O.O.O.O.O.O.O.O.O.O.O.O.O.O.O.O.O.O.O.O.O.O.O.O.O.O.O.O.O.O.O.O.O.O.O.O.O.O.O.O.O.O.O.O.O.O.O.O.O.O.O"
"PXR_pdbalignments_holo_TIER1_sorted_moesession.moe","2026-05-29 13:43:33","6XP9.B",84,84,1344,"O.O.O.O.O.O.O.O.O.O.O.O.O.O.O.O.O.O.O.O.O.O.O.O.O.O.O.O.O.O.O.O.O.O.O.O.O.O.O.O.O.O.O.O.O.O.O.O.O.O.O.O.O.O.O.O.O.O.O.O.O.O.O.O.O.O.O.O.O.O.O.O.O.O.O.O.O.O.O.O.O.O.O.O"
"PXR_pdbalignments_holo_TIER1_sorted_moesession.moe","2026-05-29 13:43:33","7AX9.A",274,2141,30431.6,"SC[C@H](NC(=O)[C@@H](NC(=O)[C@@H](NC(=O)[C@@H](NC(=O)CNC(=O)[C@@H](NC(=O)[C@@H](NC(=O)[C@@H](NC(=O)[C@@H](NC(=O)[C@@H](NC(=O)[C@@H](NC(=O)[C@@H](NC(=O)[C@@H](NC(=O)[C@@H](NC(=O)[C@@H](NC(=O)[C@@H](NC(=O)[C@@H](NC(=O)[C@@H](NC(=O)[C@@H](NC(=O)[C@@H](NC(=O)[C@@H](NC(=O)[C@@H](NC(=O)[C@@H](NC(=O)CNC(=O)[C@@H](NC(=O)[C@@H](NC(=O)[C@@H](NC(=O)[C@@H](NC(=O)[C@@H](NC(=O)[C@@H](NC(=O)[C@@H](NC(=O)[C@@H](NC(=O)[C@@H](NC(=O)[C@H]1N(C(=O)[C@@H](NC(=O)[C@@H](NC(=O)[C@@H](NC(=O)[C@@H](NC(=O)[C@@H](NC(=O)[C@@H](NC(=O)[C@@H](NC(=O)[C@@H](NC(=O)[C@@H](NC(=O)[C@@H](NC(=O)[C@@H](NC(=O)[C@@H](NC(=O)[C@@H](NC(=O)[C@@H](NC(=O)CNC(=O)[C@@H](NC(=O)[C@@H](NC(=O)[C@@H](NC(=O)[C@@H](NC(=O)[C@@H](NC(=O)[C@@H](NC(=O)[C@@H](NC(=O)[C@@H](NC(=O)[C@@H](NC(=O)[C@@H](NC(=O)[C@@H](NC(=O)[C@H]2N(C(=O)[C@@H](NC(=O)[C@@H](NC(=O)[C@@H](NC(=O)[C@@H](NC(=O)[C@@H](NC(=O)[C@@H](NC(=O)[C@@H](NC(=O)CNC(=O)CNC(=O)[C@@H](NC(=O)[C@@H](NC(=O)[C@@H](NC(=O)[C@H]3N(C(=O)[C@H]4N(C(=O)[C@@H](NC(=O)[C@@H](NC(=O)[C@@H](NC(=O)[C@@H](NC(=O)[C@@H](NC(=O)[C@@H](NC(=O)CNC(=O)[C@@H](NC(=O)[C@@H](NC(=O)CNC(=O)[C@@H](NC(=O)[C@@H](NC(=O)[C@@H](NC(=O)[C@@H](NC(=O)[C@@H](NC(=O)[C@@H](NC(=O)[C@@H](NC(=O)[C@@H](NC(=O)[C@@H](NC(=O)[C@@H](NC(=O)[C@@H](NC(=O)[C@@H](NC(=O)[C@@H](NC(=O)[C@@H](NC(=O)[C@@H](NC(=O)[C@@H](NC(=O)[C@@H](NC(=O)[C@@H](NC(=O)[C@@H](NC(=O)[C@@H](NC(=O)[C@@H]([NH3+])C)C)CCCC[NH3+])Cc5c[nH]c6ccccc56)CO)CCC(=O)N)C(C)C)C)CC)CC(=O)[O-])CC(C)C)C)C)C)C)C(C)C)CO)CC(C)C)CCC(=O)N)CC(C)C)CCCNC(=[NH2+])N)C)CC(=O)[O-])CO)C(C)C)Cc5c[nH]c6ccccc56)CC(=O)N)Cc5ccc(O)cc5)CC)CCC4)CCC3)C)CC(=O)[O-])C)C)CCC(=O)[O-])[C@@H](C)CC)Cc3ccccc3)CO)CC(C)C)CC(C)C)CCC2)Cc2nc[nH]c2)CCSC)C)CC(=O)[O-])CCSC)CO)[C@H](O)C)Cc2ccc(O)cc2)CCSC)Cc2ccccc2)CCCC[NH3+])[C@@H](C)CC)[C@@H](C)CC)CO)Cc2ccccc2)C)CCC)C(C)C)[C@@H](C)CC)CO)Cc2ccc(O)cc2)Cc2ccccc2)CCCNC(=[NH2+])N)CC(=O)[O-])CC(C)C)CCC1)C(C)C)CCC(=O)[O-])CC(=O)[O-])CCC(=O)N)[C@@H](C)CC)CO)CC(C)C)CC(C)C)CCCC[NH3+])C)C)Cc1ccccc1)CCC(=O)[O-])CC(C)C)CS)CCC(=O)N)CC(C)C)CCCNC(=[NH2+])N)Cc1ccccc1)CC(=O)N)[C@H](O)C)C(C)C)Cc1ccccc1)CC(=O)N)C)CCC(=O)[O-])[C@H](O)C)[C@H](O)C)Cc1c[nH]c2ccccc12)CCC(=O)[O-])C(=O)NCC(=O)N[C@@H](CCC[NH2+])C(=O)N[C@@H](CC(C)C)C(=O)N[C@@H](CO)C(=O)N[C@@H](Cc1ccc(O)cc1)C(=O)N[C@@H](CS)C(=O)N[C@@H](CC(C)C)C(=O)N[C@@H](CCC(=O)[O-])C(=O)N[C@@H](C)C(=O)N[C@@H](C)C=O.SC[C@H](NC(=O)[C@@H](NC(=O)[C@@H](NC(=O)[C@@H](NC(=O)[C@@H](NC(=O)[C@@H](NC(=O)[C@@H](NC(=O)[C@@H](NC(=O)[C@@H](NC(=O)[C@@H](NC(=O)[C@@H](NC(=O)[C@@H](NC(=O)[C@@H](NC(=O)[C@@H](NC(=O)[C@@H](NC(=O)[C@@H](NC(=O)[C@@H](NC(=O)[C@@H](NC(=O)[C@@H](NC(=O)[C@@H](NC(=O)[C@@H](NC(=O)[C@@H](NC(=O)[C@@H](NC(=O)[C@@H](NC(=O)CNC(=O)[C@H]1N(C(=O)[C@@H](NC(=O)[C@@H](NC(=O)[C@H]2N(C(=O)[C@@H](NC(=O)[C@@H](NC(=O)[C@@H](NC(=O)[C@@H](NC(=O)[C@@H](NC(=O)[C@@H](NC(=O)[C@@H](NC(=O)[C@@H](NC(=O)[C@@H](NC(=O)[C@@H](NC(=O)[C@@H](NC(=O)[C@@H](NC(=O)[C@@H](NC(=O)[C@@H](NC(=O)[C@@H](NC(=O)[C@@H](NC(=O)[C@@H](NC(=O)[C@@H](NC(=O)[C@@H](NC(=O)[C@@H](NC(=O)[C@@H](NC(=O)[C@@H](NC(=O)[C@@H](NC(=O)[C@@H](NC(=O)[C@@H](NC(=O)[C@@H](NC(=O)[C@@H](NC(=O)[C@@H](NC(=O)[C@H]3N(C(=O)[C@@H](NC(=O)[C@@H](NC(=O)[C@@H](NC(=O)[C@@H](NC(=O)[C@@H](NC(=O)[C@@H](NC(=O)[C@@H](NC(=O)CNC(=O)C[NH3+])C)C)CC)C)CC(C)C)CC(C)C)CCC(=O)[O-])CCC3)CCSC)CCC)CCC)Cc3ccccc3)Cc3nc[nH]c3)Cc3ccc(O)cc3)CCSC)CC(C)C)CCCC[NH3+])CCC)CC(C)C)CCC(=O)N)CC(C)C)Cc3nc[nH]c3)CCC(=O)[O-])CCC(=O)[O-])CCC(=O)[O-])Cc3ccc(O)cc3)C(C)C)CC(C)C)CCSC)CCC(=O)N)C)[C@@H](C)CC)CO)CC(C)C)Cc3ccccc3)CO)CCC2)CC(=O)[O-])CCCNC(=[NH2+])N)CCC1)C(C)C)CC(C)C)CCC(=O)N)C[CH2])CC)C(C)C)C(C)C)CC(=O)[O-])CCC(=O)N)CC(C)C)CCC(=O)N)CCC(=O)[O-])CCC(=O)N)Cc1ccccc1)C)[C@@H](C)CC)[C@H](O)C)CC(C)C)CCCC[NH3+])CO)Cc1ccc(O)cc1)[C@@H](C)CC)CCC(=O)[O-])C(=O)N[C@@H](CC(=O)N)C(=O)N[C@@H](CCCNC(=[NH2+])N)C(=O)N1[C@H](C(=O)N[C@@H](CCC(=O)N)C(=O)N2[C@H](C(=O)N[C@@H](C)C(=O)N[C@@H](Cc3nc[nH]c3)C(=O)N[C@@H](CCCNC(=[NH2+])N)C(=O)N[C@@H](Cc3ccccc3)C(=O)N[C@@H](CC(C)C)C(=O)N[C@@H](Cc3ccccc3)C(=O)N[C@@H](CC(C)C)C(=O)N[C@@H](CCCC[NH3+])C(=O)N[C@@H]([C@@H](C)CC)C(=O)N[C@@H](CCSC)C(=O)N[C@@H](C)C(=O)N[C@@H](CCSC)C(=O)N[C@@H](CC(C)C)C(=O)N[C@@H]([C@H](O)C)C(=O)N[C@@H](CCC(=O)[O-])C(=O)N[C@@H](CC(C)C)C(=O)N[C@@H](CCCNC(=[NH2+])N)C(=O)N[C@@H](CO)C(=O)N[C@@H]([C@@H](C)CC)C(=O)N[C@@H](CC(=O)N)C(=O)N[C@@H](C)C(=O)N[C@@H](CCC(=O)N)C(=O)N[C@@H](Cc3nc[nH]c3)C(=O)N[C@@H]([C@H](O)C)C(=O)N[C@@H](CCC(=O)N)C(=O)N[C@@H](CCCNC(=[NH2+])N)C(=O)N[C@@H](CC(C)C)C(=O)N[C@@H](CC(C)C)C(=O)N[C@@H](CCCNC(=[NH2+])N)C(=O)N[C@@H]([C@@H](C)CC)C(=O)N[C@@H](CCC(=O)N)C(=O)N[C@@H](CC(=O)[O-])C(=O)N[C@@H]([C@@H](C)CC)C(=O)N[C@@H](Cc3nc[nH]c3)C(=O)N3[C@H](C(=O)N[C@@H](Cc4ccccc4)C(=O)N[C@@H](C)C(=O)N[C@@H]([C@H](O)C)C(=O)N4[C@H](C(=O)N[C@@H](CC(C)C)C(=O)N[C@@H](CCSC)C(=O)N[C@@H](CCC(=O)N)C(=O)N[C@@H](CCC(=O)[O-])C(=O)N[C@@H](CC(C)C)C(=O)N[C@@H](Cc5ccccc5)C(=O)NCC(=O)N[C@@H]([C@@H](C)CC)C(=O)N[C@@H]([C@H](O)C)C(=O)NCC(=O)N[C@@H](CO)C=O)CCC4)CCC3)CCC2)CCC1.S(C)CC[C@H](NC(=O)[C@@H](NC(=O)[C@@H](NC(=O)[C@@H](NC(=O)[C@@H](NC(=O)[C@@H](NC(=O)[C@@H](NC(=O)C[NH3+])CC(C)C)[C@H](O)C)CCC(=O)[O-])C)CCC(=O)N)CCCN[CH2])C(=O)N[C@@H](CCSC)C(=O)N[C@@H]([C@@H](C)CC)C(=O)N[C@@H](CCCNC(=[NH2+])N)C(=O)N[C@@H](CCC(=O)[O-])C(=O)N[C@@H](CC(C)C)C(=O)N[C@@H](CCSC)C(=O)N[C@@H](CC(=O)[O-])C(=O)N[C@@H](C)C(=O)N[C@@H](CCC(=O)N)C(=O)N[C@@H](CCSC)C(=O)N[C@@H](CCCC[NH3+])C(=O)N[C@@H]([C@H](O)C)C(=O)N[C@@H](Cc1ccccc1)C(=O)N[C@@H](CC(=O)[O-])C(=O)N[C@@H]([C@H](O)C)C(=O)N[C@@H]([C@H](O)C)C(=O)N[C@@H](Cc1ccccc1)C(=O)N[C@@H](CO)C(=O)N[C@@H](Cc1nc[nH]c1)C(=O)N[C@@H](Cc1ccccc1)C(=O)N[C@@H](CC)C(=O)N[C@@H](CC(=O)N)C(=O)N[C@@H](Cc1ccccc1)C(=O)N[C@@H](CCCNC(=[NH2+])N)C(=O)N[C@@H](CC(C)C)C(=O)N1[C@H](C(=O)NCC(=O)N[C@@H](C)C=O)CCC1"
"PXR_pdbalignments_holo_TIER1_sorted_moesession.moe","2026-05-29 13:43:33","7AX9.A",1,18,409.782,"Cl[C@@H]1[C@H](Cl)[C@H]2[C@]3(Cl)C(Cl)(Cl)[C@@](Cl)(C(Cl)=C3Cl)[C@H]2C1"
"PXR_pdbalignments_holo_TIER1_sorted_moesession.moe","2026-05-29 13:43:33","7AX9.A",108,108,1728,"O.O.O.O.O.O.O.O.O.O.O.O.O.O.O.O.O.O.O.O.O.O.O.O.O.O.O.O.O.O.O.O.O.O.O.O.O.O.O.O.O.O.O.O.O.O.O.O.O.O.O.O.O.O.O.O.O.O.O.O.O.O.O.O.O.O.O.O.O.O.O.O.O.O.O.O.O.O.O.O.O.O.O.O.O.O.O.O.O.O.O.O.O.O.O.O.O.O.O.O.O.O.O.O.O.O.O.O"
"PXR_pdbalignments_holo_TIER1_sorted_moesession.moe","2026-05-29 13:43:33","7AXC.A",264,2062,29326.4,"SC[C@H](NC(=O)[C@@H](NC(=O)[C@@H](NC(=O)[C@@H](NC(=O)CNC(=O)[C@@H](NC(=O)[C@@H](NC(=O)[C@@H](NC(=O)[C@@H](NC(=O)[C@@H](NC(=O)[C@@H](NC(=O)[C@@H](NC(=O)[C@@H](NC(=O)[C@@H](NC(=O)[C@@H](NC(=O)[C@@H](NC(=O)[C@@H](NC(=O)[C@@H](NC(=O)[C@@H](NC(=O)[C@@H](NC(=O)[C@@H](NC(=O)[C@@H](NC(=O)[C@@H](NC(=O)CNC(=O)[C@@H](NC(=O)[C@@H](NC(=O)[C@@H](NC(=O)[C@@H](NC(=O)[C@@H](NC(=O)[C@@H](NC(=O)[C@@H](NC(=O)[C@@H](NC(=O)[C@@H](NC(=O)[C@H]1N(C(=O)[C@@H](NC(=O)[C@@H](NC(=O)[C@@H](NC(=O)[C@@H](NC(=O)[C@@H](NC(=O)[C@@H](NC(=O)[C@@H](NC(=O)[C@@H](NC(=O)[C@@H](NC(=O)[C@@H](NC(=O)[C@@H](NC(=O)[C@@H](NC(=O)[C@@H](NC(=O)[C@@H](NC(=O)CNC(=O)[C@@H](NC(=O)[C@@H](NC(=O)[C@@H](NC(=O)[C@@H](NC(=O)[C@@H](NC(=O)[C@@H](NC(=O)[C@@H](NC(=O)[C@@H](NC(=O)[C@@H](NC(=O)[C@@H](NC(=O)[C@@H](NC(=O)[C@H]2N(C(=O)[C@@H](NC(=O)[C@@H](NC(=O)[C@@H](NC(=O)[C@@H](NC(=O)[C@@H](NC(=O)[C@@H]([NH3+])C)C)Cc3ccccc3)CO)CC(C)C)CC(C)C)CCC2)Cc2nc[nH]c2)CCSC)C)CC(=O)[O-])CCSC)CO)[C@H](O)C)Cc2ccc(O)cc2)CCSC)Cc2ccccc2)CCCC[NH3+])[C@@H](C)CC)[C@@H](C)CC)CO)Cc2ccccc2)C)CCCC[NH3+])C(C)C)[C@@H](C)CC)CO)Cc2ccc(O)cc2)Cc2ccccc2)CCCNC(=[NH2+])N)CC(=O)[O-])CC(C)C)CCC1)C(C)C)CCC(=O)[O-])CC(=O)[O-])CCC(=O)N)[C@@H](C)CC)CO)CC(C)C)CC(C)C)CCCC[NH3+])C)C)Cc1ccccc1)CCC(=O)[O-])CC(C)C)CS)CCC(=O)N)CC(C)C)CCCNC(=[NH2+])N)Cc1ccccc1)CC(=O)N)[C@H](O)C)C(C)C)Cc1ccccc1)CC(=O)N)C)CCC(=O)[O-])[C@H](O)C)[C@H](O)C)Cc1c[nH]c2ccccc12)CCC(=O)[O-])C(=O)NCC(=O)N[C@@H](CCC[NH2+])C(=O)N[C@@H](CC(C)C)C(=O)N[C@@H](CO)C(=O)N[C@@H](Cc1ccc(O)cc1)C(=O)N[C@@H](CS)C(=O)N[C@@H](CC(C)C)C(=O)N[C@@H](CCC(=O)[O-])C(=O)N[C@@H](C)C=O.SC[C@H](NC(=O)[C@@H](NC(=O)[C@@H](NC(=O)[C@@H](NC(=O)[C@@H](NC(=O)[C@@H](NC(=O)[C@@H](NC(=O)[C@@H](NC(=O)[C@@H](NC(=O)[C@@H](NC(=O)[C@@H](NC(=O)[C@@H](NC(=O)[C@@H](NC(=O)[C@@H](NC(=O)[C@@H](NC(=O)[C@@H](NC(=O)[C@@H](NC(=O)[C@@H](NC(=O)[C@@H](NC(=O)[C@@H](NC(=O)[C@@H](NC(=O)[C@@H](NC(=O)[C@@H](NC(=O)[C@@H](NC(=O)CNC(=O)[C@H]1N(C(=O)[C@@H](NC(=O)[C@@H](NC(=O)[C@H]2N(C(=O)[C@@H](NC(=O)[C@@H](NC(=O)[C@@H](NC(=O)[C@@H](NC(=O)[C@@H](NC(=O)[C@@H](NC(=O)[C@@H](NC(=O)[C@@H](NC(=O)[C@@H](NC(=O)[C@@H](NC(=O)[C@@H](NC(=O)[C@@H](NC(=O)[C@@H](NC(=O)[C@@H](NC(=O)[C@@H](NC(=O)[C@@H](NC(=O)[C@@H](NC(=O)[C@@H](NC(=O)[C@@H](NC(=O)[C@@H](NC(=O)[C@@H](NC(=O)[C@@H](NC(=O)[C@@H](NC(=O)[C@@H](NC(=O)[C@@H](NC(=O)[C@@H](NC(=O)[C@@H](NC(=O)[C@@H](NC(=O)[C@H]3N(C(=O)[C@@H](NC(=O)[C@@H](NC(=O)[C@@H](NC(=O)[C@@H](NC(=O)[C@@H](NC(=O)[C@@H](NC(=O)[C@@H]([NH3+])C)C)C)C)CC)CC(C)C)CCC(=O)[O-])CCC3)CCSC)CCC)CCC)Cc3ccccc3)Cc3nc[nH]c3)Cc3ccc(O)cc3)CCSC)CC(C)C)CCCC[NH3+])CCC)CC(C)C)CCC(=O)N)CC(C)C)Cc3nc[nH]c3)CCC(=O)[O-])CCC(=O)[O-])CCC(=O)[O-])Cc3ccc(O)cc3)C(C)C)CC(C)C)CCSC)CCC(=O)N)C)[C@@H](C)CC)CO)CC(C)C)Cc3ccccc3)CO)CCC2)CC(=O)[O-])CCCNC(=[NH2+])N)CCC1)C(C)C)CC(C)C)CCC(=O)N)CC=C)CC)C(C)C)C(C)C)CC(=O)[O-])CCC(=O)N)CC(C)C)CCC(=O)N)CCC(=O)[O-])CCC(=O)N)Cc1ccccc1)C)[C@@H](C)CC)[C@H](O)C)CC(C)C)CCCC[NH3+])CO)Cc1ccc(O)cc1)[C@@H](C)CC)CCC(=O)[O-])C(=O)N[C@@H](CC(=O)N)C(=O)N[C@@H](CCCNC(=[NH2+])N)C(=O)N1[C@H](C(=O)N[C@@H](CCC(=O)N)C(=O)N2[C@H](C(=O)N[C@@H](C)C(=O)N[C@@H](Cc3nc[nH]c3)C(=O)N[C@@H](CCCNC(=[NH2+])N)C(=O)N[C@@H](Cc3ccccc3)C(=O)N[C@@H](CC(C)C)C(=O)N[C@@H](Cc3ccccc3)C(=O)N[C@@H](CC(C)C)C(=O)N[C@@H](CCCC[NH3+])C(=O)N[C@@H]([C@@H](C)CC)C(=O)N[C@@H](CCSC)C(=O)N[C@@H](C)C(=O)N[C@@H](CCSC)C(=O)N[C@@H](CC(C)C)C(=O)N[C@@H]([C@H](O)C)C(=O)N[C@@H](CCC(=O)[O-])C(=O)N[C@@H](CC(C)C)C(=O)N[C@@H](CCCNC(=[NH2+])N)C(=O)N[C@@H](CO)C(=O)N[C@@H]([C@@H](C)CC)C(=O)N[C@@H](CC(=O)N)C(=O)N[C@@H](C)C(=O)N[C@@H](CC)C(=O)N[C@@H](Cc3nc[nH]c3)C(=O)N[C@@H]([C@H](O)C)C(=O)N[C@@H](CCC(=O)N)C(=O)N[C@@H](CCCNC(=[NH2+])N)C(=O)N[C@@H](CC(C)C)C(=O)N[C@@H](CC(C)C)C(=O)N[C@@H](CCCNC(=[NH2+])N)C(=O)N[C@@H]([C@@H](C)CC)C(=O)N[C@@H](CCC(=O)N)C(=O)N[C@@H](CC(=O)[O-])C(=O)N[C@@H](C(C)C)C(=O)N[C@@H](Cc3nc[nH]c3)C(=O)N3[C@H](C(=O)N[C@@H](Cc4ccccc4)C(=O)N[C@@H](C)C(=O)N[C@@H]([C@H](O)C)C(=O)N4[C@H](C(=O)N[C@@H](CC(C)C)C(=O)N[C@@H](CCSC)C(=O)N[C@@H](CCC(=O)N)C(=O)N[C@@H](CCC(=O)[O-])C(=O)N[C@@H](CC(C)C)C(=O)N[C@@H](Cc5ccccc5)C(=O)NCC(=O)N[C@@H]([C@@H](C)CC)C(=O)N[C@@H]([C@H](O)C)C(=O)NCC(=O)N[C@@H](CO)C=O)CCC4)CCC3)CCC2)CCC1.S(C)CC[C@H](NC(=O)[C@@H](NC(=O)[C@@H](NC(=O)[C@@H](NC(=O)[C@@H](NC(=O)[C@@H](NC(=O)[C@@H](NC(=O)C[NH3+])CC(C)C)[C@H](O)C)CCC(=O)[O-])CC)CCC(=O)N)CCCN[CH2])C(=O)N[C@@H](CCSC)C(=O)N[C@@H]([C@@H](C)CC)C(=O)N[C@@H](CC)C(=O)N[C@@H](CCC(=O)[O-])C(=O)N[C@@H](CC(C)C)C(=O)N[C@@H](CCSC)C(=O)N[C@@H](CC(=O)[O-])C(=O)N[C@@H](C)C(=O)N[C@@H](CCC(=O)N)C(=O)N[C@@H](CCSC)C(=O)N[C@@H](CCCC[NH3+])C(=O)N[C@@H]([C@H](O)C)C(=O)N[C@@H](Cc1ccccc1)C(=O)N[C@@H](CC(=O)[O-])C(=O)N[C@@H]([C@H](O)C)C(=O)N[C@@H]([C@H](O)C)C(=O)N[C@@H](Cc1ccccc1)C(=O)N[C@@H](CO)C(=O)N[C@@H](Cc1nc[nH]c1)C(=O)N[C@@H](Cc1ccccc1)C(=O)N[C@@H](CC)C(=O)N[C@@H](CC(=O)N)C(=O)N[C@@H](Cc1ccccc1)C(=O)N[C@@H](CCCNC(=[NH2+])N)C(=O)N[C@@H](CC(C)C)C(=O)N1[C@H](C(=O)NCC=O)CCC1.OC[C@H](NC(=O)CNC(=O)[C@@H](NC(=O)[C@@H](NC(=O)CNC(=O)[C@@H](NC(=O)[C@@H](NC(=O)[C@@H](NC(=O)[C@@H](NC(=O)[C@@H](NC(=O)[C@@H](NC(=O)[C@@H]([NH3+])CCC)CC)CO)CC(C)C)CCC(=O)N)CC(C)C)CCCNC(=[NH2+])N)C)CC(=O)[O-])C(=O)N[C@@H](C(C)C)C(=O)N[C@@H](Cc1c[nH]c2ccccc12)C(=O)N[C@@H](CC(=O)N)C(=O)N[C@@H](Cc1ccc(O)cc1)C(=O)N[C@@H](CC)C(=O)N1[C@H](C(=O)N2[C@H](C(=O)N[C@@H](C)C(=O)N[C@@H](CC(=O)[O-])C=O)CCC2)CCC1.OC[C@H](NC(=O)[C@@H](NC(=O)[C@@H](NC(=O)[C@@H](NC(=O)[C@@H]([NH3+])C)C)C)C)C(=O)N[C@@H](CCC(=O)N)C(=O)N[C@@H](C)C(=O)N[C@@H](C)C(=O)N[C@@H](C)C(=O)N[C@@H](CC(=O)[O-])C(=O)N[C@@H](C)C(=O)N[C@@H](C)C=O"
"PXR_pdbalignments_holo_TIER1_sorted_moesession.moe","2026-05-29 13:43:33","7AXC.A",1,26,358.478,"Oc1ccc(C(=O)O[C@H]2CC(C)=CC[C@@]3(C)CC[C@@](O)(C(C)C)[C@H]23)cc1"
"PXR_pdbalignments_holo_TIER1_sorted_moesession.moe","2026-05-29 13:43:33","7AXC.A",132,132,2112,"O.O.O.O.O.O.O.O.O.O.O.O.O.O.O.O.O.O.O.O.O.O.O.O.O.O.O.O.O.O.O.O.O.O.O.O.O.O.O.O.O.O.O.O.O.O.O.O.O.O.O.O.O.O.O.O.O.O.O.O.O.O.O.O.O.O.O.O.O.O.O.O.O.O.O.O.O.O.O.O.O.O.O.O.O.O.O.O.O.O.O.O.O.O.O.O.O.O.O.O.O.O.O.O.O.O.O.O.O.O.O.O.O.O.O.O.O.O.O.O.O.O.O.O.O.O.O.O.O.O.O.O"
"PXR_pdbalignments_holo_TIER1_sorted_moesession.moe","2026-05-29 13:43:33","7AXD.A",271,2095,29761.7,"SC[C@H](NC(=O)[C@@H](NC(=O)[C@@H](NC(=O)[C@@H](NC(=O)CNC(=O)[C@@H](NC(=O)[C@@H](NC(=O)[C@@H](NC(=O)[C@@H](NC(=O)[C@@H](NC(=O)[C@@H](NC(=O)[C@@H](NC(=O)[C@@H](NC(=O)[C@@H](NC(=O)[C@@H](NC(=O)[C@@H](NC(=O)[C@@H](NC(=O)[C@@H](NC(=O)[C@@H](NC(=O)[C@@H](NC(=O)[C@@H](NC(=O)[C@@H](NC(=O)[C@@H](NC(=O)CNC(=O)[C@@H](NC(=O)[C@@H](NC(=O)[C@@H](NC(=O)[C@@H](NC(=O)[C@@H](NC(=O)[C@@H](NC(=O)[C@@H](NC(=O)[C@@H](NC(=O)[C@@H](NC(=O)[C@H]1N(C(=O)[C@@H](NC(=O)[C@@H](NC(=O)[C@@H](NC(=O)[C@@H](NC(=O)[C@@H](NC(=O)[C@@H](NC(=O)[C@@H](NC(=O)[C@@H](NC(=O)[C@@H](NC(=O)[C@@H](NC(=O)[C@@H](NC(=O)[C@@H](NC(=O)[C@@H](NC(=O)[C@@H](NC(=O)CNC(=O)[C@@H](NC(=O)[C@@H](NC(=O)[C@@H](NC(=O)[C@@H](NC(=O)[C@@H](NC(=O)[C@@H](NC(=O)[C@@H](NC(=O)[C@@H](NC(=O)[C@@H](NC(=O)[C@@H](NC(=O)[C@@H](NC(=O)[C@H]2N(C(=O)[C@@H](NC(=O)[C@@H](NC(=O)[C@@H](NC(=O)[C@@H](NC(=O)[C@@H](NC(=O)[C@@H](NC(=O)[C@@H](NC(=O)CNC(=O)CNC(=O)[C@@H](NC(=O)[C@@H](NC(=O)[C@@H](NC(=O)[C@H]3N(C(=O)[C@H]4N(C(=O)[C@@H](NC(=O)[C@@H](NC(=O)[C@@H](NC(=O)[C@@H](NC(=O)[C@@H](NC(=O)[C@@H](NC(=O)CNC(=O)[C@@H](NC(=O)[C@@H](NC(=O)CNC(=O)[C@@H](NC(=O)[C@@H](NC(=O)[C@@H](NC(=O)[C@@H](NC(=O)[C@@H](NC(=O)[C@@H](NC(=O)[C@@H](NC(=O)[C@@H](NC(=O)[C@@H](NC(=O)[C@@H](NC(=O)[C@@H](NC(=O)[C@@H](NC(=O)[C@@H](NC(=O)[C@@H](NC(=O)[C@@H](NC(=O)[C@@H](NC(=O)[C@@H](NC(=O)[C@@H](NC(=O)[C@@H](NC(=O)[C@@H](NC(=O)[C@@H]([NH3+])C)C)C)Cc5c[nH]c6ccccc56)CO)CCC(=O)N)C(C)C)C)C)CC(=O)[O-])CC(C)C)C)C)C)C)C(C)C)CO)CC(C)C)CCC(=O)N)CC(C)C)CCCNC(=[NH2+])N)C)CC(=O)[O-])CO)C(C)C)Cc5c[nH]c6ccccc56)CC(=O)N)Cc5ccc(O)cc5)CC)CCC4)CCC3)C)CC(=O)[O-])C)C)C)[C@@H](C)CC)Cc3ccccc3)CO)CC(C)C)CC(C)C)CCC2)Cc2nc[nH]c2)CCSC)C)CC(=O)[O-])CCSC)CO)[C@H](O)C)Cc2ccc(O)cc2)CCSC)Cc2ccccc2)CCCC[NH3+])[C@@H](C)CC)[C@@H](C)CC)CO)Cc2ccccc2)C)CCCC[NH3+])C(C)C)[C@@H](C)CC)CO)Cc2ccc(O)cc2)Cc2ccccc2)CCCNC(=[NH2+])N)CC(=O)[O-])CC(C)C)CCC1)C(C)C)CCC(=O)[O-])CC(=O)[O-])CCC(=O)N)[C@@H](C)CC)CO)CC(C)C)CC(C)C)CCCC[NH3+])C)C)Cc1ccccc1)CCC(=O)[O-])CC(C)C)CS)CCC(=O)N)CC(C)C)CCCNC(=[NH2+])N)Cc1ccccc1)CC(=O)N)[C@H](O)C)C(C)C)Cc1ccccc1)CC(=O)N)C)CCC(=O)[O-])[C@H](O)C)[C@H](O)C)Cc1c[nH]c2ccccc12)CCC(=O)[O-])C(=O)NCC(=O)N[C@@H](C)C(=O)N[C@@H](CC(C)C)C(=O)N[C@@H](CO)C(=O)N[C@@H](Cc1ccc(O)cc1)C(=O)N[C@@H](CS)C(=O)N[C@@H](CC(C)C)C(=O)N[C@@H](CCC(=O)[O-])C(=O)N[C@@H](C)C=O.SC[C@H](NC(=O)[C@@H](NC(=O)[C@@H](NC(=O)[C@@H](NC(=O)[C@@H](NC(=O)[C@@H](NC(=O)[C@@H](NC(=O)[C@@H](NC(=O)[C@@H](NC(=O)[C@@H](NC(=O)[C@@H](NC(=O)[C@@H](NC(=O)[C@@H](NC(=O)[C@@H](NC(=O)[C@@H](NC(=O)[C@@H](NC(=O)[C@@H](NC(=O)[C@@H](NC(=O)[C@@H](NC(=O)[C@@H](NC(=O)[C@@H](NC(=O)[C@@H](NC(=O)[C@@H](NC(=O)[C@@H](NC(=O)CNC(=O)[C@H]1N(C(=O)[C@@H](NC(=O)[C@@H](NC(=O)[C@H]2N(C(=O)[C@@H](NC(=O)[C@@H](NC(=O)[C@@H](NC(=O)[C@@H](NC(=O)[C@@H](NC(=O)[C@@H](NC(=O)[C@@H](NC(=O)[C@@H](NC(=O)[C@@H](NC(=O)[C@@H](NC(=O)[C@@H](NC(=O)[C@@H](NC(=O)[C@@H](NC(=O)[C@@H](NC(=O)[C@@H](NC(=O)[C@@H](NC(=O)[C@@H](NC(=O)[C@@H](NC(=O)[C@@H](NC(=O)[C@@H](NC(=O)[C@@H](NC(=O)[C@@H](NC(=O)[C@@H](NC(=O)[C@@H](NC(=O)[C@@H](NC(=O)[C@@H](NC(=O)[C@@H](NC(=O)[C@@H](NC(=O)[C@H]3N(C(=O)[C@@H](NC(=O)[C@@H](NC(=O)[C@@H](NC(=O)[C@@H](NC(=O)[C@@H](NC(=O)[C@@H](NC(=O)[C@@H]([NH3+])C)C)C)C)CC)C)CCC(=O)[O-])CCC3)CCSC)CC(C)C)CC)Cc3ccccc3)Cc3nc[nH]c3)Cc3ccc(O)cc3)CCSC)CC(C)C)CCCC[NH3+])CCC)CC(C)C)CCC(=O)N)CC(C)C)Cc3nc[nH]c3)CCC(=O)[O-])CCC(=O)[O-])CCC(=O)[O-])Cc3ccc(O)cc3)C(C)C)CC(C)C)CCSC)CCC(=O)N)C)[C@@H](C)CC)CO)CC(C)C)Cc3ccccc3)CO)CCC2)CC(=O)[O-])CCCNC(=[NH2+])N)CCC1)C(C)C)CC(C)C)CCC(=O)N)C)C)C(C)C)C(C)C)CC(=O)[O-])C)CC(C)C)CCC(=O)N)CCC(=O)[O-])CC[CH2])Cc1ccccc1)C)[C@@H](C)CC)[C@H](O)C)CC(C)C)CCCC[NH3+])CO)Cc1ccc(O)cc1)[C@@H](C)CC)CCC(=O)[O-])C(=O)N[C@@H](CC(=O)N)C(=O)N[C@@H](CCCNC(=[NH2+])N)C(=O)N1[C@H](C(=O)N[C@@H](CCC(=O)N)C(=O)N2[C@H](C(=O)N[C@@H](C)C(=O)N[C@@H](Cc3nc[nH]c3)C(=O)N[C@@H](CCCNC(=[NH2+])N)C(=O)N[C@@H](Cc3ccccc3)C(=O)N[C@@H](CC(C)C)C(=O)N[C@@H](Cc3ccccc3)C(=O)N[C@@H](CC(C)C)C(=O)N[C@@H](CCCC[NH3+])C(=O)N[C@@H]([C@@H](C)CC)C(=O)N[C@@H](CCSC)C(=O)N[C@@H](C)C(=O)N[C@@H](CCSC)C(=O)N[C@@H](CC(C)C)C(=O)N[C@@H]([C@H](O)C)C(=O)N[C@@H](CCC(=O)[O-])C(=O)N[C@@H](CC(C)C)C(=O)N[C@@H](CCCNC(=[NH2+])N)C(=O)N[C@@H](CO)C(=O)N[C@@H]([C@@H](C)CC)C(=O)N[C@@H](CC(=O)N)C(=O)N[C@@H](C)C(=O)N[C@@H](CCC(=O)N)C(=O)N[C@@H](Cc3nc[nH]c3)C(=O)N[C@@H]([C@H](O)C)C(=O)N[C@@H](CCC(=O)N)C(=O)N[C@@H](CCCNC(=[NH2+])N)C(=O)N[C@@H](C)C(=O)N[C@@H](CC(C)C)C(=O)N[C@@H](CCCNC(=[NH2+])N)C(=O)N[C@@H]([C@@H](C)CC)C(=O)N[C@@H](CCC(=O)N)C(=O)N[C@@H](CC(=O)[O-])C(=O)N[C@@H]([C@@H](C)CC)C(=O)N[C@@H](Cc3nc[nH]c3)C(=O)N3[C@H](C(=O)N[C@@H](Cc4ccccc4)C(=O)N[C@@H](C)C(=O)N[C@@H]([C@H](O)C)C(=O)N4[C@H](C(=O)N[C@@H](CC(C)C)C(=O)N[C@@H](CCSC)C(=O)N[C@@H](CCC(=O)N)C(=O)N[C@@H](CCC(=O)[O-])C(=O)N[C@@H](CC(C)C)C(=O)N[C@@H](Cc5ccccc5)C(=O)NCC(=O)N[C@@H]([C@@H](C)CC)C(=O)N[C@@H]([C@H](O)C)C(=O)NCC(=O)N[C@@H](CO)C=O)CCC4)CCC3)CCC2)CCC1.S(C)CC[C@H](NC(=O)[C@@H](NC(=O)[C@@H](NC(=O)[C@@H](NC(=O)[C@@H](NC(=O)[C@@H](NC(=O)[C@@H](NC(=O)[C@@H](NC(=O)[C@@H](NC(=O)[C@@H](NC(=O)[C@@H](NC(=O)[C@@H](NC(=O)[C@@H](NC(=O)[C@@H](NC(=O)[C@@H](NC(=O)[C@@H](NC(=O)[C@@H](NC(=O)C[NH3+])CC(C)C)[C@H](O)C)CCC(=O)[O-])C)CCC(=O)N)CCCNC(=[NH2+])N)C)CCSC)[C@@H](C)CC)CC)CCC(=O)[O-])CC(C)C)CCSC)CC(=O)[O-])C)CCC(=O)N)C(=O)N[C@@H](CCCC[NH3+])C(=O)N[C@@H]([C@H](O)C)C(=O)N[C@@H](Cc1ccccc1)C(=O)N[C@@H](CC(=O)[O-])C(=O)N[C@@H]([C@H](O)C)C(=O)N[C@@H]([C@H](O)C)C(=O)N[C@@H](Cc1ccccc1)C(=O)N[C@@H](CO)C(=O)N[C@@H](Cc1nc[nH]c1)C(=O)N[C@@H](Cc1ccccc1)C(=O)N[C@@H](CC)C(=O)N[C@@H](CC(=O)N)C(=O)N[C@@H](Cc1ccccc1)C(=O)N[C@@H](CCCNC(=[NH2+])N)C(=O)N[C@@H](CC(C)C)C(=O)N1[C@H](C(=O)NCC(=O)N[C@@H](C)C=O)CCC1"
"PXR_pdbalignments_holo_TIER1_sorted_moesession.moe","2026-05-29 13:43:33","7AXD.A",1,26,437.151,"Clc1c(-n2c(N)c([S@@](=O)C(F)(F)F)c(C#N)n2)c(Cl)cc(C(F)(F)F)c1"
"PXR_pdbalignments_holo_TIER1_sorted_moesession.moe","2026-05-29 13:43:33","7AXD.A",47,47,752,"O.O.O.O.O.O.O.O.O.O.O.O.O.O.O.O.O.O.O.O.O.O.O.O.O.O.O.O.O.O.O.O.O.O.O.O.O.O.O.O.O.O.O.O.O.O.O"
"PXR_pdbalignments_holo_TIER1_sorted_moesession.moe","2026-05-29 13:43:33","7AXH.A",272,2119,30119.2,"SC[C@H](NC(=O)[C@@H](NC(=O)[C@@H](NC(=O)[C@@H](NC(=O)CNC(=O)[C@@H](NC(=O)[C@@H](NC(=O)[C@@H](NC(=O)[C@@H](NC(=O)[C@@H](NC(=O)[C@@H](NC(=O)[C@@H](NC(=O)[C@@H](NC(=O)[C@@H](NC(=O)[C@@H](NC(=O)[C@@H](NC(=O)[C@@H](NC(=O)[C@@H](NC(=O)[C@@H](NC(=O)[C@@H](NC(=O)[C@@H](NC(=O)[C@@H](NC(=O)[C@@H](NC(=O)CNC(=O)[C@@H](NC(=O)[C@@H](NC(=O)[C@@H](NC(=O)[C@@H](NC(=O)[C@@H](NC(=O)[C@@H](NC(=O)[C@@H](NC(=O)[C@@H](NC(=O)[C@@H](NC(=O)[C@H]1N(C(=O)[C@@H](NC(=O)[C@@H](NC(=O)[C@@H](NC(=O)[C@@H](NC(=O)[C@@H](NC(=O)[C@@H](NC(=O)[C@@H](NC(=O)[C@@H](NC(=O)[C@@H](NC(=O)[C@@H](NC(=O)[C@@H](NC(=O)[C@@H](NC(=O)[C@@H](NC(=O)[C@@H](NC(=O)CNC(=O)[C@@H](NC(=O)[C@@H](NC(=O)[C@@H](NC(=O)[C@@H](NC(=O)[C@@H](NC(=O)[C@@H](NC(=O)[C@@H](NC(=O)[C@@H](NC(=O)[C@@H](NC(=O)[C@@H](NC(=O)[C@@H](NC(=O)[C@H]2N(C(=O)[C@@H](NC(=O)[C@@H](NC(=O)[C@@H](NC(=O)[C@@H](NC(=O)[C@@H](NC(=O)[C@@H](NC(=O)[C@@H](NC(=O)CNC(=O)CNC(=O)[C@@H](NC(=O)[C@@H](NC(=O)[C@@H](NC(=O)[C@H]3N(C(=O)[C@H]4N(C(=O)[C@@H](NC(=O)[C@@H](NC(=O)[C@@H](NC(=O)[C@@H](NC(=O)[C@@H](NC(=O)[C@@H](NC(=O)CNC(=O)[C@@H](NC(=O)[C@@H](NC(=O)CNC(=O)[C@@H](NC(=O)[C@@H](NC(=O)[C@@H](NC(=O)[C@@H](NC(=O)[C@@H](NC(=O)[C@@H](NC(=O)[C@@H](NC(=O)[C@@H](NC(=O)[C@@H](NC(=O)[C@@H](NC(=O)[C@@H](NC(=O)[C@@H](NC(=O)[C@@H](NC(=O)[C@@H](NC(=O)[C@@H](NC(=O)[C@@H](NC(=O)[C@@H](NC(=O)[C@@H](NC(=O)[C@@H](NC(=O)[C@@H](NC(=O)[C@@H]([NH3+])C)C)C)Cc5c[nH]c6ccccc56)C)CCC(=O)N)C(C)C)C)C)CC(=O)[O-])CC(C)C)C)C)C)C)C(C)C)CO)CC(C)C)CCC(=O)N)CC(C)C)CCCNC(=[NH2+])N)C)CC(=O)[O-])CO)C(C)C)Cc5c[nH]c6ccccc56)CC(=O)N)Cc5ccc(O)cc5)CC)CCC4)CCC3)C)CC(=O)[O-])C)C)CCC(=O)[O-])[C@@H](C)CC)Cc3ccccc3)CO)CC(C)C)CC(C)C)CCC2)Cc2nc[nH]c2)CCSC)C)CC(=O)[O-])CCSC)CO)[C@H](O)C)Cc2ccc(O)cc2)CCSC)Cc2ccccc2)CCCC[NH3+])[C@@H](C)CC)[C@@H](C)CC)CO)Cc2ccccc2)C)CCC)C(C)C)[C@@H](C)CC)CO)Cc2ccc(O)cc2)Cc2ccccc2)CCCNC(=[NH2+])N)CC(=O)[O-])CC(C)C)CCC1)[C@@H](C)CC)CCC(=O)[O-])CC(=O)[O-])CCC(=O)N)[C@@H](C)CC)CO)CC(C)C)CC(C)C)CCCC[NH3+])C)C)Cc1ccccc1)CCC(=O)[O-])CC(C)C)CS)CCC(=O)N)CC(C)C)CCCNC(=[NH2+])N)Cc1ccccc1)CC(=O)N)[C@H](O)C)C(C)C)Cc1ccccc1)CC(=O)N)C)CCC(=O)[O-])[C@H](O)C)[C@H](O)C)Cc1c[nH]c2ccccc12)CCC(=O)[O-])C(=O)NCC(=O)N[C@@H](C)C(=O)N[C@@H](CC(C)C)C(=O)N[C@@H](CO)C(=O)N[C@@H](Cc1ccc(O)cc1)C(=O)N[C@@H](CS)C(=O)N[C@@H](CC(C)C)C(=O)N[C@@H](CCC(=O)[O-])C(=O)N[C@@H](C)C=O.SC[C@H](NC(=O)[C@@H](NC(=O)[C@@H](NC(=O)[C@@H](NC(=O)[C@@H](NC(=O)[C@@H](NC(=O)[C@@H](NC(=O)[C@@H](NC(=O)[C@@H](NC(=O)[C@@H](NC(=O)[C@@H](NC(=O)[C@@H](NC(=O)[C@@H](NC(=O)[C@@H](NC(=O)[C@@H](NC(=O)[C@@H](NC(=O)[C@@H](NC(=O)[C@@H](NC(=O)[C@@H](NC(=O)[C@@H](NC(=O)[C@@H](NC(=O)[C@@H](NC(=O)[C@@H](NC(=O)[C@@H](NC(=O)CNC(=O)[C@H]1N(C(=O)[C@@H](NC(=O)[C@@H](NC(=O)[C@H]2N(C(=O)[C@@H](NC(=O)[C@@H](NC(=O)[C@@H](NC(=O)[C@@H](NC(=O)[C@@H](NC(=O)[C@@H](NC(=O)[C@@H](NC(=O)[C@@H](NC(=O)[C@@H](NC(=O)[C@@H](NC(=O)[C@@H](NC(=O)[C@@H](NC(=O)[C@@H](NC(=O)[C@@H](NC(=O)[C@@H](NC(=O)[C@@H](NC(=O)[C@@H](NC(=O)[C@@H](NC(=O)[C@@H](NC(=O)[C@@H](NC(=O)[C@@H](NC(=O)[C@@H](NC(=O)[C@@H](NC(=O)[C@@H](NC(=O)[C@@H](NC(=O)[C@@H](NC(=O)[C@@H](NC(=O)[C@@H](NC(=O)[C@H]3N(C(=O)[C@@H](NC(=O)[C@@H](NC(=O)[C@@H](NC(=O)[C@@H](NC(=O)[C@@H](NC(=O)[C@@H](NC(=O)[C@@H]([NH3+])C)C)CCC(=O)N)C)CC(C)C)CC(C)C)CCC(=O)[O-])CCC3)CCSC)CC(C)C)CCC)Cc3ccccc3)Cc3nc[nH]c3)Cc3ccc(O)cc3)CCSC)CC(C)C)CCCC[NH3+])CCC)CC(C)C)CCC(=O)N)CC(C)C)Cc3nc[nH]c3)CCC(=O)[O-])CCC(=O)[O-])CCC(=O)[O-])Cc3ccc(O)cc3)C(C)C)CC(C)C)CCSC)CCC(=O)N)C)[C@@H](C)CC)CO)CC(C)C)Cc3ccccc3)CO)CCC2)CC(=O)[O-])CCCNC(=[NH2+])N)CCC1)C(C)C)CC(C)C)CCC(=O)N)C)C)C(C)C)C(C)C)CC(=O)[O-])CCC(=O)N)CC(C)C)CCC(=O)N)CCC(=O)[O-])CCC(=O)N)Cc1ccccc1)C)[C@@H](C)CC)[C@H](O)C)CC(C)C)CCCC[NH3+])CO)Cc1ccc(O)cc1)[C@@H](C)CC)CCC(=O)[O-])C(=O)N[C@@H](CC(=O)N)C(=O)N[C@@H](CCCNC(=[NH2+])N)C(=O)N1[C@H](C(=O)N[C@@H](CCC(=O)N)C(=O)N2[C@H](C(=O)N[C@@H](C)C(=O)N[C@@H](Cc3nc[nH]c3)C(=O)N[C@@H](CCCNC(=[NH2+])N)C(=O)N[C@@H](Cc3ccccc3)C(=O)N[C@@H](CC(C)C)C(=O)N[C@@H](Cc3ccccc3)C(=O)N[C@@H](CC(C)C)C(=O)N[C@@H](CCCC[NH3+])C(=O)N[C@@H]([C@@H](C)CC)C(=O)N[C@@H](CCSC)C(=O)N[C@@H](C)C(=O)N[C@@H](CCSC)C(=O)N[C@@H](CC(C)C)C(=O)N[C@@H]([C@H](O)C)C(=O)N[C@@H](CCC(=O)[O-])C(=O)N[C@@H](CC(C)C)C(=O)N[C@@H](CCCNC(=[NH2+])N)C(=O)N[C@@H](CO)C(=O)N[C@@H]([C@@H](C)CC)C(=O)N[C@@H](CC(=O)N)C(=O)N[C@@H](C)C(=O)N[C@@H](CCC(=O)N)C(=O)N[C@@H](Cc3nc[nH]c3)C(=O)N[C@@H]([C@H](O)C)C(=O)N[C@@H](CCC(=O)N)C(=O)N[C@@H](CCCNC(=[NH2+])N)C(=O)N[C@@H](C)C(=O)N[C@@H](CC(C)C)C(=O)N[C@@H](CCCNC(=[NH2+])N)C(=O)N[C@@H]([C@@H](C)CC)C(=O)N[C@@H](CCC(=O)N)C(=O)N[C@@H](CC(=O)[O-])C(=O)N[C@@H]([C@@H](C)CC)C(=O)N[C@@H](Cc3nc[nH]c3)C(=O)N3[C@H](C(=O)N[C@@H](Cc4ccccc4)C(=O)N[C@@H](C)C(=O)N[C@@H]([C@H](O)C)C(=O)N4[C@H](C(=O)N[C@@H](CC(C)C)C(=O)N[C@@H](CCSC)C(=O)N[C@@H](CCC(=O)N)C(=O)N[C@@H](CCC(=O)[O-])C(=O)N[C@@H](CC(C)C)C(=O)N[C@@H](Cc5ccccc5)C(=O)NCC(=O)N[C@@H]([C@@H](C)CC)C(=O)N[C@@H]([C@H](O)C)C(=O)NCC(=O)N[C@@H](CO)C=O)CCC4)CCC3)CCC2)CCC1.S(C)CC[C@H](NC(=O)[C@@H](NC(=O)[C@@H](NC(=O)[C@@H](NC(=O)[C@@H](NC(=O)[C@@H](NC(=O)[C@@H](NC(=O)CNC(=O)[C@@H]([NH3+])C)CC(C)C)[C@H](O)C)CCC(=O)[O-])C)CCC(=O)N)CCCNC(=[NH2+])N)C(=O)N[C@@H](CCSC)C(=O)N[C@@H]([C@@H](C)CC)C(=O)N[C@@H](C)C(=O)N[C@@H](CCC(=O)[O-])C(=O)N[C@@H](CC(C)C)C(=O)N[C@@H](CCSC)C(=O)N[C@@H](CC(=O)[O-])C(=O)N[C@@H](C)C(=O)N[C@@H](CCC(=O)N)C(=O)N[C@@H](CCSC)C(=O)N[C@@H](CCCC[NH3+])C(=O)N[C@@H]([C@H](O)C)C(=O)N[C@@H](Cc1ccccc1)C(=O)N[C@@H](CC(=O)[O-])C(=O)N[C@@H]([C@H](O)C)C(=O)N[C@@H]([C@H](O)C)C(=O)N[C@@H](Cc1ccccc1)C(=O)N[C@@H](CO)C(=O)N[C@@H](Cc1nc[nH]c1)C(=O)N[C@@H](Cc1ccccc1)C(=O)N[C@@H](C)C(=O)N[C@@H](CC(=O)N)C(=O)N[C@@H](Cc1ccccc1)C(=O)N[C@@H](CCCNC(=[NH2+])N)C(=O)N[C@@H](CC(C)C)C(=O)N1[C@H](C(=O)NCC(=O)N[C@@H](C)C=O)CCC1"
"PXR_pdbalignments_holo_TIER1_sorted_moesession.moe","2026-05-29 13:43:33","7AXH.A",1,23,322.401,"O[C@H]1CCC[C@H](C)OC(=O)c2c(O)cc(O)cc2CCCCC1"
"PXR_pdbalignments_holo_TIER1_sorted_moesession.moe","2026-05-29 13:43:33","7AXH.A",55,55,880,"O.O.O.O.O.O.O.O.O.O.O.O.O.O.O.O.O.O.O.O.O.O.O.O.O.O.O.O.O.O.O.O.O.O.O.O.O.O.O.O.O.O.O.O.O.O.O.O.O.O.O.O.O.O.O"
"PXR_pdbalignments_holo_TIER1_sorted_moesession.moe","2026-05-29 13:43:33","7N2A.A",273,2110,29992.2,"SC[C@H](NC(=O)[C@@H](NC(=O)[C@@H](NC(=O)[C@@H](NC(=O)CNC(=O)[C@@H](NC(=O)[C@@H](NC(=O)[C@@H](NC(=O)[C@@H](NC(=O)[C@@H](NC(=O)[C@@H](NC(=O)[C@@H](NC(=O)[C@@H](NC(=O)[C@@H](NC(=O)[C@@H](NC(=O)[C@@H](NC(=O)[C@@H](NC(=O)[C@@H](NC(=O)[C@@H](NC(=O)[C@@H](NC(=O)[C@@H](NC(=O)[C@@H](NC(=O)[C@@H](NC(=O)CNC(=O)[C@@H](NC(=O)[C@@H](NC(=O)[C@@H](NC(=O)[C@@H](NC(=O)[C@@H](NC(=O)[C@@H](NC(=O)[C@@H](NC(=O)[C@@H](NC(=O)[C@@H](NC(=O)[C@H]1N(C(=O)[C@@H](NC(=O)[C@@H](NC(=O)[C@@H](NC(=O)[C@@H](NC(=O)[C@@H](NC(=O)[C@@H](NC(=O)[C@@H](NC(=O)[C@@H](NC(=O)[C@@H](NC(=O)[C@@H](NC(=O)[C@@H](NC(=O)[C@@H](NC(=O)[C@@H](NC(=O)[C@@H](NC(=O)CNC(=O)[C@@H](NC(=O)[C@@H](NC(=O)[C@@H](NC(=O)[C@@H](NC(=O)[C@@H](NC(=O)[C@@H](NC(=O)[C@@H](NC(=O)[C@@H](NC(=O)[C@@H](NC(=O)[C@@H](NC(=O)[C@@H](NC(=O)[C@H]2N(C(=O)[C@@H](NC(=O)[C@@H](NC(=O)[C@@H](NC(=O)[C@@H](NC(=O)[C@@H](NC(=O)[C@@H](NC(=O)[C@@H]([NH3+])C)C)C)Cc3ccccc3)CO)CC(C)C)CC(C)C)CCC2)Cc2nc[nH]c2)CCSC)C)CC(=O)[O-])CCSC)CO)[C@H](O)C)Cc2ccc(O)cc2)CCSC)Cc2ccccc2)CCCC[NH3+])[C@@H](C)CC)[C@@H](C)CC)CO)Cc2ccccc2)C)CCCC[NH3+])C(C)C)[C@@H](C)CC)CO)Cc2ccc(O)cc2)Cc2ccccc2)CCCNC(=[NH2+])N)CC(=O)[O-])CC(C)C)CCC1)[C@@H](C)CC)C)CC(=O)[O-])CCC(=O)N)[C@@H](C)CC)CO)CC(C)C)CC(C)C)CCCC[NH3+])C)C)Cc1ccccc1)CCC(=O)[O-])CC(C)C)CS)CCC(=O)N)CC(C)C)CCCNC(=[NH2+])N)Cc1ccccc1)CC(=O)N)[C@H](O)C)C(C)C)Cc1ccccc1)CC(=O)N)C)CC)[C@H](O)C)[C@H](O)C)Cc1c[nH]c2ccccc12)CCC(=O)[O-])C(=O)NCC(=O)N[C@@H](CCCNC(=[NH2+])N)C(=O)N[C@@H](CC(C)C)C(=O)N[C@@H](CO)C(=O)N[C@@H](Cc1ccc(O)cc1)C(=O)N[C@@H](CS)C(=O)N[C@@H](CC(C)C)C(=O)N[C@@H](CCC(=O)[O-])C(=O)N[C@@H](C)C(=O)N[C@@H]([C@H](O)C)C(=O)N[C@@H](C)C(=O)NCC(=O)NCC(=O)N[C@@H](C)C(=O)N[C@@H](C)C(=O)N[C@@H](CCC(=O)N)C(=O)N[C@@H](C)C(=O)N[C@@H](CC(C)C)C(=O)N[C@@H](CC(C)C)C(=O)N[C@@H](CCC(=O)[O-])C(=O)N1[C@H](C(=O)N[C@@H](CCSC)C(=O)N[C@@H](CC(C)C)C(=O)N[C@@H](CCCC[NH3+])C(=O)N[C@@H](Cc2ccccc2)C(=O)N[C@@H](Cc2nc[nH]c2)C(=O)N[C@@H](Cc2ccc(O)cc2)C(=O)N[C@@H](CCSC)C(=O)N[C@@H](CC(C)C)C(=O)N[C@@H](CCCC[NH3+])C(=O)N[C@@H](CC)C(=O)N[C@@H](CC(C)C)C(=O)N[C@@H](CCC(=O)N)C(=O)N[C@@H](CC(C)C)C(=O)N[C@@H](Cc2nc[nH]c2)C(=O)N[C@@H](CCC(=O)[O-])C(=O)N[C@@H](CCC(=O)[O-])C(=O)N[C@@H](CCC(=O)[O-])C(=O)N[C@@H](Cc2ccc(O)cc2)C(=O)N[C@@H](C(C)C)C(=O)N[C@@H](CC(C)C)C(=O)N[C@@H](CCSC)C(=O)N[C@@H](CCC(=O)N)C(=O)N[C@@H](C)C(=O)N[C@@H]([C@@H](C)CC)C(=O)N[C@@H](CO)C(=O)N[C@@H](CC(C)C)C(=O)N[C@@H](Cc2ccccc2)C(=O)N[C@@H](CO)C(=O)N2[C@H](C(=O)N[C@@H](CC(=O)[O-])C(=O)N[C@@H](CCCNC(=[NH2+])N)C(=O)N3[C@H](C(=O)NCC(=O)N[C@@H](C(C)C)C(=O)N[C@@H](CC(C)C)C(=O)N[C@@H](CCC(=O)N)C(=O)N[C@@H](C)C(=O)N[C@@H](C)C(=O)N[C@@H](C(C)C)C(=O)N[C@@H](C(C)C)C(=O)N[C@@H](CC(=O)[O-])C(=O)N[C@@H](C)C(=O)N[C@@H](CC(C)C)C(=O)N[C@@H](CCC(=O)N)C(=O)N[C@@H](CCC(=O)[O-])C(=O)N[C@@H](CCC(=O)N)C(=O)N[C@@H](Cc4ccccc4)C(=O)N[C@@H](C)C(=O)N[C@@H]([C@@H](C)CC)C(=O)N[C@@H]([C@H](O)C)C(=O)N[C@@H](CC(C)C)C(=O)N[C@@H](CCCC[NH3+])C(=O)N[C@@H](CO)C(=O)N[C@@H](Cc4ccc(O)cc4)C(=O)N[C@@H]([C@@H](C)CC)C(=O)N[C@@H](CC)C(=O)N[C@@H](CS)C(=O)N[C@@H](CC(=O)N)C(=O)N[C@@H](CCCNC(=[NH2+])N)C(=O)N4[C@H](C(=O)N[C@@H](CCC(=O)N)C(=O)N5[C@H](C(=O)N[C@@H](C)C(=O)N[C@@H](Cc6nc[nH]c6)C(=O)N[C@@H](CCCNC(=[NH2+])N)C(=O)N[C@@H](Cc6ccccc6)C(=O)N[C@@H](CC(C)C)C(=O)N[C@@H](Cc6ccccc6)C(=O)N[C@@H](CC(C)C)C(=O)N[C@@H](CCCC[NH3+])C(=O)N[C@@H]([C@@H](C)CC)C(=O)N[C@@H](CCSC)C(=O)N[C@@H](C)C(=O)N[C@@H](CCSC)C(=O)N[C@@H](CC(C)C)C(=O)N[C@@H]([C@H](O)C)C(=O)N[C@@H](CCC(=O)[O-])C(=O)N[C@@H](CC(C)C)C(=O)N[C@@H](CCCNC(=[NH2+])N)C(=O)N[C@@H](CO)C(=O)N[C@@H]([C@@H](C)CC)C(=O)N[C@@H](CC(=O)N)C(=O)N[C@@H](C)C(=O)N[C@@H](CCC(=O)N)C(=O)N[C@@H](Cc6nc[nH]c6)C(=O)N[C@@H]([C@H](O)C)C(=O)N[C@@H](CCC(=O)N)C(=O)N[C@@H](CCCNC(=[NH2+])N)C(=O)N[C@@H](CC(C)C)C(=O)N[C@@H](CC(C)C)C(=O)N[C@@H](CCCNC(=[NH2+])N)C(=O)N[C@@H]([C@@H](C)CC)C(=O)N[C@@H](CCC(=O)N)C(=O)N[C@@H](CC(=O)[O-])C(=O)N[C@@H]([C@@H](C)CC)C(=O)N[C@@H](Cc6nc[nH]c6)C(=O)N6[C@H](C(=O)N[C@@H](Cc7ccccc7)C(=O)N[C@@H](C)C(=O)N[C@@H]([C@H](O)C)C(=O)N7[C@H](C(=O)N[C@@H](CC(C)C)C(=O)N[C@@H](CCSC)C(=O)N[C@@H](CCC(=O)N)C(=O)N[C@@H](CCC(=O)[O-])C(=O)N[C@@H](CC(C)C)C(=O)N[C@@H](Cc8ccccc8)C(=O)NCC(=O)N[C@@H]([C@@H](C)CC)C(=O)N[C@@H]([C@H](O)C)C(=O)NCC(=O)N[C@@H](CO)C=O)CCC7)CCC6)CCC5)CCC4)CCC3)CCC2)CCC1.S(C)CC[C@H](NC(=O)[C@@H](NC(=O)[C@@H](NC(=O)[C@@H](NC(=O)[C@@H](NC(=O)[C@@H](NC(=O)[C@@H](NC(=O)[C@@H](NC(=O)[C@@H](NC(=O)[C@@H](NC(=O)[C@@H](NC(=O)[C@@H](NC(=O)[C@@H](NC(=O)[C@@H](NC(=O)[C@@H](NC(=O)[C@@H](NC(=O)[C@@H](NC(=O)C[NH3+])CC(C)C)[C@H](O)C)CCC(=O)[O-])C)CCC(=O)N)CCC[NH2+])C)CCSC)[C@@H](C)CC)CCCNC(=[NH2+])N)CCC(=O)[O-])CC(C)C)CCSC)CC(=O)[O-])C)CCC(=O)N)C(=O)N[C@@H](CCCC[NH3+])C(=O)N[C@@H]([C@H](O)C)C(=O)N[C@@H](Cc1ccccc1)C(=O)N[C@@H](CC(=O)[O-])C(=O)N[C@@H]([C@H](O)C)C(=O)N[C@@H]([C@H](O)C)C(=O)N[C@@H](Cc1ccccc1)C(=O)N[C@@H](CO)C(=O)N[C@@H](Cc1nc[nH]c1)C(=O)N[C@@H](Cc1ccccc1)C(=O)N[C@@H](CC)C(=O)N[C@@H](CC(=O)N)C(=O)N[C@@H](Cc1ccccc1)C(=O)N[C@@H](CCCNC(=[NH2+])N)C(=O)N[C@@H](CC(C)C)C(=O)N1[C@H](C(=O)NCC(=O)N[C@@H](C)C=O)CCC1.OC[C@H](NC(=O)[C@@H](NC(=O)[C@@H](NC(=O)[C@H]1N(C(=O)[C@H]2N(C(=O)[C@@H](NC(=O)[C@@H](NC(=O)[C@@H](NC(=O)[C@@H](NC(=O)[C@@H](NC(=O)[C@@H](NC(=O)CNC(=O)[C@@H](NC(=O)[C@@H](NC(=O)CNC(=O)[C@@H](NC(=O)[C@@H](NC(=O)[C@@H](NC(=O)[C@@H](NC(=O)[C@@H](NC(=O)[C@@H](NC(=O)[C@@H](NC(=O)[C@@H](NC(=O)[C@@H](NC(=O)[C@@H](NC(=O)[C@@H](NC(=O)[C@@H](NC(=O)[C@@H](NC(=O)[C@@H](NC(=O)[C@@H](NC(=O)[C@@H](NC(=O)[C@@H](NC(=O)[C@@H](NC(=O)[C@@H](NC(=O)[C@@H](NC(=O)[C@@H]([NH3+])C)C)C)C)C)C)C(C)C)C)C)CC(=O)[O-])CC(C)C)C)CO)CC(C)C)C)C(C)C)CO)CC(C)C)CCC(=O)N)CC(C)C)CCCNC(=[NH2+])N)C)CC(=O)[O-])CO)C(C)C)Cc3c[nH]c4ccccc34)CC(=O)N)Cc3ccc(O)cc3)CC)CCC2)CCC1)C)CC(=O)[O-])C=O"
"PXR_pdbalignments_holo_TIER1_sorted_moesession.moe","2026-05-29 13:43:33","7N2A.A",1,31,414.48,"Fc1c(O)c(C=2N(CCc3ccccc3)C(=O)C(Cc3ccccc3)=C(C)N=2)ccc1"
"PXR_pdbalignments_holo_TIER1_sorted_moesession.moe","2026-05-29 13:43:33","7N2A.A",47,47,752,"O.O.O.O.O.O.O.O.O.O.O.O.O.O.O.O.O.O.O.O.O.O.O.O.O.O.O.O.O.O.O.O.O.O.O.O.O.O.O.O.O.O.O.O.O.O.O"
"PXR_pdbalignments_holo_TIER1_sorted_moesession.moe","2026-05-29 13:43:33","7RIO.A",270,2084,29627.8,"SC[C@H](NC(=O)[C@@H](NC(=O)[C@@H](NC(=O)[C@@H](NC(=O)CNC(=O)[C@@H](NC(=O)[C@@H](NC(=O)[C@@H](NC(=O)[C@@H](NC(=O)[C@@H](NC(=O)[C@@H](NC(=O)[C@@H](NC(=O)[C@@H](NC(=O)[C@@H](NC(=O)[C@@H](NC(=O)[C@@H](NC(=O)[C@@H](NC(=O)[C@@H](NC(=O)[C@@H](NC(=O)[C@@H](NC(=O)[C@@H](NC(=O)[C@@H](NC(=O)[C@@H](NC(=O)CNC(=O)[C@@H](NC(=O)[C@@H](NC(=O)[C@@H](NC(=O)[C@@H](NC(=O)[C@@H](NC(=O)[C@@H](NC(=O)[C@@H](NC(=O)[C@@H](NC(=O)[C@@H](NC(=O)[C@H]1N(C(=O)[C@@H](NC(=O)[C@@H](NC(=O)[C@@H](NC(=O)[C@@H](NC(=O)[C@@H](NC(=O)[C@@H](NC(=O)[C@@H](NC(=O)[C@@H](NC(=O)[C@@H](NC(=O)[C@@H](NC(=O)[C@@H](NC(=O)[C@@H](NC(=O)[C@@H](NC(=O)[C@@H](NC(=O)CNC(=O)[C@@H](NC(=O)[C@@H](NC(=O)[C@@H](NC(=O)[C@@H](NC(=O)[C@@H](NC(=O)[C@@H](NC(=O)[C@@H](NC(=O)[C@@H](NC(=O)[C@@H](NC(=O)[C@@H](NC(=O)[C@@H](NC(=O)[C@H]2N(C(=O)[C@@H](NC(=O)[C@@H](NC(=O)[C@@H](NC(=O)[C@@H](NC(=O)[C@@H](NC(=O)[C@@H](NC(=O)[C@@H]([NH3+])C)C)C)Cc3ccccc3)CO)CC(C)C)CC(C)C)CCC2)Cc2nc[nH]c2)CCSC)C)CC(=O)[O-])CCSC)CO)[C@H](O)C)Cc2ccc(O)cc2)CCSC)Cc2ccccc2)CCC)[C@@H](C)CC)[C@@H](C)CC)CO)Cc2ccccc2)C)CCC)C(C)C)[C@@H](C)CC)CO)Cc2ccc(O)cc2)Cc2ccccc2)CCCNC(=[NH2+])N)CC(=O)[O-])CC(C)C)CCC1)[C@@H](C)CC)C)CC(=O)[O-])CCC(=O)N)[C@@H](C)CC)CO)CC(C)C)CC(C)C)CCCC[NH3+])C)C)Cc1ccccc1)CCC(=O)[O-])CC(C)C)CS)CCC(=O)N)CC(C)C)CCCNC(=[NH2+])N)Cc1ccccc1)CC(=O)N)[C@H](O)C)C(C)C)Cc1ccccc1)CC(=O)N)C)C)[C@H](O)C)[C@H](O)C)Cc1c[nH]c2ccccc12)CCC(=O)[O-])C(=O)NCC(=O)N[C@@H](CCCNC(=[NH2+])N)C(=O)N[C@@H](CC(C)C)C(=O)N[C@@H](CO)C(=O)N[C@@H](Cc1ccc(O)cc1)C(=O)N[C@@H](CS)C(=O)N[C@@H](CC(C)C)C(=O)N[C@@H](CCC(=O)[O-])C(=O)N[C@@H](C)C(=O)N[C@@H](C)C=O.SC[C@H](NC(=O)[C@@H](NC(=O)[C@@H](NC(=O)[C@@H](NC(=O)[C@@H](NC(=O)[C@@H](NC(=O)[C@@H](NC(=O)[C@@H](NC(=O)[C@@H](NC(=O)[C@@H](NC(=O)[C@@H](NC(=O)[C@@H](NC(=O)[C@@H](NC(=O)[C@@H](NC(=O)[C@@H](NC(=O)[C@@H](NC(=O)[C@@H](NC(=O)[C@@H](NC(=O)[C@@H](NC(=O)[C@@H](NC(=O)[C@@H](NC(=O)[C@@H](NC(=O)[C@@H](NC(=O)[C@@H](NC(=O)CNC(=O)[C@H]1N(C(=O)[C@@H](NC(=O)[C@@H](NC(=O)[C@H]2N(C(=O)[C@@H](NC(=O)[C@@H](NC(=O)[C@@H](NC(=O)[C@@H](NC(=O)[C@@H](NC(=O)[C@@H](NC(=O)[C@@H](NC(=O)[C@@H](NC(=O)[C@@H](NC(=O)[C@@H](NC(=O)[C@@H](NC(=O)[C@@H](NC(=O)[C@@H](NC(=O)[C@@H](NC(=O)[C@@H](NC(=O)[C@@H](NC(=O)[C@@H](NC(=O)[C@@H](NC(=O)[C@@H](NC(=O)[C@@H](NC(=O)[C@@H](NC(=O)[C@@H](NC(=O)[C@@H](NC(=O)[C@@H](NC(=O)[C@@H](NC(=O)[C@@H](NC(=O)[C@@H](NC(=O)[C@@H](NC(=O)[C@H]3N(C(=O)[C@@H](NC(=O)[C@@H](NC(=O)[C@@H](NC(=O)[C@@H](NC(=O)[C@@H](NC(=O)[C@@H](NC(=O)[C@@H](NC(=O)CNC(=O)C[NH3+])C)C)CCC(=O)N)C)CC(C)C)CC(C)C)CCC(=O)[O-])CCC3)CCSC)CC(C)C)CCC)Cc3ccccc3)Cc3nc[nH]c3)Cc3ccc(O)cc3)CCSC)CC(C)C)CCCC[NH3+])CC)CC(C)C)CCC(=O)N)CC(C)C)Cc3nc[nH]c3)CCC(=O)[O-])CCC(=O)[O-])CCC(=O)[O-])Cc3ccc(O)cc3)C(C)C)CC(C)C)CCSC)CCC(=O)N)C)[C@@H](C)CC)CO)CC(C)C)Cc3ccccc3)CO)CCC2)CC(=O)[O-])CCCNC(=[NH2+])N)CCC1)C(C)C)CC(C)C)CCC(=O)N)Cc1nc[nH]c1)CCC)C(C)C)C(C)C)CC(=O)[O-])C)CC(C)C)CCC(=O)N)CCC(=O)[O-])CCC(=O)N)Cc1ccccc1)C)[C@@H](C)CC)[C@H](O)C)CC(C)C)CCCC[NH3+])CO)Cc1ccc(O)cc1)[C@@H](C)CC)CCC(=O)[O-])C(=O)N[C@@H](CC(=O)N)C(=O)N[C@@H](CCCNC(=[NH2+])N)C(=O)N1[C@H](C(=O)N[C@@H](C)C(=O)N2[C@H](C(=O)N[C@@H](C)C(=O)N[C@@H](Cc3nc[nH]c3)C(=O)N[C@@H](CCCNC(=[NH2+])N)C(=O)N[C@@H](Cc3ccccc3)C(=O)N[C@@H](CC(C)C)C(=O)N[C@@H](Cc3ccccc3)C(=O)N[C@@H](CC(C)C)C(=O)N[C@@H](CCCC[NH3+])C(=O)N[C@@H]([C@@H](C)CC)C(=O)N[C@@H](CCSC)C(=O)N[C@@H](C)C(=O)N[C@@H](CCSC)C(=O)N[C@@H](CC(C)C)C(=O)N[C@@H]([C@H](O)C)C(=O)N[C@@H](CCC(=O)[O-])C(=O)N[C@@H](CC(C)C)C(=O)N[C@@H](CCCNC(=[NH2+])N)C(=O)N[C@@H](CO)C(=O)N[C@@H]([C@@H](C)CC)C(=O)N[C@@H](CC(=O)N)C(=O)N[C@@H](C)C(=O)N[C@@H](CCC(=O)N)C(=O)N[C@@H](Cc3nc[nH]c3)C(=O)N[C@@H]([C@H](O)C)C(=O)N[C@@H](CCC(=O)N)C(=O)N[C@@H](CCCNC(=[NH2+])N)C(=O)N[C@@H](CC(C)C)C(=O)N[C@@H](CC(C)C)C(=O)N[C@@H](CCCNC(=[NH2+])N)C(=O)N[C@@H]([C@@H](C)CC)C(=O)N[C@@H](CCC(=O)N)C(=O)N[C@@H](CC(=O)[O-])C(=O)N[C@@H]([C@@H](C)CC)C(=O)N[C@@H](Cc3nc[nH]c3)C(=O)N3[C@H](C(=O)N[C@@H](Cc4ccccc4)C(=O)N[C@@H](C)C(=O)N[C@@H]([C@H](O)C)C(=O)N4[C@H](C(=O)N[C@@H](CC(C)C)C(=O)N[C@@H](CCSC)C(=O)N[C@@H](CCC(=O)N)C(=O)N[C@@H](CCC(=O)[O-])C(=O)N[C@@H](CC(C)C)C(=O)N[C@@H](Cc5ccccc5)C(=O)NCC(=O)N[C@@H]([C@@H](C)CC)C(=O)N[C@@H]([C@H](O)C)C(=O)NCC=O)CCC4)CCC3)CCC2)CCC1.S(C)CC[C@H](NC(=O)[C@@H](NC(=O)[C@@H](NC(=O)[C@@H](NC(=O)[C@@H](NC(=O)[C@@H](NC(=O)[C@@H](NC(=O)C[NH3+])CC(C)C)[C@H](O)C)C)C)CCC(=O)N)CCC)C(=O)N[C@@H](CCSC)C(=O)N[C@@H]([C@@H](C)CC)C(=O)N[C@@H](C)C(=O)N[C@@H](CCC(=O)[O-])C(=O)N[C@@H](CC(C)C)C(=O)N[C@@H](CCSC)C(=O)N[C@@H](CC(=O)[O-])C(=O)N[C@@H](C)C(=O)N[C@@H](CCC(=O)N)C(=O)N[C@@H](CCSC)C(=O)N[C@@H](CCCC[NH3+])C(=O)N[C@@H]([C@H](O)C)C(=O)N[C@@H](Cc1ccccc1)C(=O)N[C@@H](CC(=O)[O-])C(=O)N[C@@H]([C@H](O)C)C(=O)N[C@@H]([C@H](O)C)C(=O)N[C@@H](Cc1ccccc1)C(=O)N[C@@H](CO)C(=O)N[C@@H](Cc1nc[nH]c1)C(=O)N[C@@H](Cc1ccccc1)C(=O)N[C@@H](CC)C(=O)N[C@@H](CC(=O)N)C(=O)N[C@@H](Cc1ccccc1)C(=O)N[C@@H](CCCNC(=[NH2+])N)C(=O)N[C@@H](CC(C)C)C(=O)N1[C@H](C(=O)NCC(=O)N[C@@H](C)C=O)CCC1.OC[C@H](NC(=O)CNC(=O)[C@@H](NC(=O)[C@@H](NC(=O)CNC(=O)[C@@H](NC(=O)[C@@H](NC(=O)[C@@H](NC(=O)[C@@H](NC(=O)[C@@H](NC(=O)[C@@H](NC(=O)[C@@H](NC(=O)[C@@H](NC(=O)[C@@H](NC(=O)[C@@H](NC(=O)[C@@H](NC(=O)[C@@H](NC(=O)[C@@H](NC(=O)[C@@H](NC(=O)[C@@H](NC(=O)[C@@H](NC(=O)[C@@H](NC(=O)[C@@H](NC(=O)[C@@H](NC(=O)[C@@H]([NH3+])C)C)C)C)CCC(=O)N)C)C)C)CC(=O)[O-])CC(C)C)C)CO)CC(C)C)C)C(C)C)CO)CC(C)C)CCC(=O)N)CC(C)C)CCCNC(=[NH2+])N)C)CC(=O)[O-])C(=O)N[C@@H](C(C)C)C(=O)N[C@@H](Cc1c[nH]c2ccccc12)C(=O)N[C@@H](CC(=O)N)C(=O)N[C@@H](Cc1ccc(O)cc1)C(=O)N[C@@H](CC)C(=O)N1[C@H](C(=O)N2[C@H](C(=O)N[C@@H](C)C(=O)N[C@@H](CC(=O)[O-])C(=O)N[C@@H](C)C=O)CCC2)CCC1"
"PXR_pdbalignments_holo_TIER1_sorted_moesession.moe","2026-05-29 13:43:33","7RIO.A",1,40,610.702,"S(=O)(=O)(C)CCc1nc(-c2c(-c3c(F)c(NS(=O)(=O)c4c(F)ccc(F)c4)ccc3)nc(C(C)(C)C)s2)ccn1"
"PXR_pdbalignments_holo_TIER1_sorted_moesession.moe","2026-05-29 13:43:33","7RIO.A",84,84,1344,"O.O.O.O.O.O.O.O.O.O.O.O.O.O.O.O.O.O.O.O.O.O.O.O.O.O.O.O.O.O.O.O.O.O.O.O.O.O.O.O.O.O.O.O.O.O.O.O.O.O.O.O.O.O.O.O.O.O.O.O.O.O.O.O.O.O.O.O.O.O.O.O.O.O.O.O.O.O.O.O.O.O.O.O"
"PXR_pdbalignments_holo_TIER1_sorted_moesession.moe","2026-05-29 13:43:33","7RIU.A",267,2085,29661.9,"SC[C@H](NC(=O)[C@@H](NC(=O)[C@@H](NC(=O)[C@@H](NC(=O)CNC(=O)[C@@H](NC(=O)[C@@H](NC(=O)[C@@H](NC(=O)[C@@H](NC(=O)[C@@H](NC(=O)[C@@H](NC(=O)[C@@H](NC(=O)[C@@H](NC(=O)[C@@H](NC(=O)[C@@H](NC(=O)[C@@H](NC(=O)[C@@H](NC(=O)[C@@H](NC(=O)[C@@H](NC(=O)[C@@H](NC(=O)[C@@H](NC(=O)[C@@H](NC(=O)[C@@H](NC(=O)CNC(=O)[C@@H](NC(=O)[C@@H](NC(=O)[C@@H](NC(=O)[C@@H](NC(=O)[C@@H](NC(=O)[C@@H](NC(=O)[C@@H](NC(=O)[C@@H](NC(=O)[C@@H](NC(=O)[C@H]1N(C(=O)[C@@H](NC(=O)[C@@H](NC(=O)[C@@H](NC(=O)[C@@H](NC(=O)[C@@H](NC(=O)[C@@H](NC(=O)[C@@H](NC(=O)[C@@H](NC(=O)[C@@H](NC(=O)[C@@H](NC(=O)[C@@H](NC(=O)[C@@H](NC(=O)[C@@H](NC(=O)[C@@H](NC(=O)CNC(=O)[C@@H](NC(=O)[C@@H](NC(=O)[C@@H](NC(=O)[C@@H](NC(=O)[C@@H](NC(=O)[C@@H](NC(=O)[C@@H](NC(=O)[C@@H](NC(=O)[C@@H](NC(=O)[C@@H](NC(=O)[C@@H](NC(=O)[C@H]2N(C(=O)[C@@H](NC(=O)[C@@H](NC(=O)[C@@H](NC(=O)[C@@H](NC(=O)[C@@H](NC(=O)[C@@H](NC(=O)[C@@H](NC(=O)C[NH3+])C)CCC(=O)[O-])C)Cc3ccccc3)CO)CC(C)C)CC(C)C)CCC2)Cc2nc[nH]c2)CCSC)C)CC(=O)[O-])CCSC)CO)[C@H](O)C)Cc2ccc(O)cc2)CCSC)Cc2ccccc2)CCCC[NH3+])[C@@H](C)CC)[C@@H](C)CC)CO)Cc2ccccc2)C)CCCC[NH3+])C(C)C)[C@@H](C)CC)CO)Cc2ccc(O)cc2)Cc2ccccc2)CCCNC(=[NH2+])N)CC(=O)[O-])CC(C)C)CCC1)[C@@H](C)CC)C)CC(=O)[O-])CCC(=O)N)[C@@H](C)CC)CO)CC(C)C)CC(C)C)CCCC[NH3+])C)C)Cc1ccccc1)CCC(=O)[O-])CC(C)C)CS)CCC(=O)N)CC(C)C)CCCNC(=[NH2+])N)Cc1ccccc1)CC(=O)N)[C@H](O)C)C(C)C)Cc1ccccc1)CC(=O)N)C)C)[C@H](O)C)[C@H](O)C)Cc1c[nH]c2ccccc12)CCC(=O)[O-])C(=O)NCC(=O)N[C@@H](CCCNC(=[NH2+])N)C(=O)N[C@@H](CC(C)C)C(=O)N[C@@H](CO)C(=O)N[C@@H](Cc1ccc(O)cc1)C(=O)N[C@@H](CS)C(=O)N[C@@H](CC(C)C)C(=O)N[C@@H](C)C(=O)N[C@@H](C)C=O.SC[C@H](NC(=O)[C@@H](NC(=O)[C@@H](NC(=O)[C@@H](NC(=O)[C@@H](NC(=O)[C@@H](NC(=O)[C@@H](NC(=O)[C@@H]([NH3+])C)C)C(C)C)C)C)CC(=O)[O-])CC(C)C)C(=O)N[C@@H](CO)C(=O)N[C@@H](CC(C)C)C(=O)N[C@@H](CC)C(=O)N[C@@H](C(C)C)C(=O)N[C@@H](CO)C(=O)N[C@@H](CC(C)C)C(=O)N[C@@H](CCC(=O)N)C(=O)N[C@@H](CC(C)C)C(=O)N[C@@H](CCCNC(=[NH2+])N)C(=O)NCC(=O)N[C@@H](C)C(=O)N[C@@H](CC(=O)[O-])C(=O)NCC(=O)N[C@@H](CO)C(=O)N[C@@H](C(C)C)C(=O)N[C@@H](Cc1c[nH]c2ccccc12)C(=O)N[C@@H](CC(=O)N)C(=O)N[C@@H](Cc1ccc(O)cc1)C(=O)N[C@@H](CC)C(=O)N1[C@H](C(=O)N2[C@H](C(=O)N[C@@H](C)C(=O)N[C@@H](C[CH2])C(=O)N[C@@H](C)C=O)CCC2)CCC1.SC[C@H](NC(=O)[C@@H](NC(=O)[C@@H](NC(=O)[C@@H](NC(=O)[C@@H](NC(=O)[C@@H](NC(=O)[C@@H](NC(=O)[C@@H](NC(=O)[C@@H](NC(=O)[C@@H](NC(=O)[C@@H](NC(=O)[C@@H](NC(=O)[C@@H](NC(=O)[C@@H](NC(=O)[C@@H](NC(=O)[C@@H](NC(=O)[C@@H](NC(=O)[C@@H](NC(=O)[C@@H](NC(=O)[C@@H](NC(=O)[C@@H](NC(=O)[C@@H](NC(=O)[C@@H](NC(=O)[C@@H](NC(=O)CNC(=O)[C@H]1N(C(=O)[C@@H](NC(=O)[C@@H](NC(=O)[C@H]2N(C(=O)[C@@H](NC(=O)[C@@H](NC(=O)[C@@H](NC(=O)[C@@H](NC(=O)[C@@H](NC(=O)[C@@H](NC(=O)[C@@H](NC(=O)[C@@H](NC(=O)[C@@H](NC(=O)[C@@H](NC(=O)[C@@H](NC(=O)[C@@H](NC(=O)[C@@H](NC(=O)[C@@H](NC(=O)[C@@H](NC(=O)[C@@H](NC(=O)[C@@H](NC(=O)[C@@H](NC(=O)[C@@H](NC(=O)[C@@H](NC(=O)[C@@H](NC(=O)[C@@H](NC(=O)[C@@H](NC(=O)[C@@H](NC(=O)[C@@H](NC(=O)[C@@H](NC(=O)[C@@H](NC(=O)[C@@H](NC(=O)[C@H]3N(C(=O)[C@@H](NC(=O)[C@@H](NC(=O)[C@@H](NC(=O)[C@@H](NC(=O)[C@@H](NC(=O)[C@@H](NC(=O)[C@@H](NC(=O)C[NH3+])Cc4ccccc4)C)C)C)CC(C)C)CC(C)C)CCC(=O)[O-])CCC3)CCSC)CC(C)C)CCCC[NH3+])Cc3ccccc3)Cc3nc[nH]c3)Cc3ccc(O)cc3)CCSC)CC(C)C)CCCC[NH3+])CC)CC(C)C)CCC(=O)N)CC(C)C)Cc3nc[nH]c3)CCC(=O)[O-])CCC(=O)[O-])CCC(=O)[O-])Cc3ccc(O)cc3)C(C)C)CC(C)C)CCSC)CCC(=O)N)C)[C@@H](C)CC)CO)CC(C)C)Cc3ccccc3)CO)CCC2)CC(=O)[O-])CCCNC(=[NH2+])N)CCC1)C(C)C)CC(C)C)CCC(=O)N)C)C)C(C)C)C(C)C)CC(=O)[O-])CCC(=O)N)CC(C)C)CCC(=O)N)CCC(=O)[O-])CCC(=O)N)Cc1ccccc1)C)[C@@H](C)CC)[C@H](O)C)CC(C)C)CCCC[NH3+])CO)Cc1ccc(O)cc1)[C@@H](C)CC)CCC(=O)[O-])C(=O)N[C@@H](CC(=O)N)C(=O)N[C@@H](CCCNC(=[NH2+])N)C(=O)N1[C@H](C(=O)N[C@@H](CCC(=O)N)C(=O)N2[C@H](C(=O)N[C@@H](C)C(=O)N[C@@H](Cc3nc[nH]c3)C(=O)N[C@@H](CCCNC(=[NH2+])N)C(=O)N[C@@H](Cc3ccccc3)C(=O)N[C@@H](CC(C)C)C(=O)N[C@@H](Cc3ccccc3)C(=O)N[C@@H](CC(C)C)C(=O)N[C@@H](CCCC[NH3+])C(=O)N[C@@H]([C@@H](C)CC)C(=O)N[C@@H](CCSC)C(=O)N[C@@H](C)C(=O)N[C@@H](CCSC)C(=O)N[C@@H](CC(C)C)C(=O)N[C@@H]([C@H](O)C)C(=O)N[C@@H](CCC(=O)[O-])C(=O)N[C@@H](CC(C)C)C(=O)N[C@@H](CCCNC(=[NH2+])N)C(=O)N[C@@H](CO)C(=O)N[C@@H]([C@@H](C)CC)C(=O)N[C@@H](CC(=O)N)C(=O)N[C@@H](C)C(=O)N[C@@H](CCC(=O)N)C(=O)N[C@@H](Cc3nc[nH]c3)C(=O)N[C@@H]([C@H](O)C)C(=O)N[C@@H](CCC(=O)N)C(=O)N[C@@H](CCCNC(=[NH2+])N)C(=O)N[C@@H](CC(C)C)C(=O)N[C@@H](CC(C)C)C(=O)N[C@@H](CCCNC(=[NH2+])N)C(=O)N[C@@H]([C@@H](C)CC)C(=O)N[C@@H](CCC(=O)N)C(=O)N[C@@H](CC(=O)[O-])C(=O)N[C@@H](C)C(=O)N[C@@H](Cc3nc[nH]c3)C(=O)N3[C@H](C(=O)N[C@@H](Cc4ccccc4)C(=O)N[C@@H](C)C(=O)N[C@@H]([C@H](O)C)C(=O)N4[C@H](C(=O)N[C@@H](CC(C)C)C(=O)N[C@@H](CCSC)C(=O)N[C@@H](CCC(=O)N)C(=O)N[C@@H](CCC(=O)[O-])C(=O)N[C@@H](CC(C)C)C(=O)N[C@@H](Cc5ccccc5)C(=O)NCC(=O)N[C@@H]([C@@H](C)CC)C(=O)N[C@@H]([C@H](O)C)C(=O)NCC(=O)N[C@@H](CO)C=O)CCC4)CCC3)CCC2)CCC1.S(C)CC[C@H](NC(=O)[C@@H](NC(=O)[C@@H](NC(=O)[C@@H](NC(=O)[C@@H](NC(=O)[C@@H](NC(=O)[C@@H](NC(=O)C[NH3+])CC(C)C)[C@H](O)C)CCC(=O)[O-])C)CCC(=O)N)CCC[NH2+])C(=O)N[C@@H](CCSC)C(=O)N[C@@H]([C@@H](C)CC)C(=O)N[C@@H](CCCNC(=[NH2+])N)C(=O)N[C@@H](CCC(=O)[O-])C(=O)N[C@@H](CC(C)C)C(=O)N[C@@H](CCSC)C(=O)N[C@@H](CC(=O)[O-])C(=O)N[C@@H](C)C(=O)N[C@@H](CCC(=O)N)C(=O)N[C@@H](CCSC)C(=O)N[C@@H](CCCC[NH3+])C(=O)N[C@@H]([C@H](O)C)C(=O)N[C@@H](Cc1ccccc1)C(=O)N[C@@H](CC(=O)[O-])C(=O)N[C@@H]([C@H](O)C)C(=O)N[C@@H]([C@H](O)C)C(=O)N[C@@H](Cc1ccccc1)C(=O)N[C@@H](CO)C(=O)N[C@@H](Cc1nc[nH]c1)C(=O)N[C@@H](Cc1ccccc1)C(=O)N[C@@H](CC)C(=O)N[C@@H](CC(=O)N)C(=O)N[C@@H](Cc1ccccc1)C(=O)N[C@@H](CCCNC(=[NH2+])N)C(=O)N[C@@H](CC(C)C)C(=O)N1[C@H](C(=O)NCC(=O)N[C@@H](C)C=O)CCC1"
"PXR_pdbalignments_holo_TIER1_sorted_moesession.moe","2026-05-29 13:43:33","7RIU.A",1,32,489.62,"S(=O)(=O)(Nc1c(F)c(-c2c(-c3nc(N)ncc3)sc(C(C)(C)C)n2)ccc1)c1cscc1"
"PXR_pdbalignments_holo_TIER1_sorted_moesession.moe","2026-05-29 13:43:33","7RIU.A",146,146,2336,"O.O.O.O.O.O.O.O.O.O.O.O.O.O.O.O.O.O.O.O.O.O.O.O.O.O.O.O.O.O.O.O.O.O.O.O.O.O.O.O.O.O.O.O.O.O.O.O.O.O.O.O.O.O.O.O.O.O.O.O.O.O.O.O.O.O.O.O.O.O.O.O.O.O.O.O.O.O.O.O.O.O.O.O.O.O.O.O.O.O.O.O.O.O.O.O.O.O.O.O.O.O.O.O.O.O.O.O.O.O.O.O.O.O.O.O.O.O.O.O.O.O.O.O.O.O.O.O.O.O.O.O.O.O.O.O.O.O.O.O.O.O.O.O.O.O"
"PXR_pdbalignments_holo_TIER1_sorted_moesession.moe","2026-05-29 13:43:33","7YFK.A",287,2350,33428.3,"SC[C@H](NC(=O)[C@@H](NC(=O)[C@@H](NC(=O)[C@@H](NC(=O)CNC(=O)[C@@H](NC(=O)[C@@H](NC(=O)[C@@H](NC(=O)[C@@H](NC(=O)[C@@H](NC(=O)[C@@H](NC(=O)[C@@H](NC(=O)[C@@H](NC(=O)[C@@H](NC(=O)[C@@H](NC(=O)[C@@H](NC(=O)[C@@H](NC(=O)[C@@H](NC(=O)[C@@H](NC(=O)[C@@H](NC(=O)[C@@H](NC(=O)[C@@H](NC(=O)[C@@H](NC(=O)CNC(=O)[C@@H](NC(=O)[C@@H](NC(=O)[C@@H](NC(=O)[C@@H](NC(=O)[C@@H](NC(=O)[C@@H](NC(=O)[C@@H](NC(=O)[C@@H](NC(=O)[C@@H](NC(=O)[C@H]1N(C(=O)[C@@H](NC(=O)[C@@H](NC(=O)[C@@H](NC(=O)[C@@H](NC(=O)[C@@H](NC(=O)[C@@H](NC(=O)[C@@H](NC(=O)[C@@H](NC(=O)[C@@H](NC(=O)[C@@H](NC(=O)[C@@H](NC(=O)[C@@H](NC(=O)[C@@H](NC(=O)[C@@H](NC(=O)CNC(=O)[C@@H](NC(=O)[C@@H](NC(=O)[C@@H](NC(=O)[C@@H](NC(=O)[C@@H](NC(=O)[C@@H](NC(=O)[C@@H](NC(=O)[C@@H](NC(=O)[C@@H](NC(=O)[C@@H](NC(=O)[C@@H](NC(=O)[C@H]2N(C(=O)[C@@H](NC(=O)[C@@H](NC(=O)[C@@H](NC(=O)[C@@H](NC(=O)[C@@H](NC(=O)[C@@H](NC(=O)[C@@H](NC(=O)CNC(=O)CNC(=O)[C@@H](NC(=O)[C@@H](NC(=O)[C@@H](NC(=O)[C@H]3N(C(=O)[C@H]4N(C(=O)[C@@H](NC(=O)[C@@H](NC(=O)[C@@H](NC(=O)[C@@H](NC(=O)[C@@H](NC(=O)[C@@H](NC(=O)CNC(=O)[C@@H](NC(=O)[C@@H](NC(=O)CNC(=O)[C@@H](NC(=O)[C@@H](NC(=O)[C@@H](NC(=O)[C@@H](NC(=O)[C@@H](NC(=O)[C@@H](NC(=O)[C@@H](NC(=O)[C@@H](NC(=O)[C@@H](NC(=O)[C@@H](NC(=O)[C@@H](NC(=O)[C@@H](NC(=O)[C@@H](NC(=O)[C@@H](NC(=O)[C@@H](NC(=O)[C@@H](NC(=O)[C@@H](NC(=O)[C@@H](NC(=O)[C@@H](NC(=O)[C@@H](NC(=O)[C@@H](NC(=O)[C@@H](NC(=O)[C@@H](NC(=O)[C@@H](NC(=O)[C@@H]([NH3+])CO)CCCNC(=[NH2+])N)CCC(=O)[O-])CCC(=O)[O-])C)C)CCCC[NH3+])Cc5c[nH]c6ccccc56)CO)CCC(=O)N)C(C)C)CCCNC(=[NH2+])N)CCCC[NH3+])CC(=O)[O-])CC(C)C)CS)CO)CC(C)C)CCCC[NH3+])C(C)C)CO)CC(C)C)CCC(=O)N)CC(C)C)CCCNC(=[NH2+])N)CCC(=O)[O-])CC(=O)[O-])CO)C(C)C)Cc5c[nH]c6ccccc56)CC(=O)N)Cc5ccc(O)cc5)CCCC[NH3+])CCC4)CCC3)C)CC(=O)[O-])CO)CCCC[NH3+])CCC(=O)[O-])[C@@H](C)CC)Cc3ccccc3)CO)CC(C)C)CC(C)C)CCC2)Cc2nc[nH]c2)CCSC)C)CC(=O)[O-])CCSC)CO)[C@H](O)C)Cc2ccc(O)cc2)CCSC)Cc2ccccc2)CCCC[NH3+])[C@@H](C)CC)[C@@H](C)CC)CO)Cc2ccccc2)C)CCCC[NH3+])C(C)C)[C@@H](C)CC)CO)Cc2ccc(O)cc2)Cc2ccccc2)CCCNC(=[NH2+])N)CC(=O)[O-])CC(C)C)CCC1)[C@@H](C)CC)CCC(=O)[O-])CC(=O)[O-])CCC(=O)N)[C@@H](C)CC)CO)CC(C)C)CC(C)C)CCCC[NH3+])C)C)Cc1ccccc1)CCC(=O)[O-])CC(C)C)CS)CCC(=O)N)CC(C)C)CCCNC(=[NH2+])N)Cc1ccccc1)CC(=O)N)[C@H](O)C)C(C)C)Cc1ccccc1)CC(=O)N)C)CCC(=O)[O-])[C@H](O)C)[C@H](O)C)Cc1c[nH]c2ccccc12)CCC(=O)[O-])C(=O)NCC(=O)N[C@@H](CCCNC(=[NH2+])N)C(=O)N[C@@H](CC(C)C)C(=O)N[C@@H](CO)C(=O)N[C@@H](Cc1ccc(O)cc1)C(=O)N[C@@H](CS)C(=O)N[C@@H](CC(C)C)C(=O)N[C@@H](CCC(=O)[O-])C(=O)N[C@@H](CC(=O)[O-])C=O.SC[C@H](NC(=O)[C@@H](NC(=O)[C@@H](NC(=O)[C@@H](NC(=O)[C@@H](NC(=O)[C@@H](NC(=O)[C@@H](NC(=O)[C@@H](NC(=O)[C@@H](NC(=O)[C@@H](NC(=O)[C@@H](NC(=O)[C@@H](NC(=O)[C@@H](NC(=O)[C@@H](NC(=O)[C@@H](NC(=O)[C@@H](NC(=O)[C@@H](NC(=O)[C@@H](NC(=O)[C@@H](NC(=O)[C@@H](NC(=O)[C@@H](NC(=O)[C@@H](NC(=O)[C@@H](NC(=O)[C@@H](NC(=O)CNC(=O)[C@H]1N(C(=O)[C@@H](NC(=O)[C@@H](NC(=O)[C@H]2N(C(=O)[C@@H](NC(=O)[C@@H](NC(=O)[C@@H](NC(=O)[C@@H](NC(=O)[C@@H](NC(=O)[C@@H](NC(=O)[C@@H](NC(=O)[C@@H](NC(=O)[C@@H](NC(=O)[C@@H](NC(=O)[C@@H](NC(=O)[C@@H](NC(=O)[C@@H](NC(=O)[C@@H](NC(=O)[C@@H](NC(=O)[C@@H](NC(=O)[C@@H](NC(=O)[C@@H](NC(=O)[C@@H](NC(=O)[C@@H](NC(=O)[C@@H](NC(=O)[C@@H](NC(=O)[C@@H](NC(=O)[C@@H](NC(=O)[C@@H](NC(=O)[C@@H](NC(=O)[C@@H](NC(=O)[C@@H](NC(=O)[C@H]3N(C(=O)[C@@H](NC(=O)[C@@H](NC(=O)[C@@H](NC(=O)[C@@H](NC(=O)[C@@H](NC(=O)[C@@H]([NH3+])CCC(=O)N)CCC(=O)N)CC(C)C)CC(C)C)CC(C)C)CCC(=O)[O-])CCC3)CCSC)CC(C)C)CCCC[NH3+])Cc3ccccc3)Cc3nc[nH]c3)Cc3ccc(O)cc3)CCSC)CC(C)C)CCCC[NH3+])CCCC[NH3+])CC(C)C)CCC(=O)N)CC(C)C)Cc3nc[nH]c3)CCC(=O)[O-])CCC(=O)[O-])CCC(=O)[O-])Cc3ccc(O)cc3)C(C)C)CC(C)C)CCSC)CCC(=O)N)C)[C@@H](C)CC)CO)CC(C)C)Cc3ccccc3)CO)CCC2)CC(=O)[O-])CCCNC(=[NH2+])N)CCC1)C(C)C)CC(C)C)CCC(=O)N)Cc1nc[nH]c1)CCCNC(=[NH2+])N)C(C)C)C(C)C)CC(=O)[O-])CCC(=O)N)CC(C)C)CCC(=O)N)CCC(=O)[O-])CCC(=O)N)Cc1ccccc1)C)[C@@H](C)CC)[C@H](O)C)CC(C)C)CCCC[NH3+])CO)Cc1ccc(O)cc1)[C@@H](C)CC)CCC(=O)[O-])C(=O)N[C@@H](CC(=O)N)C(=O)N[C@@H](CCCNC(=[NH2+])N)C(=O)N1[C@H](C(=O)N[C@@H](CCC(=O)N)C(=O)N2[C@H](C(=O)N[C@@H](C)C(=O)N[C@@H](Cc3nc[nH]c3)C(=O)N[C@@H](CCCNC(=[NH2+])N)C(=O)N[C@@H](Cc3ccccc3)C(=O)N[C@@H](CC(C)C)C(=O)N[C@@H](Cc3ccccc3)C(=O)N[C@@H](CC(C)C)C(=O)N[C@@H](CCCC[NH3+])C(=O)N[C@@H]([C@@H](C)CC)C(=O)N[C@@H](CCSC)C(=O)N[C@@H](C)C(=O)N[C@@H](CCSC)C(=O)N[C@@H](CC(C)C)C(=O)N[C@@H]([C@H](O)C)C(=O)N[C@@H](CCC(=O)[O-])C(=O)N[C@@H](CC(C)C)C(=O)N[C@@H](CCCNC(=[NH2+])N)C(=O)N[C@@H](CO)C(=O)N[C@@H]([C@@H](C)CC)C(=O)N[C@@H](CC(=O)N)C(=O)N[C@@H](C)C(=O)N[C@@H](CCC(=O)N)C(=O)N[C@@H](Cc3nc[nH]c3)C(=O)N[C@@H]([C@H](O)C)C(=O)N[C@@H](CCC(=O)N)C(=O)N[C@@H](CCCNC(=[NH2+])N)C(=O)N[C@@H](CC(C)C)C(=O)N[C@@H](CC(C)C)C(=O)N[C@@H](CCCNC(=[NH2+])N)C(=O)N[C@@H]([C@@H](C)CC)C(=O)N[C@@H](CCC(=O)N)C(=O)N[C@@H](CC(=O)[O-])C(=O)N[C@@H]([C@@H](C)CC)C(=O)N[C@@H](Cc3nc[nH]c3)C(=O)N3[C@H](C(=O)N[C@@H](Cc4ccccc4)C(=O)N[C@@H](C)C(=O)N[C@@H]([C@H](O)C)C(=O)N4[C@H](C(=O)N[C@@H](CC(C)C)C(=O)N[C@@H](CCSC)C(=O)N[C@@H](CCC(=O)N)C(=O)N[C@@H](CCC(=O)[O-])C(=O)N[C@@H](CC(C)C)C(=O)N[C@@H](Cc5ccccc5)C(=O)NCC(=O)N[C@@H]([C@@H](C)CC)C(=O)N[C@H](C=O)[C@H](O)C)CCC4)CCC3)CCC2)CCC1.S(C)CC[C@H](NC(=O)[C@@H](NC(=O)[C@@H](NC(=O)[C@@H](NC(=O)[C@@H](NC(=O)[C@@H](NC(=O)[C@@H](NC(=O)C[NH3+])CC(C)C)[C@H](O)C)CCC(=O)[O-])CCC(=O)[O-])CCC(=O)N)CCCNC(=[NH2+])N)C(=O)N[C@@H](CCSC)C(=O)N[C@@H]([C@@H](C)CC)C(=O)N[C@@H](CCCNC(=[NH2+])N)C(=O)N[C@@H](CCC(=O)[O-])C(=O)N[C@@H](CC(C)C)C(=O)N[C@@H](CCSC)C(=O)N[C@@H](CC(=O)[O-])C(=O)N[C@@H](C)C(=O)N[C@@H](CCC(=O)N)C(=O)N[C@@H](CCSC)C(=O)N[C@@H](CCCC[NH3+])C(=O)N[C@@H]([C@H](O)C)C(=O)N[C@@H](Cc1ccccc1)C(=O)N[C@@H](CC(=O)[O-])C(=O)N[C@@H]([C@H](O)C)C(=O)N[C@@H]([C@H](O)C)C(=O)N[C@@H](Cc1ccccc1)C(=O)N[C@@H](CO)C(=O)N[C@@H](Cc1nc[nH]c1)C(=O)N[C@@H](Cc1ccccc1)C(=O)N[C@@H](CCCC[NH3+])C(=O)N[C@@H](CC(=O)N)C(=O)N[C@@H](Cc1ccccc1)C(=O)N[C@@H](CCCNC(=[NH2+])N)C(=O)N[C@@H](CC(C)C)C(=O)N1[C@H](C(=O)NCC(=O)N[C@H](C=O)C(C)C)CCC1.OC[C@H]([NH3+])C(=O)N[C@@H](CO)C(=O)N[C@@H](CC(C)C)C(=O)N[C@@H]([C@H](O)C)C(=O)N[C@@H](CCC(=O)[O-])C(=O)N[C@@H](CCCNC(=[NH2+])N)C(=O)N[C@@H](Cc1nc[nH]c1)C(=O)N[C@@H](CCCC[NH3+])C(=O)N[C@@H]([C@@H](C)CC)C(=O)N[C@@H](CC(C)C)C(=O)N[C@@H](Cc1nc[nH]c1)C(=O)N[C@@H](CCCNC(=[NH2+])N)C(=O)N[C@@H](CC(C)C)C(=O)N[C@@H](CC(C)C)C(=O)N[C@@H](CCC(=O)N)C=O"
"PXR_pdbalignments_holo_TIER1_sorted_moesession.moe","2026-05-29 13:43:33","7YFK.A",1,37,514.571,"O=C(O[C@@H]1[C@@]2(C)[C@H](C(C)(C)OC(=O)C1)CC(=O)[C@]1(C)[C@@H]2CC[C@@]2(C)[C@H](c3cocc3)OC(=O)[C@H]3O[C@@]123)C"
"PXR_pdbalignments_holo_TIER1_sorted_moesession.moe","2026-05-29 13:43:33","7YFK.A",93,93,1488,"O.O.O.O.O.O.O.O.O.O.O.O.O.O.O.O.O.O.O.O.O.O.O.O.O.O.O.O.O.O.O.O.O.O.O.O.O.O.O.O.O.O.O.O.O.O.O.O.O.O.O.O.O.O.O.O.O.O.O.O.O.O.O.O.O.O.O.O.O.O.O.O.O.O.O.O.O.O.O.O.O.O.O.O.O.O.O.O.O.O.O.O.O"
"PXR_pdbalignments_holo_TIER1_sorted_moesession.moe","2026-05-29 13:43:33","7YFK.B",94,94,1504,"O.O.O.O.O.O.O.O.O.O.O.O.O.O.O.O.O.O.O.O.O.O.O.O.O.O.O.O.O.O.O.O.O.O.O.O.O.O.O.O.O.O.O.O.O.O.O.O.O.O.O.O.O.O.O.O.O.O.O.O.O.O.O.O.O.O.O.O.O.O.O.O.O.O.O.O.O.O.O.O.O.O.O.O.O.O.O.O.O.O.O.O.O.O"
"PXR_pdbalignments_holo_TIER1_sorted_moesession.moe","2026-05-29 13:43:33","8CCT.A",267,2092,29737.7,"SC[C@H](NC(=O)[C@@H](NC(=O)[C@@H](NC(=O)[C@@H](NC(=O)CNC(=O)[C@@H](NC(=O)[C@@H](NC(=O)[C@@H](NC(=O)[C@@H](NC(=O)[C@@H](NC(=O)[C@@H](NC(=O)[C@@H](NC(=O)[C@@H](NC(=O)[C@@H](NC(=O)[C@@H](NC(=O)[C@@H](NC(=O)[C@@H](NC(=O)[C@@H](NC(=O)[C@@H](NC(=O)[C@@H](NC(=O)[C@@H](NC(=O)[C@@H](NC(=O)[C@@H](NC(=O)CNC(=O)[C@@H](NC(=O)[C@@H](NC(=O)[C@@H](NC(=O)[C@@H](NC(=O)[C@@H](NC(=O)[C@@H](NC(=O)[C@@H](NC(=O)[C@@H](NC(=O)[C@@H](NC(=O)[C@H]1N(C(=O)[C@@H](NC(=O)[C@@H](NC(=O)[C@@H](NC(=O)[C@@H](NC(=O)[C@@H](NC(=O)[C@@H](NC(=O)[C@@H](NC(=O)[C@@H](NC(=O)[C@@H](NC(=O)[C@@H](NC(=O)[C@@H](NC(=O)[C@@H](NC(=O)[C@@H](NC(=O)[C@@H](NC(=O)CNC(=O)[C@@H](NC(=O)[C@@H](NC(=O)[C@@H](NC(=O)[C@@H](NC(=O)[C@@H](NC(=O)[C@@H](NC(=O)[C@@H](NC(=O)[C@@H](NC(=O)[C@@H](NC(=O)[C@@H](NC(=O)[C@@H](NC(=O)[C@H]2N(C(=O)[C@@H](NC(=O)[C@@H](NC(=O)[C@@H](NC(=O)[C@@H](NC(=O)[C@@H](NC(=O)[C@@H](NC(=O)[C@@H](NC(=O)CNC(=O)CNC(=O)[C@@H](NC(=O)[C@@H](NC(=O)[C@@H](NC(=O)[C@H]3N(C(=O)[C@H]4N(C(=O)[C@@H](NC(=O)[C@@H](NC(=O)[C@@H](NC(=O)[C@@H](NC(=O)[C@@H](NC(=O)[C@@H](NC(=O)CNC(=O)[C@@H](NC(=O)[C@@H](NC(=O)CNC(=O)[C@@H](NC(=O)[C@@H](NC(=O)[C@@H](NC(=O)[C@@H](NC(=O)[C@@H](NC(=O)[C@@H](NC(=O)[C@@H](NC(=O)[C@@H](NC(=O)[C@@H](NC(=O)[C@@H](NC(=O)[C@@H](NC(=O)[C@@H](NC(=O)[C@@H](NC(=O)[C@@H](NC(=O)[C@@H](NC(=O)[C@@H](NC(=O)[C@@H](NC(=O)[C@@H](NC(=O)[C@@H](NC(=O)[C@@H](NC(=O)[C@@H]([NH3+])C)C)CCCC[NH3+])Cc5c[nH]c6ccccc56)CO)CCC(=O)N)C(C)C)CCCNC(=[NH2+])N)C)CC(=O)[O-])CC(C)C)CS)CO)CC(C)C)C)C(C)C)CO)CC(C)C)CCC(=O)N)CC(C)C)CCCNC(=[NH2+])N)C)CC(=O)[O-])CO)C(C)C)Cc5c[nH]c6ccccc56)CC(=O)N)Cc5ccc(O)cc5)C)CCC4)CCC3)C)CC(=O)[O-])CO)C)CCC(=O)[O-])[C@@H](C)CC)Cc3ccccc3)CO)CC(C)C)CC(C)C)CCC2)Cc2nc[nH]c2)CCSC)C)CC(=O)[O-])CCSC)CO)[C@H](O)C)Cc2ccc(O)cc2)CCSC)Cc2ccccc2)CCCC[NH3+])[C@@H](C)CC)[C@@H](C)CC)CO)Cc2ccccc2)C)CCC)C(C)C)[C@@H](C)CC)CO)Cc2ccc(O)cc2)Cc2ccccc2)CCCNC(=[NH2+])N)CC(=O)[O-])CC(C)C)CCC1)[C@@H](C)CC)CCC(=O)[O-])CC(=O)[O-])CCC(=O)N)[C@@H](C)CC)CO)CC(C)C)CC(C)C)CCCC[NH3+])C)C)Cc1ccccc1)CCC(=O)[O-])CC(C)C)CS)CCC(=O)N)CC(C)C)CCCNC(=[NH2+])N)Cc1ccccc1)CC(=O)N)[C@H](O)C)C(C)C)Cc1ccccc1)CC(=O)N)C)CCC(=O)[O-])[C@H](O)C)[C@H](O)C)Cc1c[nH]c2ccccc12)CCC(=O)[O-])C(=O)NCC(=O)N[C@@H](C)C(=O)N[C@@H](CC(C)C)C(=O)N[C@@H](CO)C(=O)N[C@@H](Cc1ccc(O)cc1)C(=O)N[C@@H](CS)C(=O)N[C@@H](CC(C)C)C(=O)N[C@@H](C)C=O.SC[C@H](NC(=O)[C@@H](NC(=O)[C@@H](NC(=O)[C@@H](NC(=O)[C@@H](NC(=O)[C@@H](NC(=O)[C@@H](NC(=O)[C@@H](NC(=O)[C@@H](NC(=O)[C@@H](NC(=O)[C@@H](NC(=O)[C@@H](NC(=O)[C@@H](NC(=O)[C@@H](NC(=O)[C@@H](NC(=O)[C@@H](NC(=O)[C@@H](NC(=O)[C@@H](NC(=O)[C@@H](NC(=O)[C@@H](NC(=O)[C@@H](NC(=O)[C@@H](NC(=O)[C@@H](NC(=O)[C@@H](NC(=O)CNC(=O)[C@H]1N(C(=O)[C@@H](NC(=O)[C@@H](NC(=O)[C@H]2N(C(=O)[C@@H](NC(=O)[C@@H](NC(=O)[C@@H](NC(=O)[C@@H](NC(=O)[C@@H](NC(=O)[C@@H](NC(=O)[C@@H](NC(=O)[C@@H](NC(=O)[C@@H](NC(=O)[C@@H](NC(=O)[C@@H](NC(=O)[C@@H](NC(=O)[C@@H](NC(=O)[C@@H](NC(=O)[C@@H](NC(=O)[C@@H](NC(=O)[C@@H](NC(=O)[C@@H](NC(=O)[C@@H](NC(=O)[C@@H](NC(=O)[C@@H](NC(=O)[C@@H](NC(=O)[C@@H](NC(=O)[C@@H](NC(=O)[C@@H](NC(=O)[C@@H](NC(=O)[C@@H](NC(=O)[C@@H](NC(=O)[C@H]3N(C(=O)[C@@H](NC(=O)[C@@H](NC(=O)[C@@H]([NH3+])C)C)CCC(=O)[O-])CCC3)CCSC)CC(C)C)C)Cc3ccccc3)Cc3nc[nH]c3)Cc3ccc(O)cc3)CCSC)CC(C)C)CCCC[NH3+])CC)CC(C)C)CCC(=O)N)CC(C)C)Cc3nc[nH]c3)CCC(=O)[O-])CCC(=O)[O-])CCC(=O)[O-])Cc3ccc(O)cc3)C(C)C)CC(C)C)CCSC)CCC(=O)N)C)[C@@H](C)CC)CO)CC(C)C)Cc3ccccc3)CO)CCC2)CC(=O)[O-])CCCNC(=[NH2+])N)CCC1)C(C)C)CC(C)C)CCC(=O)N)C[CH2])C)C(C)C)C(C)C)CC(=O)[O-])C)CC(C)C)CCC(=O)N)CCC(=O)[O-])CCC(=O)N)Cc1ccccc1)C)[C@@H](C)CC)[C@H](O)C)CC(C)C)CCCC[NH3+])CO)Cc1ccc(O)cc1)[C@@H](C)CC)CCC(=O)[O-])C(=O)N[C@@H](CC(=O)N)C(=O)N[C@@H](CCCNC(=[NH2+])N)C(=O)N1[C@H](C(=O)N[C@@H](CCC(=O)N)C(=O)N2[C@H](C(=O)N[C@@H](C)C(=O)N[C@@H](Cc3nc[nH]c3)C(=O)N[C@@H](CCCNC(=[NH2+])N)C(=O)N[C@@H](Cc3ccccc3)C(=O)N[C@@H](CC(C)C)C(=O)N[C@@H](Cc3ccccc3)C(=O)N[C@@H](CC(C)C)C(=O)N[C@@H](CCCC[NH3+])C(=O)N[C@@H]([C@@H](C)CC)C(=O)N[C@@H](CCSC)C(=O)N[C@@H](C)C(=O)N[C@@H](CCSC)C(=O)N[C@@H](CC(C)C)C(=O)N[C@@H]([C@H](O)C)C(=O)N[C@@H](CCC(=O)[O-])C(=O)N[C@@H](CC(C)C)C(=O)N[C@@H](CCCNC(=[NH2+])N)C(=O)N[C@@H](CO)C(=O)N[C@@H]([C@@H](C)CC)C(=O)N[C@@H](CC(=O)N)C(=O)N[C@@H](C)C(=O)N[C@@H](CCC(=O)N)C(=O)N[C@@H](Cc3nc[nH]c3)C(=O)N[C@@H]([C@H](O)C)C(=O)N[C@@H](CCC(=O)N)C(=O)N[C@@H](CCCNC(=[NH2+])N)C(=O)N[C@@H](CC(C)C)C(=O)N[C@@H](CC(C)C)C(=O)N[C@@H](CCCNC(=[NH2+])N)C(=O)N[C@@H]([C@@H](C)CC)C(=O)N[C@@H](CCC(=O)N)C(=O)N[C@@H](CC(=O)[O-])C(=O)N[C@@H]([C@@H](C)CC)C(=O)N[C@@H](Cc3nc[nH]c3)C(=O)N3[C@H](C(=O)N[C@@H](Cc4ccccc4)C(=O)N[C@@H](C)C(=O)N[C@@H]([C@H](O)C)C(=O)N4[C@H](C(=O)N[C@@H](CC(C)C)C(=O)N[C@@H](CCSC)C(=O)N[C@@H](CCC(=O)N)C(=O)N[C@@H](CCC(=O)[O-])C(=O)N[C@@H](CC(C)C)C(=O)N[C@@H](Cc5ccccc5)C(=O)NCC(=O)N[C@@H]([C@@H](C)CC)C(=O)N[C@@H]([C@H](O)C)C(=O)NCC(=O)N[C@@H](CO)C=O)CCC4)CCC3)CCC2)CCC1.S(C)CC[C@H](NC(=O)[C@@H](NC(=O)[C@@H](NC(=O)[C@@H](NC(=O)[C@@H](NC(=O)[C@@H](NC(=O)[C@@H](NC(=O)[C@@H](NC(=O)[C@@H](NC(=O)[C@@H](NC(=O)[C@@H](NC(=O)[C@@H](NC(=O)[C@@H](NC(=O)[C@@H](NC(=O)[C@@H](NC(=O)[C@@H](NC(=O)[C@@H](NC(=O)C[NH3+])CC(C)C)[C@H](O)C)CCC(=O)[O-])C)CCC(=O)N)CCCNC(=[NH2+])N)C)CCSC)[C@@H](C)CC)C)CCC(=O)[O-])CC(C)C)CCSC)CC(=O)[O-])C)CCC(=O)N)C(=O)N[C@@H](CCCC[NH3+])C(=O)N[C@@H]([C@H](O)C)C(=O)N[C@@H](Cc1ccccc1)C(=O)N[C@@H](CC(=O)[O-])C(=O)N[C@@H]([C@H](O)C)C(=O)N[C@@H]([C@H](O)C)C(=O)N[C@@H](Cc1ccccc1)C(=O)N[C@@H](CO)C(=O)N[C@@H](Cc1nc[nH]c1)C(=O)N[C@@H](Cc1ccccc1)C(=O)N[C@@H](C)C(=O)N[C@@H](CC(=O)N)C(=O)N[C@@H](Cc1ccccc1)C(=O)N[C@@H](CCCNC(=[NH2+])N)C(=O)N[C@@H](CC(C)C)C(=O)N1[C@H](C(=O)NCC(=O)N[C@@H](C(C)C)C(=O)N[C@@H](C)C=O)CCC1"
"PXR_pdbalignments_holo_TIER1_sorted_moesession.moe","2026-05-29 13:43:33","8CCT_strong.A",1,19,297.181,"Clc1c(O)ccc(C(C)(C)c2cc(Cl)c(O)cc2)c1"
"PXR_pdbalignments_holo_TIER1_sorted_moesession.moe","2026-05-29 13:43:33","8CCT.A",11,11,176,"O.O.O.O.O.O.O.O.O.O.O"
"PXR_pdbalignments_holo_TIER1_sorted_moesession.moe","2026-05-29 13:43:33","8CF9.A",270,2139,30423.7,"SC[C@H](NC(=O)[C@@H](NC(=O)[C@@H](NC(=O)[C@@H](NC(=O)CNC(=O)[C@@H](NC(=O)[C@@H](NC(=O)[C@@H](NC(=O)[C@@H](NC(=O)[C@@H](NC(=O)[C@@H](NC(=O)[C@@H](NC(=O)[C@@H](NC(=O)[C@@H](NC(=O)[C@@H](NC(=O)[C@@H](NC(=O)[C@@H](NC(=O)[C@@H](NC(=O)[C@@H](NC(=O)[C@@H](NC(=O)[C@@H](NC(=O)[C@@H](NC(=O)[C@@H](NC(=O)CNC(=O)[C@@H](NC(=O)[C@@H](NC(=O)[C@@H](NC(=O)[C@@H](NC(=O)[C@@H](NC(=O)[C@@H](NC(=O)[C@@H](NC(=O)[C@@H](NC(=O)[C@@H](NC(=O)[C@H]1N(C(=O)[C@@H](NC(=O)[C@@H](NC(=O)[C@@H](NC(=O)[C@@H](NC(=O)[C@@H](NC(=O)[C@@H](NC(=O)[C@@H](NC(=O)[C@@H](NC(=O)[C@@H](NC(=O)[C@@H](NC(=O)[C@@H](NC(=O)[C@@H](NC(=O)[C@@H](NC(=O)[C@@H](NC(=O)CNC(=O)[C@@H](NC(=O)[C@@H](NC(=O)[C@@H](NC(=O)[C@@H](NC(=O)[C@@H](NC(=O)[C@@H](NC(=O)[C@@H](NC(=O)[C@@H](NC(=O)[C@@H](NC(=O)[C@@H](NC(=O)[C@@H](NC(=O)[C@H]2N(C(=O)[C@@H](NC(=O)[C@@H](NC(=O)[C@@H](NC(=O)[C@@H](NC(=O)[C@@H](NC(=O)[C@@H](NC(=O)[C@@H](NC(=O)CNC(=O)CNC(=O)[C@@H](NC(=O)[C@@H](NC(=O)[C@@H](NC(=O)[C@H]3N(C(=O)[C@H]4N(C(=O)[C@@H](NC(=O)[C@@H](NC(=O)[C@@H](NC(=O)[C@@H](NC(=O)[C@@H](NC(=O)[C@@H](NC(=O)CNC(=O)[C@@H](NC(=O)[C@@H](NC(=O)CNC(=O)[C@@H](NC(=O)[C@@H](NC(=O)[C@@H](NC(=O)[C@@H](NC(=O)[C@@H](NC(=O)[C@@H](NC(=O)[C@@H](NC(=O)[C@@H](NC(=O)[C@@H](NC(=O)[C@@H](NC(=O)[C@@H](NC(=O)[C@@H](NC(=O)[C@@H](NC(=O)[C@@H](NC(=O)[C@@H](NC(=O)[C@@H](NC(=O)[C@@H](NC(=O)[C@@H](NC(=O)[C@@H](NC(=O)[C@@H](NC(=O)[C@@H]([NH3+])C)C)C)Cc5c[nH]c6ccccc56)CO)CCC(=O)N)C(C)C)C)C)CC(=O)[O-])CC(C)C)CS)CO)CC(C)C)CC)C(C)C)CO)CC(C)C)CCC(=O)N)CC(C)C)CCCNC(=[NH2+])N)C)CC(=O)[O-])CO)C(C)C)Cc5c[nH]c6ccccc56)CC(=O)N)Cc5ccc(O)cc5)CC)CCC4)CCC3)C)CC(=O)[O-])C)C)CCC(=O)[O-])[C@@H](C)CC)Cc3ccccc3)CO)CC(C)C)CC(C)C)CCC2)Cc2nc[nH]c2)CCSC)C)CC(=O)[O-])CCSC)CO)[C@H](O)C)Cc2ccc(O)cc2)CCSC)Cc2ccccc2)CCCC[NH3+])[C@@H](C)CC)[C@@H](C)CC)CO)Cc2ccccc2)C)CCCC[NH3+])C(C)C)[C@@H](C)CC)CO)Cc2ccc(O)cc2)Cc2ccccc2)CCCNC(=[NH2+])N)CC(=O)[O-])CC(C)C)CCC1)[C@@H](C)CC)CCC(=O)[O-])CC(=O)[O-])CCC(=O)N)[C@@H](C)CC)CO)CC(C)C)CC(C)C)CCCC[NH3+])C)C)Cc1ccccc1)CCC(=O)[O-])CC(C)C)CS)CCC(=O)N)CC(C)C)CCCNC(=[NH2+])N)Cc1ccccc1)CC(=O)N)[C@H](O)C)C(C)C)Cc1ccccc1)CC(=O)N)C)CCC(=O)[O-])[C@H](O)C)[C@H](O)C)Cc1c[nH]c2ccccc12)CCC(=O)[O-])C(=O)NCC(=O)N[C@@H](CCCNC(=[NH2+])N)C(=O)N[C@@H](CC(C)C)C(=O)N[C@@H](CO)C(=O)N[C@@H](Cc1ccc(O)cc1)C(=O)N[C@@H](CS)C(=O)N[C@@H](CC(C)C)C(=O)N[C@@H](CCC(=O)[O-])C=O.SC[C@H](NC(=O)[C@@H](NC(=O)[C@@H](NC(=O)[C@@H](NC(=O)[C@@H](NC(=O)[C@@H](NC(=O)[C@@H](NC(=O)[C@@H](NC(=O)[C@@H](NC(=O)[C@@H](NC(=O)[C@@H](NC(=O)[C@@H](NC(=O)[C@@H](NC(=O)[C@@H](NC(=O)[C@@H](NC(=O)[C@@H](NC(=O)[C@@H](NC(=O)[C@@H](NC(=O)[C@@H](NC(=O)[C@@H](NC(=O)[C@@H](NC(=O)[C@@H](NC(=O)[C@@H](NC(=O)[C@@H](NC(=O)CNC(=O)[C@H]1N(C(=O)[C@@H](NC(=O)[C@@H](NC(=O)[C@H]2N(C(=O)[C@@H](NC(=O)[C@@H](NC(=O)[C@@H](NC(=O)[C@@H](NC(=O)[C@@H](NC(=O)[C@@H](NC(=O)[C@@H](NC(=O)[C@@H](NC(=O)[C@@H](NC(=O)[C@@H](NC(=O)[C@@H](NC(=O)[C@@H](NC(=O)[C@@H](NC(=O)[C@@H](NC(=O)[C@@H](NC(=O)[C@@H](NC(=O)[C@@H](NC(=O)[C@@H](NC(=O)[C@@H](NC(=O)[C@@H](NC(=O)[C@@H](NC(=O)[C@@H](NC(=O)[C@@H](NC(=O)[C@@H](NC(=O)[C@@H](NC(=O)[C@@H](NC(=O)[C@@H](NC(=O)[C@@H](NC(=O)[C@H]3N(C(=O)[C@@H](NC(=O)[C@@H](NC(=O)[C@@H](NC(=O)[C@@H](NC(=O)[C@@H](NC(=O)[C@@H]([NH3+])C)C)C)CC(C)C)CC(C)C)CCC(=O)[O-])CCC3)CCSC)CC(C)C)CC)Cc3ccccc3)Cc3nc[nH]c3)Cc3ccc(O)cc3)CCSC)CC(C)C)CCCC[NH3+])CCCC[NH3+])CC(C)C)CCC(=O)N)CC(C)C)Cc3nc[nH]c3)CCC(=O)[O-])CCC(=O)[O-])CCC(=O)[O-])Cc3ccc(O)cc3)C(C)C)CC(C)C)CCSC)CCC(=O)N)C)[C@@H](C)CC)CO)CC(C)C)Cc3ccccc3)CO)CCC2)CC(=O)[O-])CCCNC(=[NH2+])N)CCC1)C(C)C)CC(C)C)CCC(=O)N)C[CH2])CC)C(C)C)C(C)C)CC(=O)[O-])CC)CC(C)C)CCC(=O)N)CCC(=O)[O-])CCC(=O)N)Cc1ccccc1)C)[C@@H](C)CC)[C@H](O)C)CC(C)C)CCCC[NH3+])CO)Cc1ccc(O)cc1)[C@@H](C)CC)CCC(=O)[O-])C(=O)N[C@@H](CC(=O)N)C(=O)N[C@@H](CCCNC(=[NH2+])N)C(=O)N1[C@H](C(=O)N[C@@H](CCC(=O)N)C(=O)N2[C@H](C(=O)N[C@@H](C)C(=O)N[C@@H](Cc3nc[nH]c3)C(=O)N[C@@H](CCCNC(=[NH2+])N)C(=O)N[C@@H](Cc3ccccc3)C(=O)N[C@@H](CC(C)C)C(=O)N[C@@H](Cc3ccccc3)C(=O)N[C@@H](CC(C)C)C(=O)N[C@@H](CCCC[NH3+])C(=O)N[C@@H]([C@@H](C)CC)C(=O)N[C@@H](CCSC)C(=O)N[C@@H](C)C(=O)N[C@@H](CCSC)C(=O)N[C@@H](CC(C)C)C(=O)N[C@@H]([C@H](O)C)C(=O)N[C@@H](CCC(=O)[O-])C(=O)N[C@@H](CC(C)C)C(=O)N[C@@H](CCCNC(=[NH2+])N)C(=O)N[C@@H](CO)C(=O)N[C@@H]([C@@H](C)CC)C(=O)N[C@@H](CC(=O)N)C(=O)N[C@@H](C)C(=O)N[C@@H](CCC(=O)N)C(=O)N[C@@H](Cc3nc[nH]c3)C(=O)N[C@@H]([C@H](O)C)C(=O)N[C@@H](CCC(=O)N)C(=O)N[C@@H](CCCNC(=[NH2+])N)C(=O)N[C@@H](CC(C)C)C(=O)N[C@@H](CC(C)C)C(=O)N[C@@H](CCCNC(=[NH2+])N)C(=O)N[C@@H]([C@@H](C)CC)C(=O)N[C@@H](CCC(=O)N)C(=O)N[C@@H](CC(=O)[O-])C(=O)N[C@@H]([C@@H](C)CC)C(=O)N[C@@H](Cc3nc[nH]c3)C(=O)N3[C@H](C(=O)N[C@@H](Cc4ccccc4)C(=O)N[C@@H](C)C(=O)N[C@@H]([C@H](O)C)C(=O)N4[C@H](C(=O)N[C@@H](CC(C)C)C(=O)N[C@@H](CCSC)C(=O)N[C@@H](CCC(=O)N)C(=O)N[C@@H](CCC(=O)[O-])C(=O)N[C@@H](CC(C)C)C(=O)N[C@@H](Cc5ccccc5)C(=O)NCC(=O)N[C@@H]([C@@H](C)CC)C(=O)N[C@@H]([C@H](O)C)C(=O)NCC(=O)N[C@@H](CO)C=O)CCC4)CCC3)CCC2)CCC1.S(C)CC[C@H](NC(=O)[C@@H](NC(=O)[C@@H](NC(=O)[C@@H](NC(=O)[C@@H](NC(=O)[C@@H](NC(=O)[C@@H](NC(=O)C[NH3+])CC(C)C)[C@H](O)C)CCC(=O)[O-])CCC(=O)[O-])CCC(=O)N)CCC[NH2+])C(=O)N[C@@H](CCSC)C(=O)N[C@@H]([C@@H](C)CC)C(=O)N[C@@H](CCCNC(=[NH2+])N)C(=O)N[C@@H](CCC(=O)[O-])C(=O)N[C@@H](CC(C)C)C(=O)N[C@@H](CCSC)C(=O)N[C@@H](CC(=O)[O-])C(=O)N[C@@H](C)C(=O)N[C@@H](CCC(=O)N)C(=O)N[C@@H](CCSC)C(=O)N[C@@H](CCCC[NH3+])C(=O)N[C@@H]([C@H](O)C)C(=O)N[C@@H](Cc1ccccc1)C(=O)N[C@@H](CC(=O)[O-])C(=O)N[C@@H]([C@H](O)C)C(=O)N[C@@H]([C@H](O)C)C(=O)N[C@@H](Cc1ccccc1)C(=O)N[C@@H](CO)C(=O)N[C@@H](Cc1nc[nH]c1)C(=O)N[C@@H](Cc1ccccc1)C(=O)N[C@@H](CCCC[NH3+])C(=O)N[C@@H](CC(=O)N)C(=O)N[C@@H](Cc1ccccc1)C(=O)N[C@@H](CCCNC(=[NH2+])N)C(=O)N[C@@H](CC(C)C)C(=O)N1[C@H](C(=O)NCC(=O)N[C@@H](C(C)C)C(=O)N[C@@H](CC(C)C)C=O)CCC1"
"PXR_pdbalignments_holo_TIER1_sorted_moesession.moe","2026-05-29 13:43:33","8CF9.A",1,22,308.506,"O[C@](C)(CC[C@H]1[C@@](O)(C)CC[C@H]2C(C)(C)CCC[C@]12C)C=C"
"PXR_pdbalignments_holo_TIER1_sorted_moesession.moe","2026-05-29 13:43:33","8CF9.A",126,126,2016,"O.O.O.O.O.O.O.O.O.O.O.O.O.O.O.O.O.O.O.O.O.O.O.O.O.O.O.O.O.O.O.O.O.O.O.O.O.O.O.O.O.O.O.O.O.O.O.O.O.O.O.O.O.O.O.O.O.O.O.O.O.O.O.O.O.O.O.O.O.O.O.O.O.O.O.O.O.O.O.O.O.O.O.O.O.O.O.O.O.O.O.O.O.O.O.O.O.O.O.O.O.O.O.O.O.O.O.O.O.O.O.O.O.O.O.O.O.O.O.O.O.O.O.O.O.O"
"PXR_pdbalignments_holo_TIER1_sorted_moesession.moe","2026-05-29 13:43:33","8E3N.A",275,2196,31227.6,"SC[C@H](NC(=O)[C@@H](NC(=O)[C@@H](NC(=O)[C@@H](NC(=O)CNC(=O)[C@@H](NC(=O)[C@@H](NC(=O)[C@@H](NC(=O)[C@@H](NC(=O)[C@@H](NC(=O)[C@@H](NC(=O)[C@@H](NC(=O)[C@@H](NC(=O)[C@@H](NC(=O)[C@@H](NC(=O)[C@@H](NC(=O)[C@@H](NC(=O)[C@@H](NC(=O)[C@@H](NC(=O)[C@@H](NC(=O)[C@@H](NC(=O)[C@@H](NC(=O)[C@@H](NC(=O)CNC(=O)[C@@H](NC(=O)[C@@H](NC(=O)[C@@H](NC(=O)[C@@H](NC(=O)[C@@H](NC(=O)[C@@H](NC(=O)[C@@H](NC(=O)[C@@H](NC(=O)[C@@H](NC(=O)[C@H]1N(C(=O)[C@@H](NC(=O)[C@@H](NC(=O)[C@@H](NC(=O)[C@@H](NC(=O)[C@@H](NC(=O)[C@@H](NC(=O)[C@@H](NC(=O)[C@@H](NC(=O)[C@@H](NC(=O)[C@@H](NC(=O)[C@@H](NC(=O)[C@@H](NC(=O)[C@@H](NC(=O)[C@@H](NC(=O)CNC(=O)[C@@H](NC(=O)[C@@H](NC(=O)[C@@H](NC(=O)[C@@H](NC(=O)[C@@H](NC(=O)[C@@H](NC(=O)[C@@H](NC(=O)[C@@H](NC(=O)[C@@H](NC(=O)[C@@H](NC(=O)[C@@H](NC(=O)[C@H]2N(C(=O)[C@@H](NC(=O)[C@@H](NC(=O)[C@@H](NC(=O)[C@@H](NC(=O)[C@@H](NC(=O)[C@@H](NC(=O)[C@@H](NC(=O)CNC(=O)CNC(=O)[C@@H](NC(=O)[C@@H](NC(=O)[C@@H](NC(=O)[C@H]3N(C(=O)[C@H]4N(C(=O)[C@@H](NC(=O)[C@@H](NC(=O)[C@@H](NC(=O)[C@@H](NC(=O)[C@@H](NC(=O)[C@@H](NC(=O)CNC(=O)[C@@H](NC(=O)[C@@H](NC(=O)CNC(=O)[C@@H](NC(=O)[C@@H](NC(=O)[C@@H](NC(=O)[C@@H](NC(=O)[C@@H](NC(=O)[C@@H](NC(=O)[C@@H](NC(=O)[C@@H](NC(=O)[C@@H](NC(=O)[C@@H](NC(=O)[C@@H](NC(=O)[C@@H](NC(=O)[C@@H](NC(=O)[C@@H](NC(=O)[C@@H](NC(=O)[C@@H](NC(=O)[C@@H](NC(=O)[C@@H](NC(=O)[C@@H](NC(=O)[C@@H](NC(=O)[C@@H]([NH3+])C)C)CCCC[NH3+])Cc5c[nH]c6ccccc56)CO)C)C(C)C)CCCNC(=[NH2+])N)CCCC[NH3+])CC(=O)[O-])CC(C)C)CS)CO)C)C)C(C)C)CO)CC(C)C)CCC(=O)N)CC(C)C)CCCNC(=[NH2+])N)CCC(=O)[O-])CC(=O)[O-])CO)C(C)C)Cc5c[nH]c6ccccc56)CC(=O)N)Cc5ccc(O)cc5)CCCC[NH3+])CCC4)CCC3)C)CC(=O)[O-])CO)C)CCC(=O)[O-])[C@@H](C)CC)Cc3ccccc3)CO)CC(C)C)CC(C)C)CCC2)Cc2nc[nH]c2)CCSC)C)CC(=O)[O-])CCSC)CO)[C@H](O)C)Cc2ccc(O)cc2)CCSC)Cc2ccccc2)CCCC[NH3+])[C@@H](C)CC)[C@@H](C)CC)CO)Cc2ccccc2)C)CCCC[NH3+])C(C)C)[C@@H](C)CC)CO)Cc2ccc(O)cc2)Cc2ccccc2)CCCNC(=[NH2+])N)CC(=O)[O-])CC(C)C)CCC1)[C@@H](C)CC)CCC(=O)[O-])CC(=O)[O-])CCC(=O)N)[C@@H](C)CC)CO)CC(C)C)CC(C)C)CCCC[NH3+])C)C)Cc1ccccc1)CCC(=O)[O-])CC(C)C)CS)CCC(=O)N)CC(C)C)CCCNC(=[NH2+])N)Cc1ccccc1)CC(=O)N)[C@H](O)C)C(C)C)Cc1ccccc1)CC(=O)N)C)CCC(=O)[O-])[C@H](O)C)[C@H](O)C)Cc1c[nH]c2ccccc12)CCC(=O)[O-])C(=O)NCC(=O)N[C@@H](CCCNC(=[NH2+])N)C(=O)N[C@@H](CC(C)C)C(=O)N[C@@H](CO)C(=O)N[C@@H](Cc1ccc(O)cc1)C(=O)N[C@@H](CS)C(=O)N[C@@H](CC(C)C)C(=O)N[C@@H](C)C(=O)N[C@@H](C)C(=O)N[C@@H](C)C(=O)N[C@@H](C)C(=O)NCC(=O)NCC(=O)N[C@@H](Cc1ccccc1)C(=O)N[C@@H](CCC(=O)N)C(=O)N[C@@H](CCC(=O)N)C(=O)N[C@@H](CC(C)C)C(=O)N[C@@H](CC(C)C)C(=O)N[C@@H](CC(C)C)C(=O)N[C@@H](CCC(=O)[O-])C(=O)N1[C@H](C(=O)N[C@@H](CCSC)C(=O)N[C@@H](CC(C)C)C(=O)N[C@@H](CCCC[NH3+])C(=O)N[C@@H](Cc2ccccc2)C(=O)N[C@@H](Cc2nc[nH]c2)C(=O)N[C@@H](Cc2ccc(O)cc2)C(=O)N[C@@H](CCSC)C(=O)N[C@@H](CC(C)C)C(=O)N[C@@H](CCCC[NH3+])C(=O)N[C@@H](CCCC[NH3+])C(=O)N[C@@H](CC(C)C)C(=O)N[C@@H](CCC(=O)N)C(=O)N[C@@H](CC(C)C)C(=O)N[C@@H](Cc2nc[nH]c2)C(=O)N[C@@H](CCC(=O)[O-])C(=O)N[C@@H](CCC(=O)[O-])C(=O)N[C@@H](CCC(=O)[O-])C(=O)N[C@@H](Cc2ccc(O)cc2)C(=O)N[C@@H](C(C)C)C(=O)N[C@@H](CC(C)C)C(=O)N[C@@H](CCSC)C(=O)N[C@@H](CCC(=O)N)C(=O)N[C@@H](C)C(=O)N[C@@H]([C@@H](C)CC)C(=O)N[C@@H](CO)C(=O)N[C@@H](CC(C)C)C(=O)N[C@@H](Cc2ccccc2)C(=O)N[C@@H](CO)C(=O)N2[C@H](C(=O)N[C@@H](CC(=O)[O-])C(=O)N[C@@H](CCCNC(=[NH2+])N)C(=O)N3[C@H](C(=O)NCC(=O)N[C@@H](C(C)C)C(=O)N[C@@H](CC(C)C)C(=O)N[C@@H](CCC(=O)N)C(=O)N[C@@H](Cc4nc[nH]c4)C(=O)N[C@@H](C)C(=O)N[C@@H](C(C)C)C(=O)N[C@@H](C(C)C)C(=O)N[C@@H](CC(=O)[O-])C(=O)N[C@@H](CCC(=O)N)C(=O)N[C@@H](CC(C)C)C(=O)N[C@@H](CCC(=O)N)C(=O)N[C@@H](CCC(=O)[O-])C(=O)N[C@@H](CCC(=O)N)C(=O)N[C@@H](Cc4ccccc4)C(=O)N[C@@H](C)C(=O)N[C@@H]([C@@H](C)CC)C(=O)N[C@@H]([C@H](O)C)C(=O)N[C@@H](CC(C)C)C(=O)N[C@@H](CCCC[NH3+])C(=O)N[C@@H](CO)C(=O)N[C@@H](Cc4ccc(O)cc4)C(=O)N[C@@H]([C@@H](C)CC)C(=O)N[C@@H](CCC(=O)[O-])C(=O)N[C@@H](CS)C(=O)N[C@@H](CC(=O)N)C(=O)N[C@@H](CCCNC(=[NH2+])N)C(=O)N4[C@H](C(=O)N[C@@H](CCC(=O)N)C(=O)N5[C@H](C(=O)N[C@@H](C)C(=O)N[C@@H](Cc6nc[nH]c6)C(=O)N[C@@H](CCCNC(=[NH2+])N)C(=O)N[C@@H](Cc6ccccc6)C(=O)N[C@@H](CC(C)C)C(=O)N[C@@H](Cc6ccccc6)C(=O)N[C@@H](CC(C)C)C(=O)N[C@@H](CCCC[NH3+])C(=O)N[C@@H]([C@@H](C)CC)C(=O)N[C@@H](CCSC)C(=O)N[C@@H](C)C(=O)N[C@@H](CCSC)C(=O)N[C@@H](CC(C)C)C(=O)N[C@@H]([C@H](O)C)C(=O)N[C@@H](CCC(=O)[O-])C(=O)N[C@@H](CC(C)C)C(=O)N[C@@H](CCCNC(=[NH2+])N)C(=O)N[C@@H](CO)C(=O)N[C@@H]([C@@H](C)CC)C(=O)N[C@@H](CC(=O)N)C(=O)N[C@@H](C)C(=O)N[C@@H](CCC(=O)N)C(=O)N[C@@H](Cc6nc[nH]c6)C(=O)N[C@@H]([C@H](O)C)C(=O)N[C@@H](CCC(=O)N)C(=O)N[C@@H](CCCNC(=[NH2+])N)C(=O)N[C@@H](CC(C)C)C(=O)N[C@@H](CC(C)C)C(=O)N[C@@H](CCCNC(=[NH2+])N)C(=O)N[C@@H]([C@@H](C)CC)C(=O)N[C@@H](CCC(=O)N)C(=O)N[C@@H](CC(=O)[O-])C(=O)N[C@@H]([C@@H](C)CC)C(=O)N[C@@H](Cc6nc[nH]c6)C(=O)N6[C@H](C(=O)N[C@@H](Cc7ccccc7)C(=O)N[C@@H](C)C(=O)N[C@@H]([C@H](O)C)C(=O)N7[C@H](C(=O)N[C@@H](CC(C)C)C(=O)N[C@@H](CCSC)C(=O)N[C@@H](CCC(=O)N)C(=O)N[C@@H](CCC(=O)[O-])C(=O)N[C@@H](CC(C)C)C(=O)N[C@@H](Cc8ccccc8)C(=O)NCC(=O)N[C@@H]([C@@H](C)CC)C(=O)N[C@@H]([C@H](O)C)C(=O)NCC(=O)N[C@@H](CO)C=O)CCC7)CCC6)CCC5)CCC4)CCC3)CCC2)CCC1.S(C)CC[C@H](NC(=O)[C@@H](NC(=O)[C@@H](NC(=O)[C@@H](NC(=O)[C@@H](NC(=O)[C@@H](NC(=O)[C@@H](NC(=O)C[NH3+])CC(C)C)[C@H](O)C)CCC(=O)[O-])CCC(=O)[O-])CCC(=O)N)CCCNC(=[NH2+])N)C(=O)N[C@@H](CCSC)C(=O)N[C@@H]([C@@H](C)CC)C(=O)N[C@@H](CCCNC(=[NH2+])N)C(=O)N[C@@H](CCC(=O)[O-])C(=O)N[C@@H](CC(C)C)C(=O)N[C@@H](CCSC)C(=O)N[C@@H](CC(=O)[O-])C(=O)N[C@@H](C)C(=O)N[C@@H](CCC(=O)N)C(=O)N[C@@H](CCSC)C(=O)N[C@@H](CCCC[NH3+])C(=O)N[C@@H]([C@H](O)C)C(=O)N[C@@H](Cc1ccccc1)C(=O)N[C@@H](CC(=O)[O-])C(=O)N[C@@H]([C@H](O)C)C(=O)N[C@@H]([C@H](O)C)C(=O)N[C@@H](Cc1ccccc1)C(=O)N[C@@H](CO)C(=O)N[C@@H](Cc1nc[nH]c1)C(=O)N[C@@H](Cc1ccccc1)C(=O)N[C@@H](CCCC[NH3+])C(=O)N[C@@H](CC(=O)N)C(=O)N[C@@H](Cc1ccccc1)C(=O)N[C@@H](CCCNC(=[NH2+])N)C(=O)N[C@@H](CC(C)C)C(=O)N1[C@H](C(=O)NCC(=O)N[C@@H](C)C=O)CCC1"
"PXR_pdbalignments_holo_TIER1_sorted_moesession.moe","2026-05-29 13:43:33","8E3N.A",1,50,695.762,"O[C@@H]1[C@H](C)[C@@H](O)[C@@H](C)C=CC=C(C)C(=O)NC=2C(=O)c3c(O)c(C)c4O[C@@](C)(C(=O)c4c3C(=O)C=2)OC=C[C@H](OC)[C@@H](C)[C@@H](OC(=O)C)[C@@H]1C"
"PXR_pdbalignments_holo_TIER1_sorted_moesession.moe","2026-05-29 13:43:33","8E3N.A",111,111,1776,"O.O.O.O.O.O.O.O.O.O.O.O.O.O.O.O.O.O.O.O.O.O.O.O.O.O.O.O.O.O.O.O.O.O.O.O.O.O.O.O.O.O.O.O.O.O.O.O.O.O.O.O.O.O.O.O.O.O.O.O.O.O.O.O.O.O.O.O.O.O.O.O.O.O.O.O.O.O.O.O.O.O.O.O.O.O.O.O.O.O.O.O.O.O.O.O.O.O.O.O.O.O.O.O.O.O.O.O.O.O.O"
"PXR_pdbalignments_holo_TIER1_sorted_moesession.moe","2026-05-29 13:43:33","8EQZ.A",292,2320,32991.7,"SC[C@H](NC(=O)[C@@H](NC(=O)[C@@H](NC(=O)[C@@H](NC(=O)CNC(=O)[C@@H](NC(=O)[C@@H](NC(=O)[C@@H](NC(=O)[C@@H](NC(=O)[C@@H](NC(=O)[C@@H](NC(=O)[C@@H](NC(=O)[C@@H](NC(=O)[C@@H](NC(=O)[C@@H](NC(=O)[C@@H](NC(=O)[C@@H](NC(=O)[C@@H](NC(=O)[C@@H](NC(=O)[C@@H](NC(=O)[C@@H](NC(=O)[C@@H](NC(=O)[C@@H](NC(=O)CNC(=O)[C@@H](NC(=O)[C@@H](NC(=O)[C@@H](NC(=O)[C@@H](NC(=O)[C@@H](NC(=O)[C@@H](NC(=O)[C@@H](NC(=O)[C@@H](NC(=O)[C@@H](NC(=O)[C@H]1N(C(=O)[C@@H](NC(=O)[C@@H](NC(=O)[C@@H](NC(=O)[C@@H](NC(=O)[C@@H](NC(=O)[C@@H](NC(=O)[C@@H](NC(=O)[C@@H](NC(=O)[C@@H](NC(=O)[C@@H](NC(=O)[C@@H](NC(=O)[C@@H](NC(=O)[C@@H](NC(=O)[C@@H](NC(=O)CNC(=O)[C@@H](NC(=O)[C@@H](NC(=O)[C@@H](NC(=O)[C@@H](NC(=O)[C@@H](NC(=O)[C@@H](NC(=O)[C@@H](NC(=O)[C@@H](NC(=O)[C@@H](NC(=O)[C@@H](NC(=O)[C@@H](NC(=O)[C@H]2N(C(=O)[C@@H](NC(=O)[C@@H](NC(=O)[C@@H](NC(=O)[C@@H](NC(=O)[C@@H](NC(=O)[C@@H](NC(=O)[C@@H](NC(=O)CNC(=O)CNC(=O)[C@@H](NC(=O)[C@@H](NC(=O)[C@@H](NC(=O)[C@H]3N(C(=O)[C@H]4N(C(=O)[C@@H](NC(=O)[C@@H](NC(=O)[C@@H](NC(=O)[C@@H](NC(=O)[C@@H](NC(=O)[C@@H](NC(=O)CNC(=O)[C@@H](NC(=O)[C@@H](NC(=O)CNC(=O)[C@@H](NC(=O)[C@@H](NC(=O)[C@@H](NC(=O)[C@@H](NC(=O)[C@@H](NC(=O)[C@@H](NC(=O)[C@@H](NC(=O)[C@@H](NC(=O)[C@@H](NC(=O)[C@@H](NC(=O)[C@@H](NC(=O)[C@@H](NC(=O)[C@@H](NC(=O)[C@@H](NC(=O)[C@@H](NC(=O)[C@@H](NC(=O)[C@@H](NC(=O)[C@@H](NC(=O)[C@@H](NC(=O)[C@@H](NC(=O)[C@@H](NC(=O)[C@@H](NC(=O)[C@@H](NC(=O)[C@@H]([NH3+])C)C)CCC(=O)[O-])C)C)CCCC[NH3+])Cc5c[nH]c6ccccc56)CO)CCC(=O)N)C(C)C)CCCNC(=[NH2+])N)CCCC[NH3+])CC(=O)[O-])CC(C)C)CS)CO)CC(C)C)C)C(C)C)CO)CC(C)C)CCC(=O)N)CC(C)C)CCCNC(=[NH2+])N)C)CC(=O)[O-])CO)C(C)C)Cc5c[nH]c6ccccc56)CC(=O)N)Cc5ccc(O)cc5)CCCC[NH3+])CCC4)CCC3)C)CC(=O)[O-])CO)C)CCC(=O)[O-])[C@@H](C)CC)Cc3ccccc3)CO)CC(C)C)CC(C)C)CCC2)Cc2nc[nH]c2)CCSC)C)CC(=O)[O-])CCSC)CO)[C@H](O)C)Cc2ccc(O)cc2)CCSC)Cc2ccccc2)CCCC[NH3+])[C@@H](C)CC)[C@@H](C)CC)CO)Cc2ccccc2)C)CCCC[NH3+])C(C)C)[C@@H](C)CC)CO)Cc2ccc(O)cc2)Cc2ccccc2)CCCNC(=[NH2+])N)CC(=O)[O-])CC(C)C)CCC1)[C@@H](C)CC)C)CC(=O)[O-])CCC(=O)N)[C@@H](C)CC)CO)CC(C)C)CC(C)C)CCCC[NH3+])C)C)Cc1ccccc1)CCC(=O)[O-])CC(C)C)CS)CCC(=O)N)CC(C)C)CCCNC(=[NH2+])N)Cc1ccccc1)CC(=O)N)[C@H](O)C)C(C)C)Cc1ccccc1)CC(=O)N)C)CCC(=O)[O-])[C@H](O)C)[C@H](O)C)Cc1c[nH]c2ccccc12)CCC(=O)[O-])C(=O)NCC(=O)N[C@@H](CCCNC(=[NH2+])N)C(=O)N[C@@H](CC(C)C)C(=O)N[C@@H](CO)C(=O)N[C@@H](Cc1ccc(O)cc1)C(=O)N[C@@H](CS)C(=O)N[C@@H](CC(C)C)C(=O)N[C@@H](CCC(=O)[O-])C(=O)N[C@@H](CC(=O)[O-])C(=O)N[C@@H]([C@H](O)C)C(=O)N[C@@H](C)C(=O)NCC(=O)NCC(=O)N[C@@H](C)C(=O)N[C@@H](C)C(=O)N[C@@H](CCC(=O)N)C(=O)N[C@@H](CC(C)C)C(=O)N[C@@H](CC(C)C)C(=O)N[C@@H](CC(C)C)C(=O)N[C@@H](CCC(=O)[O-])C(=O)N1[C@H](C(=O)N[C@@H](CCSC)C(=O)N[C@@H](CC(C)C)C(=O)N[C@@H](CCCC[NH3+])C(=O)N[C@@H](Cc2ccccc2)C(=O)N[C@@H](Cc2nc[nH]c2)C(=O)N[C@@H](Cc2ccc(O)cc2)C(=O)N[C@@H](CCSC)C(=O)N[C@@H](CC(C)C)C(=O)N[C@@H](CCCC[NH3+])C(=O)N[C@@H](CCCC[NH3+])C(=O)N[C@@H](CC(C)C)C(=O)N[C@@H](CCC(=O)N)C(=O)N[C@@H](CC(C)C)C(=O)N[C@@H](Cc2nc[nH]c2)C(=O)N[C@@H](CCC(=O)[O-])C(=O)N[C@@H](CCC(=O)[O-])C(=O)N[C@@H](CCC(=O)[O-])C(=O)N[C@@H](Cc2ccc(O)cc2)C(=O)N[C@@H](C(C)C)C(=O)N[C@@H](CC(C)C)C(=O)N[C@@H](CCSC)C(=O)N[C@@H](CCC(=O)N)C(=O)N[C@@H](C)C(=O)N[C@@H]([C@@H](C)CC)C(=O)N[C@@H](CO)C(=O)N[C@@H](CC(C)C)C(=O)N[C@@H](Cc2ccccc2)C(=O)N[C@@H](CO)C(=O)N2[C@H](C(=O)N[C@@H](CC(=O)[O-])C(=O)N[C@@H](CCCNC(=[NH2+])N)C(=O)N3[C@H](C(=O)NCC(=O)N[C@@H](C(C)C)C(=O)N[C@@H](CC(C)C)C(=O)N[C@@H](CCC(=O)N)C(=O)N[C@@H](Cc4nc[nH]c4)C(=O)N[C@@H](C)C(=O)N[C@@H](C(C)C)C(=O)N[C@@H](C(C)C)C(=O)N[C@@H](CC(=O)[O-])C(=O)N[C@@H](CCC(=O)N)C(=O)N[C@@H](CC(C)C)C(=O)N[C@@H](CCC(=O)N)C(=O)N[C@@H](CCC(=O)[O-])C(=O)N[C@@H](CCC(=O)N)C(=O)N[C@@H](Cc4ccccc4)C(=O)N[C@@H](C)C(=O)N[C@@H]([C@@H](C)CC)C(=O)N[C@@H]([C@H](O)C)C(=O)N[C@@H](CC(C)C)C(=O)N[C@@H](CCCC[NH3+])C(=O)N[C@@H](CO)C(=O)N[C@@H](Cc4ccc(O)cc4)C(=O)N[C@@H]([C@@H](C)CC)C(=O)N[C@@H](CCC(=O)[O-])C(=O)N[C@@H](CS)C(=O)N[C@@H](CC(=O)N)C(=O)N[C@@H](CCCNC(=[NH2+])N)C(=O)N4[C@H](C(=O)N[C@@H](CCC(=O)N)C(=O)N5[C@H](C(=O)N[C@@H](C)C(=O)N[C@@H](Cc6nc[nH]c6)C(=O)N[C@@H](CCCNC(=[NH2+])N)C(=O)N[C@@H](Cc6ccccc6)C(=O)N[C@@H](CC(C)C)C(=O)N[C@@H](Cc6ccccc6)C(=O)N[C@@H](CC(C)C)C(=O)N[C@@H](CCCC[NH3+])C(=O)N[C@@H]([C@@H](C)CC)C(=O)N[C@@H](CCSC)C(=O)N[C@@H](C)C(=O)N[C@@H](CCSC)C(=O)N[C@@H](CC(C)C)C(=O)N[C@@H]([C@H](O)C)C(=O)N[C@@H](CCC(=O)[O-])C(=O)N[C@@H](CC(C)C)C(=O)N[C@@H](CCCNC(=[NH2+])N)C(=O)N[C@@H](CO)C(=O)N[C@@H]([C@@H](C)CC)C(=O)N[C@@H](CC(=O)N)C(=O)N[C@@H](C)C(=O)N[C@@H](CCC(=O)N)C(=O)N[C@@H](Cc6nc[nH]c6)C(=O)N[C@@H]([C@H](O)C)C(=O)N[C@@H](CCC(=O)N)C(=O)N[C@@H](CCCNC(=[NH2+])N)C(=O)N[C@@H](CC(C)C)C(=O)N[C@@H](CC(C)C)C(=O)N[C@@H](CCCNC(=[NH2+])N)C(=O)N[C@@H]([C@@H](C)CC)C(=O)N[C@@H](CCC(=O)N)C(=O)N[C@@H](CC(=O)[O-])C(=O)N[C@@H]([C@@H](C)CC)C(=O)N[C@@H](Cc6nc[nH]c6)C(=O)N6[C@H](C(=O)N[C@@H](Cc7ccccc7)C(=O)N[C@@H](C)C(=O)N[C@@H]([C@H](O)C)C(=O)N7[C@H](C(=O)N[C@@H](CC(C)C)C(=O)N[C@@H](CCSC)C(=O)N[C@@H](CCC(=O)N)C(=O)N[C@@H](CCC(=O)[O-])C(=O)N[C@@H](CC(C)C)C(=O)N[C@@H](Cc8ccccc8)C(=O)NCC(=O)N[C@@H]([C@@H](C)CC)C(=O)N[C@H](C=O)[C@H](O)C)CCC7)CCC6)CCC5)CCC4)CCC3)CCC2)CCC1.S(C)CC[C@H](NC(=O)[C@@H](NC(=O)[C@@H](NC(=O)[C@@H](NC(=O)[C@@H](NC(=O)[C@@H](NC(=O)[C@@H](NC(=O)C[NH3+])CC(C)C)[C@H](O)C)CCC(=O)[O-])CCC(=O)[O-])CCC(=O)N)CCCNC(=[NH2+])N)C(=O)N[C@@H](CCSC)C(=O)N[C@@H]([C@@H](C)CC)C(=O)N[C@@H](CCCNC(=[NH2+])N)C(=O)N[C@@H](CCC(=O)[O-])C(=O)N[C@@H](CC(C)C)C(=O)N[C@@H](CCSC)C(=O)N[C@@H](CC(=O)[O-])C(=O)N[C@@H](C)C(=O)N[C@@H](CCC(=O)N)C(=O)N[C@@H](CCSC)C(=O)N[C@@H](CCCC[NH3+])C(=O)N[C@@H]([C@H](O)C)C(=O)N[C@@H](Cc1ccccc1)C(=O)N[C@@H](CC(=O)[O-])C(=O)N[C@@H]([C@H](O)C)C(=O)N[C@@H]([C@H](O)C)C(=O)N[C@@H](Cc1ccccc1)C(=O)N[C@@H](CO)C(=O)N[C@@H](Cc1nc[nH]c1)C(=O)N[C@@H](Cc1ccccc1)C(=O)N[C@@H](C)C(=O)N[C@@H](CC(=O)N)C(=O)N[C@@H](Cc1ccccc1)C(=O)N[C@@H](CCCNC(=[NH2+])N)C(=O)N[C@@H](CC(C)C)C(=O)N1[C@H](C(=O)NCC(=O)N[C@@H](C(C)C)C(=O)N[C@@H](C)C=O)CCC1.OC[C@H]([NH3+])C(=O)N[C@@H](C)C(=O)N[C@@H]([C@H](O)C)C(=O)N[C@@H](C)C(=O)N[C@@H](C)C(=O)N[C@@H](Cc1nc[nH]c1)C(=O)N[C@@H](CCCC[NH3+])C(=O)N[C@@H]([C@@H](C)CC)C(=O)N[C@@H](CC(C)C)C(=O)N[C@@H](Cc1nc[nH]c1)C(=O)N[C@@H](CCCNC(=[NH2+])N)C(=O)N[C@@H](CC(C)C)C(=O)N[C@@H](CC(C)C)C(=O)N[C@@H](CCC(=O)N)C(=O)N[C@@H](C)C=O"
"PXR_pdbalignments_holo_TIER1_sorted_moesession.moe","2026-05-29 13:43:33","8EQZ.A",1,32,483.473,"S(=O)(=O)(N(CCCCCC)c1ccc(C(O)(C(F)(F)F)C(F)(F)F)cc1)c1ccccc1"
"PXR_pdbalignments_holo_TIER1_sorted_moesession.moe","2026-05-29 13:43:33","8EQZ.A",42,42,672,"O.O.O.O.O.O.O.O.O.O.O.O.O.O.O.O.O.O.O.O.O.O.O.O.O.O.O.O.O.O.O.O.O.O.O.O.O.O.O.O.O.O"
"PXR_pdbalignments_holo_TIER1_sorted_moesession.moe","2026-05-29 13:43:33","8EQZ.B",26,26,416,"O.O.O.O.O.O.O.O.O.O.O.O.O.O.O.O.O.O.O.O.O.O.O.O.O.O"
"PXR_pdbalignments_holo_TIER1_sorted_moesession.moe","2026-05-29 13:43:33","8F5Y.A",278,2211,31437.9,"SC[C@H](NC(=O)[C@@H](NC(=O)[C@@H](NC(=O)[C@@H](NC(=O)CNC(=O)[C@@H](NC(=O)[C@@H](NC(=O)[C@@H](NC(=O)[C@@H](NC(=O)[C@@H](NC(=O)[C@@H](NC(=O)[C@@H](NC(=O)[C@@H](NC(=O)[C@@H](NC(=O)[C@@H](NC(=O)[C@@H](NC(=O)[C@@H](NC(=O)[C@@H](NC(=O)[C@@H](NC(=O)[C@@H](NC(=O)[C@@H](NC(=O)[C@@H](NC(=O)[C@@H](NC(=O)CNC(=O)[C@@H](NC(=O)[C@@H](NC(=O)[C@@H](NC(=O)[C@@H](NC(=O)[C@@H](NC(=O)[C@@H](NC(=O)[C@@H](NC(=O)[C@@H](NC(=O)[C@@H](NC(=O)[C@H]1N(C(=O)[C@@H](NC(=O)[C@@H](NC(=O)[C@@H](NC(=O)[C@@H](NC(=O)[C@@H](NC(=O)[C@@H](NC(=O)[C@@H](NC(=O)[C@@H](NC(=O)[C@@H](NC(=O)[C@@H](NC(=O)[C@@H](NC(=O)[C@@H](NC(=O)[C@@H](NC(=O)[C@@H](NC(=O)CNC(=O)[C@@H](NC(=O)[C@@H](NC(=O)[C@@H](NC(=O)[C@@H](NC(=O)[C@@H](NC(=O)[C@@H](NC(=O)[C@@H](NC(=O)[C@@H](NC(=O)[C@@H](NC(=O)[C@@H](NC(=O)[C@@H](NC(=O)[C@H]2N(C(=O)[C@@H](NC(=O)[C@@H](NC(=O)[C@@H](NC(=O)[C@@H](NC(=O)[C@@H](NC(=O)[C@@H](NC(=O)[C@@H](NC(=O)CNC(=O)CNC(=O)[C@@H](NC(=O)[C@@H](NC(=O)[C@@H](NC(=O)[C@H]3N(C(=O)[C@H]4N(C(=O)[C@@H](NC(=O)[C@@H](NC(=O)[C@@H](NC(=O)[C@@H](NC(=O)[C@@H](NC(=O)[C@@H](NC(=O)CNC(=O)[C@@H](NC(=O)[C@@H](NC(=O)CNC(=O)[C@@H](NC(=O)[C@@H](NC(=O)[C@@H](NC(=O)[C@@H](NC(=O)[C@@H](NC(=O)[C@@H](NC(=O)[C@@H](NC(=O)[C@@H](NC(=O)[C@@H](NC(=O)[C@@H](NC(=O)[C@@H](NC(=O)[C@@H](NC(=O)[C@@H](NC(=O)[C@@H](NC(=O)[C@@H](NC(=O)[C@@H](NC(=O)[C@@H](NC(=O)[C@@H](NC(=O)[C@@H](NC(=O)[C@@H](NC(=O)[C@@H](NC(=O)[C@@H](NC(=O)[C@@H](NC(=O)[C@@H]([NH3+])C)C)C)C)C)CCCC[NH3+])Cc5c[nH]c6ccccc56)CO)CCC(=O)N)C(C)C)CCCNC(=[NH2+])N)CCCC[NH3+])CC(=O)[O-])CC(C)C)CS)CO)CC(C)C)C)C(C)C)CO)CC(C)C)CCC(=O)N)CC(C)C)C)CCC(=O)[O-])CC(=O)[O-])CO)C(C)C)Cc5c[nH]c6ccccc56)CC(=O)N)Cc5ccc(O)cc5)CCCC[NH3+])CCC4)CCC3)C)CC(=O)[O-])C)C)C)[C@@H](C)CC)Cc3ccccc3)CO)CC(C)C)CC(C)C)CCC2)Cc2nc[nH]c2)CCSC)C)CC(=O)[O-])CCSC)CO)[C@H](O)C)Cc2ccc(O)cc2)CCSC)Cc2ccccc2)CCCC[NH3+])[C@@H](C)CC)[C@@H](C)CC)CO)Cc2ccccc2)C)CCCC[NH3+])C(C)C)[C@@H](C)CC)CO)Cc2ccc(O)cc2)Cc2ccccc2)CCCNC(=[NH2+])N)CC(=O)[O-])CC(C)C)CCC1)[C@@H](C)CC)CCC(=O)[O-])CC(=O)[O-])CCC(=O)N)[C@@H](C)CC)CO)CC(C)C)CC(C)C)CCCC[NH3+])C)C)Cc1ccccc1)CCC(=O)[O-])CC(C)C)CS)CCC(=O)N)CC(C)C)CCCNC(=[NH2+])N)Cc1ccccc1)CC(=O)N)[C@H](O)C)C(C)C)Cc1ccccc1)CC(=O)N)C)CCC(=O)[O-])[C@H](O)C)[C@H](O)C)Cc1c[nH]c2ccccc12)CCC(=O)[O-])C(=O)NCC(=O)N[C@@H](CCCNC(=[NH2+])N)C(=O)N[C@@H](CC(C)C)C(=O)N[C@@H](CO)C(=O)N[C@@H](Cc1ccc(O)cc1)C(=O)N[C@@H](CS)C(=O)N[C@@H](CC(C)C)C(=O)N[C@@H](CCC(=O)[O-])C(=O)N[C@@H](CC(=O)[O-])C(=O)N[C@@H](C)C(=O)N[C@@H](C)C(=O)NCC(=O)NCC(=O)N[C@@H](Cc1ccccc1)C(=O)N[C@@H](CCC(=O)N)C(=O)N[C@@H](CCC(=O)N)C(=O)N[C@@H](CC(C)C)C(=O)N[C@@H](CC(C)C)C(=O)N[C@@H](CC(C)C)C(=O)N[C@@H](CCC(=O)[O-])C(=O)N1[C@H](C(=O)N[C@@H](CCSC)C(=O)N[C@@H](CC(C)C)C(=O)N[C@@H](CCCC[NH3+])C(=O)N[C@@H](Cc2ccccc2)C(=O)N[C@@H](Cc2nc[nH]c2)C(=O)N[C@@H](Cc2ccc(O)cc2)C(=O)N[C@@H](CCSC)C(=O)N[C@@H](CC(C)C)C(=O)N[C@@H](CCCC[NH3+])C(=O)N[C@@H](CCCC[NH3+])C(=O)N[C@@H](CC(C)C)C(=O)N[C@@H](CCC(=O)N)C(=O)N[C@@H](CC(C)C)C(=O)N[C@@H](Cc2nc[nH]c2)C(=O)N[C@@H](CCC(=O)[O-])C(=O)N[C@@H](CCC(=O)[O-])C(=O)N[C@@H](CCC(=O)[O-])C(=O)N[C@@H](Cc2ccc(O)cc2)C(=O)N[C@@H](C(C)C)C(=O)N[C@@H](CC(C)C)C(=O)N[C@@H](CCSC)C(=O)N[C@@H](CCC(=O)N)C(=O)N[C@@H](C)C(=O)N[C@@H]([C@@H](C)CC)C(=O)N[C@@H](CO)C(=O)N[C@@H](CC(C)C)C(=O)N[C@@H](Cc2ccccc2)C(=O)N[C@@H](CO)C(=O)N2[C@H](C(=O)N[C@@H](CC(=O)[O-])C(=O)N[C@@H](CCCNC(=[NH2+])N)C(=O)N3[C@H](C(=O)NCC(=O)N[C@@H](C(C)C)C(=O)N[C@@H](CC(C)C)C(=O)N[C@@H](CCC(=O)N)C(=O)N[C@@H](Cc4nc[nH]c4)C(=O)N[C@@H](C)C(=O)N[C@@H](C(C)C)C(=O)N[C@@H](C(C)C)C(=O)N[C@@H](CC(=O)[O-])C(=O)N[C@@H](C)C(=O)N[C@@H](CC(C)C)C(=O)N[C@@H](CCC(=O)N)C(=O)N[C@@H](CCC(=O)[O-])C(=O)N[C@@H](CCC(=O)N)C(=O)N[C@@H](Cc4ccccc4)C(=O)N[C@@H](C)C(=O)N[C@@H]([C@@H](C)CC)C(=O)N[C@@H]([C@H](O)C)C(=O)N[C@@H](CC(C)C)C(=O)N[C@@H](CCCC[NH3+])C(=O)N[C@@H](CO)C(=O)N[C@@H](Cc4ccc(O)cc4)C(=O)N[C@@H]([C@@H](C)CC)C(=O)N[C@@H](CCC(=O)[O-])C(=O)N[C@@H](CS)C(=O)N[C@@H](CC(=O)N)C(=O)N[C@@H](CCCNC(=[NH2+])N)C(=O)N4[C@H](C(=O)N[C@@H](CCC(=O)N)C(=O)N5[C@H](C(=O)N[C@@H](C)C(=O)N[C@@H](Cc6nc[nH]c6)C(=O)N[C@@H](CCCNC(=[NH2+])N)C(=O)N[C@@H](Cc6ccccc6)C(=O)N[C@@H](CC(C)C)C(=O)N[C@@H](Cc6ccccc6)C(=O)N[C@@H](CC(C)C)C(=O)N[C@@H](CCCC[NH3+])C(=O)N[C@@H]([C@@H](C)CC)C(=O)N[C@@H](CCSC)C(=O)N[C@@H](C)C(=O)N[C@@H](CCSC)C(=O)N[C@@H](CC(C)C)C(=O)N[C@@H]([C@H](O)C)C(=O)N[C@@H](CCC(=O)[O-])C(=O)N[C@@H](CC(C)C)C(=O)N[C@@H](CCCNC(=[NH2+])N)C(=O)N[C@@H](CO)C(=O)N[C@@H]([C@@H](C)CC)C(=O)N[C@@H](CC(=O)N)C(=O)N[C@@H](C)C(=O)N[C@@H](CCC(=O)N)C(=O)N[C@@H](Cc6nc[nH]c6)C(=O)N[C@@H]([C@H](O)C)C(=O)N[C@@H](CCC(=O)N)C(=O)N[C@@H](CCCNC(=[NH2+])N)C(=O)N[C@@H](CC(C)C)C(=O)N[C@@H](CC(C)C)C(=O)N[C@@H](CCCNC(=[NH2+])N)C(=O)N[C@@H]([C@@H](C)CC)C(=O)N[C@@H](CCC(=O)N)C(=O)N[C@@H](CC(=O)[O-])C(=O)N[C@@H]([C@@H](C)CC)C(=O)N[C@@H](Cc6nc[nH]c6)C(=O)N6[C@H](C(=O)N[C@@H](Cc7ccccc7)C(=O)N[C@@H](C)C(=O)N[C@@H]([C@H](O)C)C(=O)N7[C@H](C(=O)N[C@@H](CC(C)C)C(=O)N[C@@H](CCSC)C(=O)N[C@@H](CCC(=O)N)C(=O)N[C@@H](CCC(=O)[O-])C(=O)N[C@@H](CC(C)C)C(=O)N[C@@H](Cc8ccccc8)C(=O)NCC(=O)N[C@@H]([C@@H](C)CC)C(=O)N[C@H](C=O)[C@H](O)C)CCC7)CCC6)CCC5)CCC4)CCC3)CCC2)CCC1.S(C)CC[C@H](NC(=O)[C@@H](NC(=O)[C@@H](NC(=O)[C@@H](NC(=O)[C@@H](NC(=O)[C@@H](NC(=O)[C@@H](NC(=O)C[NH3+])CC(C)C)[C@H](O)C)CCC(=O)[O-])CCC(=O)[O-])CCC(=O)N)CC)C(=O)N[C@@H](CCSC)C(=O)N[C@@H]([C@@H](C)CC)C(=O)N[C@@H](CCCNC(=[NH2+])N)C(=O)N[C@@H](CCC(=O)[O-])C(=O)N[C@@H](CC(C)C)C(=O)N[C@@H](CCSC)C(=O)N[C@@H](CC(=O)[O-])C(=O)N[C@@H](C)C(=O)N[C@@H](CCC(=O)N)C(=O)N[C@@H](CCSC)C(=O)N[C@@H](CCCC[NH3+])C(=O)N[C@@H]([C@H](O)C)C(=O)N[C@@H](Cc1ccccc1)C(=O)N[C@@H](CC(=O)[O-])C(=O)N[C@@H]([C@H](O)C)C(=O)N[C@@H]([C@H](O)C)C(=O)N[C@@H](Cc1ccccc1)C(=O)N[C@@H](CO)C(=O)N[C@@H](Cc1nc[nH]c1)C(=O)N[C@@H](Cc1ccccc1)C(=O)N[C@@H](CCCC[NH3+])C(=O)N[C@@H](CC(=O)N)C(=O)N[C@@H](Cc1ccccc1)C(=O)N[C@@H](CCCNC(=[NH2+])N)C(=O)N[C@@H](CC(C)C)C(=O)N1[C@H](C(=O)NCC(=O)N[C@@H](C(C)C)C(=O)N[C@@H](CC(C)C)C(=O)N[C@@H](CO)C=O)CCC1"
"PXR_pdbalignments_holo_TIER1_sorted_moesession.moe","2026-05-29 13:43:33","8F5Y.A",1,31,458.006,"Clc1ccc(C2=N[C@@H](CC(OC(C)(C)C)=O)c3[n+](c(C)n[nH]3)-c3sc(C)c(C)c23)cc1"
"PXR_pdbalignments_holo_TIER1_sorted_moesession.moe","2026-05-29 13:43:33","8FPE.A",275,2135,30377.6,"SC[C@H](NC(=O)[C@@H](NC(=O)[C@@H](NC(=O)[C@@H](NC(=O)CNC(=O)[C@@H](NC(=O)[C@@H](NC(=O)[C@@H](NC(=O)[C@@H](NC(=O)[C@@H](NC(=O)[C@@H](NC(=O)[C@@H](NC(=O)[C@@H](NC(=O)[C@@H](NC(=O)[C@@H](NC(=O)[C@@H](NC(=O)[C@@H](NC(=O)[C@@H](NC(=O)[C@@H](NC(=O)[C@@H](NC(=O)[C@@H](NC(=O)[C@@H](NC(=O)[C@@H](NC(=O)CNC(=O)[C@@H](NC(=O)[C@@H](NC(=O)[C@@H](NC(=O)[C@@H](NC(=O)[C@@H](NC(=O)[C@@H](NC(=O)[C@@H](NC(=O)[C@@H](NC(=O)[C@@H](NC(=O)[C@H]1N(C(=O)[C@@H](NC(=O)[C@@H](NC(=O)[C@@H](NC(=O)[C@@H](NC(=O)[C@@H](NC(=O)[C@@H](NC(=O)[C@@H](NC(=O)[C@@H](NC(=O)[C@@H](NC(=O)[C@@H](NC(=O)[C@@H](NC(=O)[C@@H](NC(=O)[C@@H](NC(=O)[C@@H](NC(=O)CNC(=O)[C@@H](NC(=O)[C@@H](NC(=O)[C@@H](NC(=O)[C@@H](NC(=O)[C@@H](NC(=O)[C@@H](NC(=O)[C@@H](NC(=O)[C@@H](NC(=O)[C@@H](NC(=O)[C@@H](NC(=O)[C@@H](NC(=O)[C@H]2N(C(=O)[C@@H](NC(=O)[C@@H](NC(=O)[C@@H](NC(=O)[C@@H](NC(=O)[C@@H](NC(=O)[C@@H](NC(=O)[C@@H](NC(=O)CNC(=O)CNC(=O)[C@@H](NC(=O)[C@@H](NC(=O)[C@@H](NC(=O)[C@H]3N(C(=O)[C@H]4N(C(=O)[C@@H](NC(=O)[C@@H](NC(=O)[C@@H](NC(=O)[C@@H](NC(=O)[C@@H](NC(=O)[C@@H](NC(=O)CNC(=O)[C@@H](NC(=O)[C@@H](NC(=O)CNC(=O)[C@@H](NC(=O)[C@@H](NC(=O)[C@@H](NC(=O)[C@@H](NC(=O)[C@@H](NC(=O)[C@@H](NC(=O)[C@@H](NC(=O)[C@@H](NC(=O)[C@@H](NC(=O)[C@@H](NC(=O)[C@@H](NC(=O)[C@@H](NC(=O)[C@@H](NC(=O)[C@@H](NC(=O)[C@@H](NC(=O)[C@@H](NC(=O)[C@@H](NC(=O)[C@@H](NC(=O)[C@@H](NC(=O)[C@@H](NC(=O)[C@@H]([NH3+])C)C)C)C)CO)C)C(C)C)C)C)CC(=O)[O-])CC(C)C)CS)C)CC(C)C)C)C(C)C)CO)CC(C)C)CCC(=O)N)CC(C)C)CCCNC(=[NH2+])N)C)CC(=O)[O-])CO)C(C)C)Cc5c[nH]c6ccccc56)CC(=O)N)Cc5ccc(O)cc5)C)CCC4)CCC3)C)CC(=O)[O-])C)C)C)[C@@H](C)CC)Cc3ccccc3)CO)CC(C)C)CC(C)C)CCC2)Cc2nc[nH]c2)CCSC)C)CC(=O)[O-])CCSC)CO)[C@H](O)C)Cc2ccc(O)cc2)CCSC)Cc2ccccc2)CCCC[NH3+])[C@@H](C)CC)[C@@H](C)CC)CO)Cc2ccccc2)C)CCCC[NH3+])C(C)C)[C@@H](C)CC)CO)Cc2ccc(O)cc2)Cc2ccccc2)CCCNC(=[NH2+])N)CC(=O)[O-])CC(C)C)CCC1)[C@@H](C)CC)CCC(=O)[O-])CC(=O)[O-])CCC(=O)N)[C@@H](C)CC)CO)CC(C)C)CC(C)C)CCCC[NH3+])C)C)Cc1ccccc1)CCC(=O)[O-])CC(C)C)CS)CCC(=O)N)CC(C)C)CCCNC(=[NH2+])N)Cc1ccccc1)CC(=O)N)[C@H](O)C)C(C)C)Cc1ccccc1)CC(=O)N)C)CCC(=O)[O-])[C@H](O)C)[C@H](O)C)Cc1c[nH]c2ccccc12)CCC(=O)[O-])C(=O)NCC(=O)N[C@@H](CCCNC(=[NH2+])N)C(=O)N[C@@H](CC(C)C)C(=O)N[C@@H](CO)C(=O)N[C@@H](Cc1ccc(O)cc1)C(=O)N[C@@H](CS)C(=O)N[C@@H](CC(C)C)C(=O)N[C@@H](CCC(=O)[O-])C(=O)N[C@@H](C)C(=O)N[C@@H](C)C(=O)N[C@@H](C)C(=O)NCC(=O)NCC(=O)N[C@@H](C)C(=O)N[C@@H](C)C(=O)N[C@@H](C)C(=O)N[C@@H](CC(C)C)C(=O)N[C@@H](CC(C)C)C(=O)N[C@@H](CC(C)C)C(=O)N[C@@H](CCC(=O)[O-])C(=O)N1[C@H](C(=O)N[C@@H](CCSC)C(=O)N[C@@H](CC(C)C)C(=O)N[C@@H](CCCC[NH3+])C(=O)N[C@@H](Cc2ccccc2)C(=O)N[C@@H](Cc2nc[nH]c2)C(=O)N[C@@H](Cc2ccc(O)cc2)C(=O)N[C@@H](CCSC)C(=O)N[C@@H](CC(C)C)C(=O)N[C@@H](CCCC[NH3+])C(=O)N[C@@H](C)C(=O)N[C@@H](CC(C)C)C(=O)N[C@@H](CCC(=O)N)C(=O)N[C@@H](CC(C)C)C(=O)N[C@@H](Cc2nc[nH]c2)C(=O)N[C@@H](CCC(=O)[O-])C(=O)N[C@@H](CCC(=O)[O-])C(=O)N[C@@H](CCC(=O)[O-])C(=O)N[C@@H](Cc2ccc(O)cc2)C(=O)N[C@@H](C(C)C)C(=O)N[C@@H](CC(C)C)C(=O)N[C@@H](CCSC)C(=O)N[C@@H](CCC(=O)N)C(=O)N[C@@H](C)C(=O)N[C@@H]([C@@H](C)CC)C(=O)N[C@@H](CO)C(=O)N[C@@H](CC(C)C)C(=O)N[C@@H](Cc2ccccc2)C(=O)N[C@@H](CO)C(=O)N2[C@H](C(=O)N[C@@H](CC(=O)[O-])C(=O)N[C@@H](CCCNC(=[NH2+])N)C(=O)N3[C@H](C(=O)NCC(=O)N[C@@H](C(C)C)C(=O)N[C@@H](CC(C)C)C(=O)N[C@@H](CCC(=O)N)C(=O)N[C@@H](C)C(=O)N[C@@H](C)C(=O)N[C@@H](C(C)C)C(=O)N[C@@H](C(C)C)C(=O)N[C@@H](CC(=O)[O-])C(=O)N[C@@H](CCC(=O)N)C(=O)N[C@@H](CC(C)C)C(=O)N[C@@H](CCC(=O)N)C(=O)N[C@@H](CCC(=O)[O-])C(=O)N[C@@H](CCC(=O)N)C(=O)N[C@@H](Cc4ccccc4)C(=O)N[C@@H](C)C(=O)N[C@@H]([C@@H](C)CC)C(=O)N[C@@H]([C@H](O)C)C(=O)N[C@@H](CC(C)C)C(=O)N[C@@H](CCCC[NH3+])C(=O)N[C@@H](CO)C(=O)N[C@@H](Cc4ccc(O)cc4)C(=O)N[C@@H]([C@@H](C)CC)C(=O)N[C@@H](CCC(=O)[O-])C(=O)N[C@@H](CS)C(=O)N[C@@H](CC(=O)N)C(=O)N[C@@H](CCCNC(=[NH2+])N)C(=O)N4[C@H](C(=O)N[C@@H](CCC(=O)N)C(=O)N5[C@H](C(=O)N[C@@H](C)C(=O)N[C@@H](Cc6nc[nH]c6)C(=O)N[C@@H](CCCNC(=[NH2+])N)C(=O)N[C@@H](Cc6ccccc6)C(=O)N[C@@H](CC(C)C)C(=O)N[C@@H](Cc6ccccc6)C(=O)N[C@@H](CC(C)C)C(=O)N[C@@H](CCCC[NH3+])C(=O)N[C@@H]([C@@H](C)CC)C(=O)N[C@@H](CCSC)C(=O)N[C@@H](C)C(=O)N[C@@H](CCSC)C(=O)N[C@@H](CC(C)C)C(=O)N[C@@H]([C@H](O)C)C(=O)N[C@@H](CCC(=O)[O-])C(=O)N[C@@H](CC(C)C)C(=O)N[C@@H](CCCNC(=[NH2+])N)C(=O)N[C@@H](CO)C(=O)N[C@@H]([C@@H](C)CC)C(=O)N[C@@H](CC(=O)N)C(=O)N[C@@H](C)C(=O)N[C@@H](CCC(=O)N)C(=O)N[C@@H](Cc6nc[nH]c6)C(=O)N[C@@H]([C@H](O)C)C(=O)N[C@@H](CCC(=O)N)C(=O)N[C@@H](CCCNC(=[NH2+])N)C(=O)N[C@@H](CC(C)C)C(=O)N[C@@H](CC(C)C)C(=O)N[C@@H](CCCNC(=[NH2+])N)C(=O)N[C@@H]([C@@H](C)CC)C(=O)N[C@@H](CCC(=O)N)C(=O)N[C@@H](CC(=O)[O-])C(=O)N[C@@H]([C@@H](C)CC)C(=O)N[C@@H](Cc6nc[nH]c6)C(=O)N6[C@H](C(=O)N[C@@H](Cc7ccccc7)C(=O)N[C@@H](C)C(=O)N[C@@H]([C@H](O)C)C(=O)N7[C@H](C(=O)N[C@@H](CC(C)C)C(=O)N[C@@H](CCSC)C(=O)N[C@@H](CCC(=O)N)C(=O)N[C@@H](CCC(=O)[O-])C(=O)N[C@@H](CC(C)C)C(=O)N[C@@H](Cc8ccccc8)C(=O)NCC(=O)N[C@@H]([C@@H](C)CC)C(=O)N[C@@H]([C@H](O)C)C(=O)NCC(=O)N[C@@H](CO)C=O)CCC7)CCC6)CCC5)CCC4)CCC3)CCC2)CCC1.S(C)CC[C@H](NC(=O)[C@@H](NC(=O)[C@@H](NC(=O)[C@@H](NC(=O)[C@@H](NC(=O)[C@@H](NC(=O)[C@@H](NC(=O)C[NH3+])CC(C)C)[C@H](O)C)CCC(=O)[O-])C)CCC(=O)N)CCCNC(=[NH2+])N)C(=O)N[C@@H](CCSC)C(=O)N[C@@H]([C@@H](C)CC)C(=O)N[C@@H](CCCNC(=[NH2+])N)C(=O)N[C@@H](CCC(=O)[O-])C(=O)N[C@@H](CC(C)C)C(=O)N[C@@H](CCSC)C(=O)N[C@@H](CC(=O)[O-])C(=O)N[C@@H](C)C(=O)N[C@@H](CCC(=O)N)C(=O)N[C@@H](CCSC)C(=O)N[C@@H](CCCC[NH3+])C(=O)N[C@@H]([C@H](O)C)C(=O)N[C@@H](Cc1ccccc1)C(=O)N[C@@H](CC(=O)[O-])C(=O)N[C@@H]([C@H](O)C)C(=O)N[C@@H]([C@H](O)C)C(=O)N[C@@H](Cc1ccccc1)C(=O)N[C@@H](CO)C(=O)N[C@@H](Cc1nc[nH]c1)C(=O)N[C@@H](Cc1ccccc1)C(=O)N[C@@H](C)C(=O)N[C@@H](CC(=O)N)C(=O)N[C@@H](Cc1ccccc1)C(=O)N[C@@H](CCCNC(=[NH2+])N)C(=O)N[C@@H](CC(C)C)C(=O)N1[C@H](C(=O)NCC(=O)N[C@@H](C)C=O)CCC1"
"PXR_pdbalignments_holo_TIER1_sorted_moesession.moe","2026-05-29 13:43:33","8FPE.A",1,39,565.534,"S(=O)(=O)(N(Cc1ccc(-c2ccccc2)cc1)c1ccc(C(O)(C(F)(F)F)C(F)(F)F)cc1)c1ccccc1"
"PXR_pdbalignments_holo_TIER1_sorted_moesession.moe","2026-05-29 13:43:33","8FPE.A",33,33,528,"O.O.O.O.O.O.O.O.O.O.O.O.O.O.O.O.O.O.O.O.O.O.O.O.O.O.O.O.O.O.O.O.O"
"PXR_pdbalignments_holo_TIER1_sorted_moesession.moe","2026-05-29 13:43:33","8R00.A",273,2136,30357.6,"SC[C@H](NC(=O)[C@@H](NC(=O)[C@@H](NC(=O)[C@@H](NC(=O)CNC(=O)[C@@H](NC(=O)[C@@H](NC(=O)[C@@H](NC(=O)[C@@H](NC(=O)[C@@H](NC(=O)[C@@H](NC(=O)[C@@H](NC(=O)[C@@H](NC(=O)[C@@H](NC(=O)[C@@H](NC(=O)[C@@H](NC(=O)[C@@H](NC(=O)[C@@H](NC(=O)[C@@H](NC(=O)[C@@H](NC(=O)[C@@H](NC(=O)[C@@H](NC(=O)[C@@H](NC(=O)CNC(=O)[C@@H](NC(=O)[C@@H](NC(=O)[C@@H](NC(=O)[C@@H](NC(=O)[C@@H](NC(=O)[C@@H](NC(=O)[C@@H](NC(=O)[C@@H](NC(=O)[C@@H](NC(=O)[C@H]1N(C(=O)[C@@H](NC(=O)[C@@H](NC(=O)[C@@H](NC(=O)[C@@H](NC(=O)[C@@H](NC(=O)[C@@H](NC(=O)[C@@H](NC(=O)[C@@H](NC(=O)[C@@H](NC(=O)[C@@H](NC(=O)[C@@H](NC(=O)[C@@H](NC(=O)[C@@H](NC(=O)[C@@H](NC(=O)CNC(=O)[C@@H](NC(=O)[C@@H](NC(=O)[C@@H](NC(=O)[C@@H](NC(=O)[C@@H](NC(=O)[C@@H](NC(=O)[C@@H](NC(=O)[C@@H](NC(=O)[C@@H](NC(=O)[C@@H](NC(=O)[C@@H](NC(=O)[C@H]2N(C(=O)[C@@H](NC(=O)[C@@H](NC(=O)[C@@H](NC(=O)[C@@H](NC(=O)[C@@H](NC(=O)[C@@H](NC(=O)[C@@H](NC(=O)CNC(=O)CNC(=O)[C@@H](NC(=O)[C@@H](NC(=O)[C@@H](NC(=O)[C@H]3N(C(=O)[C@H]4N(C(=O)[C@@H](NC(=O)[C@@H](NC(=O)[C@@H](NC(=O)[C@@H](NC(=O)[C@@H](NC(=O)[C@@H](NC(=O)CNC(=O)[C@@H](NC(=O)[C@@H](NC(=O)CNC(=O)[C@@H](NC(=O)[C@@H](NC(=O)[C@@H](NC(=O)[C@@H](NC(=O)[C@@H](NC(=O)[C@@H](NC(=O)[C@@H](NC(=O)[C@@H](NC(=O)[C@@H](NC(=O)[C@@H](NC(=O)[C@@H](NC(=O)[C@@H](NC(=O)[C@@H](NC(=O)[C@@H](NC(=O)[C@@H](NC(=O)[C@@H](NC(=O)[C@@H](NC(=O)[C@@H](NC(=O)[C@@H](NC(=O)[C@@H](NC(=O)[C@@H]([NH3+])C)C)CCCC[NH3+])Cc5c[nH]c6ccccc56)C)CCC(=O)N)C(C)C)C)C)CC(=O)[O-])CC(C)C)C)C)C)C)C(C)C)CO)CC(C)C)CCC(=O)N)CC(C)C)CCCNC(=[NH2+])N)CC)CC(=O)[O-])CO)C(C)C)Cc5c[nH]c6ccccc56)CC(=O)N)Cc5ccc(O)cc5)CC)CCC4)CCC3)C)CC(=O)[O-])C)C)CCC(=O)[O-])C(C)C)Cc3ccccc3)CO)CC(C)C)CC(C)C)CCC2)Cc2nc[nH]c2)CCSC)C)CC(=O)[O-])CCSC)CO)[C@H](O)C)Cc2ccc(O)cc2)CCSC)Cc2ccccc2)CCCC[NH3+])[C@@H](C)CC)[C@@H](C)CC)CO)Cc2ccccc2)C)CCCC[NH3+])C(C)C)[C@@H](C)CC)CO)Cc2ccc(O)cc2)Cc2ccccc2)CCCNC(=[NH2+])N)CC(=O)[O-])CC(C)C)CCC1)[C@@H](C)CC)CCC(=O)[O-])CC(=O)[O-])CCC(=O)N)[C@@H](C)CC)CO)CC(C)C)CC(C)C)CCCC[NH3+])C)C)Cc1ccccc1)CCC(=O)[O-])CC(C)C)CS)CCC(=O)N)CC(C)C)CCCNC(=[NH2+])N)Cc1ccccc1)CC(=O)N)[C@H](O)C)C(C)C)Cc1ccccc1)CC(=O)N)C)CCC(=O)[O-])[C@H](O)C)[C@H](O)C)Cc1c[nH]c2ccccc12)CCC(=O)[O-])C(=O)NCC(=O)N[C@@H](CC)C(=O)N[C@@H](CC(C)C)C(=O)N[C@@H](CO)C(=O)N[C@@H](Cc1ccc(O)cc1)C(=O)N[C@@H](CS)C(=O)N[C@@H](CC(C)C)C(=O)N[C@@H](CCC(=O)[O-])C(=O)N[C@@H](C)C=O.SC[C@H](NC(=O)[C@@H](NC(=O)[C@@H](NC(=O)[C@@H](NC(=O)[C@@H](NC(=O)[C@@H](NC(=O)[C@@H](NC(=O)[C@@H](NC(=O)[C@@H](NC(=O)[C@@H](NC(=O)[C@@H](NC(=O)[C@@H](NC(=O)[C@@H](NC(=O)[C@@H](NC(=O)[C@@H](NC(=O)[C@@H](NC(=O)[C@@H](NC(=O)[C@@H](NC(=O)[C@@H](NC(=O)[C@@H](NC(=O)[C@@H](NC(=O)[C@@H](NC(=O)[C@@H](NC(=O)[C@@H](NC(=O)CNC(=O)[C@H]1N(C(=O)[C@@H](NC(=O)[C@@H](NC(=O)[C@H]2N(C(=O)[C@@H](NC(=O)[C@@H](NC(=O)[C@@H](NC(=O)[C@@H](NC(=O)[C@@H](NC(=O)[C@@H](NC(=O)[C@@H](NC(=O)[C@@H](NC(=O)[C@@H](NC(=O)[C@@H](NC(=O)[C@@H](NC(=O)[C@@H](NC(=O)[C@@H](NC(=O)[C@@H](NC(=O)[C@@H](NC(=O)[C@@H](NC(=O)[C@@H](NC(=O)[C@@H](NC(=O)[C@@H](NC(=O)[C@@H](NC(=O)[C@@H](NC(=O)[C@@H](NC(=O)[C@@H](NC(=O)[C@@H](NC(=O)[C@@H](NC(=O)[C@@H](NC(=O)[C@@H](NC(=O)[C@@H](NC(=O)[C@H]3N(C(=O)[C@@H](NC(=O)[C@@H](NC(=O)[C@@H](NC(=O)[C@@H](NC(=O)[C@@H](NC(=O)[C@@H](NC(=O)[C@@H](NC(=O)C[NH3+])C)C)CC)C)CC(C)C)CC(C)C)CCC(=O)[O-])CCC3)CCSC)CC)CCC)Cc3ccccc3)Cc3nc[nH]c3)Cc3ccc(O)cc3)CCSC)CC(C)C)CCCC[NH3+])CCC)CC(C)C)CCC(=O)N)CC(C)C)Cc3nc[nH]c3)CCC(=O)[O-])CCC(=O)[O-])CCC(=O)[O-])Cc3ccc(O)cc3)C(C)C)CC(C)C)CCSC)CCC(=O)N)C)[C@@H](C)CC)CO)CC(C)C)Cc3ccccc3)CO)CCC2)CC(=O)[O-])CCCNC(=[NH2+])N)CCC1)C(C)C)CC(C)C)CCC(=O)N)Cc1nc[nH]c1)C)C(C)C)C(C)C)CC(=O)[O-])CC)CC(C)C)CCC(=O)N)CCC(=O)[O-])CCC(=O)N)Cc1ccccc1)C)[C@@H](C)CC)[C@H](O)C)CC(C)C)CCCC[NH3+])CO)Cc1ccc(O)cc1)[C@@H](C)CC)CCC(=O)[O-])C(=O)N[C@@H](CC(=O)N)C(=O)N[C@@H](CCCNC(=[NH2+])N)C(=O)N1[C@H](C(=O)N[C@@H](CCC(=O)N)C(=O)N2[C@H](C(=O)N[C@@H](C)C(=O)N[C@@H](Cc3nc[nH]c3)C(=O)N[C@@H](CCCNC(=[NH2+])N)C(=O)N[C@@H](Cc3ccccc3)C(=O)N[C@@H](CC(C)C)C(=O)N[C@@H](Cc3ccccc3)C(=O)N[C@@H](CC(C)C)C(=O)N[C@@H](CCCC[NH3+])C(=O)N[C@@H]([C@@H](C)CC)C(=O)N[C@@H](CCSC)C(=O)N[C@@H](C)C(=O)N[C@@H](CCSC)C(=O)N[C@@H](CC(C)C)C(=O)N[C@@H]([C@H](O)C)C(=O)N[C@@H](CCC(=O)[O-])C(=O)N[C@@H](CC(C)C)C(=O)N[C@@H](CCCNC(=[NH2+])N)C(=O)N[C@@H](CO)C(=O)N[C@@H]([C@@H](C)CC)C(=O)N[C@@H](CC(=O)N)C(=O)N[C@@H](C)C(=O)N[C@@H](CCC(=O)N)C(=O)N[C@@H](Cc3nc[nH]c3)C(=O)N[C@@H]([C@H](O)C)C(=O)N[C@@H](CCC(=O)N)C(=O)N[C@@H](CCCNC(=[NH2+])N)C(=O)N[C@@H](CC)C(=O)N[C@@H](CC(C)C)C(=O)N[C@@H](CCCNC(=[NH2+])N)C(=O)N[C@@H]([C@@H](C)CC)C(=O)N[C@@H](CCC(=O)N)C(=O)N[C@@H](CC(=O)[O-])C(=O)N[C@@H]([C@@H](C)CC)C(=O)N[C@@H](Cc3nc[nH]c3)C(=O)N3[C@H](C(=O)N[C@@H](Cc4ccccc4)C(=O)N[C@@H](C)C(=O)N[C@@H]([C@H](O)C)C(=O)N4[C@H](C(=O)N[C@@H](CC(C)C)C(=O)N[C@@H](CCSC)C(=O)N[C@@H](CCC(=O)N)C(=O)N[C@@H](CCC(=O)[O-])C(=O)N[C@@H](CC(C)C)C(=O)N[C@@H](Cc5ccccc5)C(=O)NCC(=O)N[C@@H]([C@@H](C)CC)C(=O)N[C@@H]([C@H](O)C)C(=O)NCC(=O)N[C@@H](CO)C(=O)N[C@@H](C)C=O)CCC4)CCC3)CCC2)CCC1.S(C)CC[C@H](NC(=O)[C@@H](NC(=O)[C@@H](NC(=O)[C@@H](NC(=O)[C@@H](NC(=O)[C@@H](NC(=O)[C@@H](NC(=O)C[NH3+])CC(C)C)[C@H](O)C)CCC(=O)[O-])CC)CCC(=O)N)CCCNC(=[NH2+])N)C(=O)N[C@@H](CCSC)C(=O)N[C@@H]([C@@H](C)CC)C(=O)N[C@@H](CCCNC(=[NH2+])N)C(=O)N[C@@H](CCC(=O)[O-])C(=O)N[C@@H](CC(C)C)C(=O)N[C@@H](CCSC)C(=O)N[C@@H](CC(=O)[O-])C(=O)N[C@@H](C)C(=O)N[C@@H](CCC(=O)N)C(=O)N[C@@H](CCSC)C(=O)N[C@@H](CCCC[NH3+])C(=O)N[C@@H]([C@H](O)C)C(=O)N[C@@H](Cc1ccccc1)C(=O)N[C@@H](CC(=O)[O-])C(=O)N[C@@H]([C@H](O)C)C(=O)N[C@@H]([C@H](O)C)C(=O)N[C@@H](Cc1ccccc1)C(=O)N[C@@H](CO)C(=O)N[C@@H](Cc1nc[nH]c1)C(=O)N[C@@H](Cc1ccccc1)C(=O)N[C@@H](CC)C(=O)N[C@@H](CC(=O)N)C(=O)N[C@@H](Cc1ccccc1)C(=O)N[C@@H](CCCNC(=[NH2+])N)C(=O)N[C@@H](CC(C)C)C(=O)N1[C@H](C(=O)NCC(=O)N[C@@H](C)C=O)CCC1"
"PXR_pdbalignments_holo_TIER1_sorted_moesession.moe","2026-05-29 13:43:33","8R00.A",1,17,230.307,"O=C1C=C(C)CCC=C(C)Cc2occ(C)c12"
"PXR_pdbalignments_holo_TIER1_sorted_moesession.moe","2026-05-29 13:43:33","8R00.A",144,144,2304,"O.O.O.O.O.O.O.O.O.O.O.O.O.O.O.O.O.O.O.O.O.O.O.O.O.O.O.O.O.O.O.O.O.O.O.O.O.O.O.O.O.O.O.O.O.O.O.O.O.O.O.O.O.O.O.O.O.O.O.O.O.O.O.O.O.O.O.O.O.O.O.O.O.O.O.O.O.O.O.O.O.O.O.O.O.O.O.O.O.O.O.O.O.O.O.O.O.O.O.O.O.O.O.O.O.O.O.O.O.O.O.O.O.O.O.O.O.O.O.O.O.O.O.O.O.O.O.O.O.O.O.O.O.O.O.O.O.O.O.O.O.O.O.O"
"PXR_pdbalignments_holo_TIER1_sorted_moesession.moe","2026-05-29 13:43:33","7AXA.A",272,2145,30504.8,"SC[C@H](NC(=O)[C@@H](NC(=O)[C@@H](NC(=O)[C@@H](NC(=O)CNC(=O)[C@@H](NC(=O)[C@@H](NC(=O)[C@@H](NC(=O)[C@@H](NC(=O)[C@@H](NC(=O)[C@@H](NC(=O)[C@@H](NC(=O)[C@@H](NC(=O)[C@@H](NC(=O)[C@@H](NC(=O)[C@@H](NC(=O)[C@@H](NC(=O)[C@@H](NC(=O)[C@@H](NC(=O)[C@@H](NC(=O)[C@@H](NC(=O)[C@@H](NC(=O)[C@@H](NC(=O)CNC(=O)[C@@H](NC(=O)[C@@H](NC(=O)[C@@H](NC(=O)[C@@H](NC(=O)[C@@H](NC(=O)[C@@H](NC(=O)[C@@H](NC(=O)[C@@H](NC(=O)[C@@H](NC(=O)[C@H]1N(C(=O)[C@@H](NC(=O)[C@@H](NC(=O)[C@@H](NC(=O)[C@@H](NC(=O)[C@@H](NC(=O)[C@@H](NC(=O)[C@@H](NC(=O)[C@@H](NC(=O)[C@@H](NC(=O)[C@@H](NC(=O)[C@@H](NC(=O)[C@@H](NC(=O)[C@@H](NC(=O)[C@@H](NC(=O)CNC(=O)[C@@H](NC(=O)[C@@H](NC(=O)[C@@H](NC(=O)[C@@H](NC(=O)[C@@H](NC(=O)[C@@H](NC(=O)[C@@H](NC(=O)[C@@H](NC(=O)[C@@H](NC(=O)[C@@H](NC(=O)[C@@H](NC(=O)[C@H]2N(C(=O)[C@@H](NC(=O)[C@@H](NC(=O)[C@@H](NC(=O)[C@@H](NC(=O)[C@@H](NC(=O)[C@@H](NC(=O)[C@@H](NC(=O)CNC(=O)CNC(=O)[C@@H](NC(=O)[C@@H](NC(=O)[C@@H](NC(=O)[C@H]3N(C(=O)[C@H]4N(C(=O)[C@@H](NC(=O)[C@@H](NC(=O)[C@@H](NC(=O)[C@@H](NC(=O)[C@@H](NC(=O)[C@@H](NC(=O)CNC(=O)[C@@H](NC(=O)[C@@H](NC(=O)CNC(=O)[C@@H](NC(=O)[C@@H](NC(=O)[C@@H](NC(=O)[C@@H](NC(=O)[C@@H](NC(=O)[C@@H](NC(=O)[C@@H](NC(=O)[C@@H](NC(=O)[C@@H](NC(=O)[C@@H](NC(=O)[C@@H](NC(=O)[C@@H](NC(=O)[C@@H](NC(=O)[C@@H](NC(=O)[C@@H](NC(=O)[C@@H](NC(=O)[C@@H](NC(=O)[C@@H](NC(=O)[C@@H](NC(=O)[C@@H](NC(=O)[C@@H](NC(=O)[C@@H]([NH3+])C)C)C)CCCC[NH3+])Cc5c[nH]c6ccccc56)CO)CCC(=O)N)C(C)C)C)C)CC(=O)[O-])CC(C)C)CS)CO)CC(C)C)CCCC[NH3+])C(C)C)CO)CC(C)C)CCC(=O)N)CC(C)C)CCCNC(=[NH2+])N)C)CC(=O)[O-])CO)C(C)C)Cc5c[nH]c6ccccc56)CC(=O)N)Cc5ccc(O)cc5)CC)CCC4)CCC3)C)CC(=O)[O-])C)C)CCC(=O)[O-])[C@@H](C)CC)Cc3ccccc3)CO)CC(C)C)CC(C)C)CCC2)Cc2nc[nH]c2)CCSC)C)CC(=O)[O-])CCSC)CO)[C@H](O)C)Cc2ccc(O)cc2)CCSC)Cc2ccccc2)CCCC[NH3+])[C@@H](C)CC)[C@@H](C)CC)CO)Cc2ccccc2)C)CCCC[NH3+])C(C)C)[C@@H](C)CC)CO)Cc2ccc(O)cc2)Cc2ccccc2)CCCNC(=[NH2+])N)CC(=O)[O-])CC(C)C)CCC1)[C@@H](C)CC)CCC(=O)[O-])CC(=O)[O-])CCC(=O)N)[C@@H](C)CC)CO)CC(C)C)CC(C)C)CCCC[NH3+])C)C)Cc1ccccc1)CCC(=O)[O-])CC(C)C)CS)CCC(=O)N)CC(C)C)CCCNC(=[NH2+])N)Cc1ccccc1)CC(=O)N)[C@H](O)C)C(C)C)Cc1ccccc1)CC(=O)N)C)CCC(=O)[O-])[C@H](O)C)[C@H](O)C)Cc1c[nH]c2ccccc12)CCC(=O)[O-])C(=O)NCC(=O)N[C@@H](C)C(=O)N[C@@H](CC(C)C)C(=O)N[C@@H](CO)C(=O)N[C@@H](Cc1ccc(O)cc1)C(=O)N[C@@H](CS)C(=O)N[C@@H](CC(C)C)C(=O)N[C@@H](C)C(=O)N[C@@H](C)C=O.SC[C@H](NC(=O)[C@@H](NC(=O)[C@@H](NC(=O)[C@@H](NC(=O)[C@@H](NC(=O)[C@@H](NC(=O)[C@@H](NC(=O)[C@@H](NC(=O)[C@@H](NC(=O)[C@@H](NC(=O)[C@@H](NC(=O)[C@@H](NC(=O)[C@@H](NC(=O)[C@@H](NC(=O)[C@@H](NC(=O)[C@@H](NC(=O)[C@@H](NC(=O)[C@@H](NC(=O)[C@@H](NC(=O)[C@@H](NC(=O)[C@@H](NC(=O)[C@@H](NC(=O)[C@@H](NC(=O)[C@@H](NC(=O)CNC(=O)[C@H]1N(C(=O)[C@@H](NC(=O)[C@@H](NC(=O)[C@H]2N(C(=O)[C@@H](NC(=O)[C@@H](NC(=O)[C@@H](NC(=O)[C@@H](NC(=O)[C@@H](NC(=O)[C@@H](NC(=O)[C@@H](NC(=O)[C@@H](NC(=O)[C@@H](NC(=O)[C@@H](NC(=O)[C@@H](NC(=O)[C@@H](NC(=O)[C@@H](NC(=O)[C@@H](NC(=O)[C@@H](NC(=O)[C@@H](NC(=O)[C@@H](NC(=O)[C@@H](NC(=O)[C@@H](NC(=O)[C@@H](NC(=O)[C@@H](NC(=O)[C@@H](NC(=O)[C@@H](NC(=O)[C@@H](NC(=O)[C@@H](NC(=O)[C@@H](NC(=O)[C@@H](NC(=O)[C@@H](NC(=O)[C@H]3N(C(=O)[C@@H](NC(=O)[C@@H](NC(=O)[C@@H](NC(=O)[C@@H](NC(=O)[C@@H](NC(=O)[C@@H]([NH3+])C)C)C)C)CC(C)C)CCC(=O)[O-])CCC3)CCSC)CC(C)C)CCC)Cc3ccccc3)Cc3nc[nH]c3)Cc3ccc(O)cc3)CCSC)CC(C)C)CCCC[NH3+])CCC)CC(C)C)CCC(=O)N)CC(C)C)Cc3nc[nH]c3)CCC(=O)[O-])CCC(=O)[O-])CCC(=O)[O-])Cc3ccc(O)cc3)C(C)C)CC(C)C)CCSC)CCC(=O)N)C)[C@@H](C)CC)CO)CC(C)C)Cc3ccccc3)CO)CCC2)CC(=O)[O-])CCCNC(=[NH2+])N)CCC1)C(C)C)CC(C)C)CCC(=O)N)Cc1nc[nH]c1)C)C(C)C)C(C)C)CC(=O)[O-])CCC(=O)N)CC(C)C)CCC(=O)N)CCC(=O)[O-])CCC(=O)N)Cc1ccccc1)C)[C@@H](C)CC)[C@H](O)C)CC(C)C)CCCC[NH3+])CO)Cc1ccc(O)cc1)[C@@H](C)CC)CCC(=O)[O-])C(=O)N[C@@H](CC(=O)N)C(=O)N[C@@H](CCCNC(=[NH2+])N)C(=O)N1[C@H](C(=O)N[C@@H](CCC(=O)N)C(=O)N2[C@H](C(=O)N[C@@H](C)C(=O)N[C@@H](Cc3nc[nH]c3)C(=O)N[C@@H](CCCNC(=[NH2+])N)C(=O)N[C@@H](Cc3ccccc3)C(=O)N[C@@H](CC(C)C)C(=O)N[C@@H](Cc3ccccc3)C(=O)N[C@@H](CC(C)C)C(=O)N[C@@H](CCCC[NH3+])C(=O)N[C@@H]([C@@H](C)CC)C(=O)N[C@@H](CCSC)C(=O)N[C@@H](C)C(=O)N[C@@H](CCSC)C(=O)N[C@@H](CC(C)C)C(=O)N[C@@H]([C@H](O)C)C(=O)N[C@@H](CCC(=O)[O-])C(=O)N[C@@H](CC(C)C)C(=O)N[C@@H](CCCNC(=[NH2+])N)C(=O)N[C@@H](CO)C(=O)N[C@@H]([C@@H](C)CC)C(=O)N[C@@H](CC(=O)N)C(=O)N[C@@H](C)C(=O)N[C@@H](CCC(=O)N)C(=O)N[C@@H](Cc3nc[nH]c3)C(=O)N[C@@H]([C@H](O)C)C(=O)N[C@@H](CCC(=O)N)C(=O)N[C@@H](CCCNC(=[NH2+])N)C(=O)N[C@@H](CC(C)C)C(=O)N[C@@H](CC(C)C)C(=O)N[C@@H](CCCNC(=[NH2+])N)C(=O)N[C@@H]([C@@H](C)CC)C(=O)N[C@@H](CCC(=O)N)C(=O)N[C@@H](CC(=O)[O-])C(=O)N[C@@H]([C@@H](C)CC)C(=O)N[C@@H](Cc3nc[nH]c3)C(=O)N3[C@H](C(=O)N[C@@H](Cc4ccccc4)C(=O)N[C@@H](C)C(=O)N[C@@H]([C@H](O)C)C(=O)N4[C@H](C(=O)N[C@@H](CC(C)C)C(=O)N[C@@H](CCSC)C(=O)N[C@@H](CCC(=O)N)C(=O)N[C@@H](CCC(=O)[O-])C(=O)N[C@@H](CC(C)C)C(=O)N[C@@H](Cc5ccccc5)C(=O)NCC(=O)N[C@@H]([C@@H](C)CC)C(=O)N[C@@H]([C@H](O)C)C(=O)NCC(=O)N[C@@H](CO)C(=O)N[C@@H](CC(C)C)C=O)CCC4)CCC3)CCC2)CCC1.S(C)CC[C@H](NC(=O)[C@@H](NC(=O)[C@@H](NC(=O)[C@@H](NC(=O)[C@@H](NC(=O)[C@@H](NC(=O)[C@@H](NC(=O)C[NH3+])CC(C)C)[C@H](O)C)CCC(=O)[O-])CCC(=O)[O-])CCC(=O)N)CCCNC(=[NH2+])N)C(=O)N[C@@H](CCSC)C(=O)N[C@@H]([C@@H](C)CC)C(=O)N[C@@H](C)C(=O)N[C@@H](CCC(=O)[O-])C(=O)N[C@@H](CC(C)C)C(=O)N[C@@H](CCSC)C(=O)N[C@@H](CC(=O)[O-])C(=O)N[C@@H](C)C(=O)N[C@@H](CCC(=O)N)C(=O)N[C@@H](CCSC)C(=O)N[C@@H](CCCC[NH3+])C(=O)N[C@@H]([C@H](O)C)C(=O)N[C@@H](Cc1ccccc1)C(=O)N[C@@H](CC(=O)[O-])C(=O)N[C@@H]([C@H](O)C)C(=O)N[C@@H]([C@H](O)C)C(=O)N[C@@H](Cc1ccccc1)C(=O)N[C@@H](CO)C(=O)N[C@@H](Cc1nc[nH]c1)C(=O)N[C@@H](Cc1ccccc1)C(=O)N[C@@H](CCCC[NH3+])C(=O)N[C@@H](CC(=O)N)C(=O)N[C@@H](Cc1ccccc1)C(=O)N[C@@H](CCCNC(=[NH2+])N)C(=O)N[C@@H](CC(C)C)C(=O)N1[C@H](C(=O)NCC(=O)N[C@H](C=O)C(C)C)CCC1"
"PXR_pdbalignments_holo_TIER1_sorted_moesession.moe","2026-05-29 13:43:33","7AXA.A",1,25,344.845,"Clc1c(C(n2cncc2)(c2ccccc2)c2ccccc2)cccc1"
"PXR_pdbalignments_holo_TIER1_sorted_moesession.moe","2026-05-29 13:43:33","7AXA.A",170,170,2720,"O.O.O.O.O.O.O.O.O.O.O.O.O.O.O.O.O.O.O.O.O.O.O.O.O.O.O.O.O.O.O.O.O.O.O.O.O.O.O.O.O.O.O.O.O.O.O.O.O.O.O.O.O.O.O.O.O.O.O.O.O.O.O.O.O.O.O.O.O.O.O.O.O.O.O.O.O.O.O.O.O.O.O.O.O.O.O.O.O.O.O.O.O.O.O.O.O.O.O.O.O.O.O.O.O.O.O.O.O.O.O.O.O.O.O.O.O.O.O.O.O.O.O.O.O.O.O.O.O.O.O.O.O.O.O.O.O.O.O.O.O.O.O.O.O.O.O.O.O.O.O.O.O.O.O.O.O.O.O.O.O.O.O.O.O.O.O.O.O.O"
"PXR_pdbalignments_holo_TIER1_sorted_moesession.moe","2026-05-29 13:43:33","9BEQ.A",267,2111,30038.3,"SC[C@H](NC(=O)[C@@H](NC(=O)[C@@H](NC(=O)[C@@H](NC(=O)CNC(=O)[C@@H](NC(=O)[C@@H](NC(=O)[C@@H](NC(=O)[C@@H](NC(=O)[C@@H](NC(=O)[C@@H](NC(=O)[C@@H](NC(=O)[C@@H](NC(=O)[C@@H](NC(=O)[C@@H](NC(=O)[C@@H](NC(=O)[C@@H](NC(=O)[C@@H](NC(=O)[C@@H](NC(=O)[C@@H](NC(=O)[C@@H](NC(=O)[C@@H](NC(=O)[C@@H](NC(=O)CNC(=O)[C@@H](NC(=O)[C@@H](NC(=O)[C@@H](NC(=O)[C@@H](NC(=O)[C@@H](NC(=O)[C@@H](NC(=O)[C@@H](NC(=O)[C@@H](NC(=O)[C@@H](NC(=O)[C@H]1N(C(=O)[C@@H](NC(=O)[C@@H](NC(=O)[C@@H](NC(=O)[C@@H](NC(=O)[C@@H](NC(=O)[C@@H](NC(=O)[C@@H](NC(=O)[C@@H](NC(=O)[C@@H](NC(=O)[C@@H](NC(=O)[C@@H](NC(=O)[C@@H](NC(=O)[C@@H](NC(=O)[C@@H](NC(=O)CNC(=O)[C@@H](NC(=O)[C@@H](NC(=O)[C@@H](NC(=O)[C@@H](NC(=O)[C@@H](NC(=O)[C@@H](NC(=O)[C@@H](NC(=O)[C@@H](NC(=O)[C@@H](NC(=O)[C@@H](NC(=O)[C@@H](NC(=O)[C@H]2N(C(=O)[C@@H](NC(=O)[C@@H](NC(=O)[C@@H](NC(=O)[C@@H](NC(=O)[C@@H](NC(=O)[C@@H]([NH3+])C)[C@@H](C)CC)Cc3ccccc3)CO)CC(C)C)CC(C)C)CCC2)Cc2nc[nH]c2)CCSC)C)CC(=O)[O-])CCSC)CO)[C@H](O)C)Cc2ccc(O)cc2)CCSC)Cc2ccccc2)CCCC[NH3+])[C@@H](C)CC)[C@@H](C)CC)CO)Cc2ccccc2)C)CCCC[NH3+])C(C)C)[C@@H](C)CC)CO)Cc2ccc(O)cc2)Cc2ccccc2)CCCNC(=[NH2+])N)CC(=O)[O-])CC(C)C)CCC1)[C@@H](C)CC)CCC(=O)[O-])CC(=O)[O-])CCC(=O)N)[C@@H](C)CC)CO)CC(C)C)CC(C)C)CCCC[NH3+])C)C)Cc1ccccc1)CCC(=O)[O-])CC(C)C)CS)CCC(=O)N)CC(C)C)CCCNC(=[NH2+])N)Cc1ccccc1)CC(=O)N)[C@H](O)C)C(C)C)Cc1ccccc1)CC(=O)N)C)CCC(=O)[O-])[C@H](O)C)[C@H](O)C)Cc1c[nH]c2ccccc12)CCC(=O)[O-])C(=O)NCC(=O)N[C@@H](CCCNC(=[NH2+])N)C(=O)N[C@@H](CC(C)C)C(=O)N[C@@H](CO)C(=O)N[C@@H](Cc1ccc(O)cc1)C(=O)N[C@@H](CS)C(=O)N[C@@H](CC(C)C)C(=O)N[C@@H](CCC(=O)[O-])C(=O)N[C@@H](CC(=O)[O-])C=O.SC[C@H](NC(=O)[C@@H](NC(=O)[C@@H](NC(=O)[C@@H](NC(=O)[C@@H](NC(=O)[C@@H](NC(=O)[C@@H](NC(=O)[C@@H](NC(=O)[C@@H](NC(=O)[C@@H](NC(=O)[C@@H](NC(=O)[C@@H]([NH3+])C)C)C)C)C)C)C(C)C)C)C)CC(=O)[O-])CC(C)C)C(=O)N[C@@H](CO)C(=O)N[C@@H](CC(C)C)C(=O)N[C@@H](CCCC[NH3+])C(=O)N[C@@H](C(C)C)C(=O)N[C@@H](CO)C(=O)N[C@@H](CC(C)C)C(=O)N[C@@H](CCC(=O)N)C(=O)N[C@@H](CC(C)C)C(=O)N[C@@H](CCCNC(=[NH2+])N)C(=O)NCC(=O)N[C@@H](C)C(=O)N[C@@H](CC(=O)[O-])C(=O)NCC(=O)N[C@@H](CO)C(=O)N[C@@H](C(C)C)C(=O)N[C@@H](Cc1c[nH]c2ccccc12)C(=O)N[C@@H](CC(=O)N)C(=O)N[C@@H](Cc1ccc(O)cc1)C(=O)N[C@@H](C)C(=O)N1[C@H](C(=O)N2[C@H](C(=O)N[C@@H](C)C=O)CCC2)CCC1.SC[C@H](NC(=O)[C@@H](NC(=O)[C@@H](NC(=O)[C@@H](NC(=O)[C@@H](NC(=O)[C@@H](NC(=O)[C@@H](NC(=O)[C@@H](NC(=O)[C@@H](NC(=O)[C@@H](NC(=O)[C@@H](NC(=O)[C@@H](NC(=O)[C@@H](NC(=O)[C@@H](NC(=O)[C@@H](NC(=O)[C@@H](NC(=O)[C@@H](NC(=O)[C@@H](NC(=O)[C@@H](NC(=O)[C@@H](NC(=O)[C@@H](NC(=O)[C@@H](NC(=O)[C@@H](NC(=O)[C@@H](NC(=O)CNC(=O)[C@H]1N(C(=O)[C@@H](NC(=O)[C@@H](NC(=O)[C@H]2N(C(=O)[C@@H](NC(=O)[C@@H](NC(=O)[C@@H](NC(=O)[C@@H](NC(=O)[C@@H](NC(=O)[C@@H](NC(=O)[C@@H](NC(=O)[C@@H](NC(=O)[C@@H](NC(=O)[C@@H](NC(=O)[C@@H](NC(=O)[C@@H](NC(=O)[C@@H](NC(=O)[C@@H](NC(=O)[C@@H](NC(=O)[C@@H](NC(=O)[C@@H](NC(=O)[C@@H](NC(=O)[C@@H](NC(=O)[C@@H](NC(=O)[C@@H](NC(=O)[C@@H](NC(=O)[C@@H](NC(=O)[C@@H](NC(=O)[C@@H](NC(=O)[C@@H](NC(=O)[C@@H](NC(=O)[C@@H](NC(=O)[C@H]3N(C(=O)[C@@H](NC(=O)[C@@H](NC(=O)[C@@H](NC(=O)[C@@H](NC(=O)[C@@H](NC(=O)[C@@H](NC(=O)[C@@H](NC(=O)C[NH3+])C)C)C)CC(C)C)CC(C)C)CC(C)C)CCC(=O)[O-])CCC3)CCSC)CC(C)C)CCCC[NH3+])Cc3ccccc3)Cc3nc[nH]c3)Cc3ccc(O)cc3)CCSC)CC(C)C)CCCC[NH3+])C)CC(C)C)CCC(=O)N)CC(C)C)Cc3nc[nH]c3)CCC(=O)[O-])CCC(=O)[O-])CCC(=O)[O-])Cc3ccc(O)cc3)C(C)C)CC(C)C)CCSC)CCC(=O)N)C)[C@@H](C)CC)CO)CC(C)C)Cc3ccccc3)CO)CCC2)CC(=O)[O-])CCCNC(=[NH2+])N)CCC1)C(C)C)CC(C)C)CCC(=O)N)Cc1nc[nH]c1)C)C(C)C)C(C)C)CC(=O)[O-])CCC(=O)N)CC(C)C)CCC(=O)N)CCC(=O)[O-])CCC(=O)N)Cc1ccccc1)C)[C@@H](C)CC)[C@H](O)C)CC(C)C)CCCC[NH3+])CO)Cc1ccc(O)cc1)[C@@H](C)CC)CCC(=O)[O-])C(=O)N[C@@H](CC(=O)N)C(=O)N[C@@H](CCCNC(=[NH2+])N)C(=O)N1[C@H](C(=O)N[C@@H](CCC(=O)N)C(=O)N2[C@H](C(=O)N[C@@H](C)C(=O)N[C@@H](Cc3nc[nH]c3)C(=O)N[C@@H](CCCNC(=[NH2+])N)C(=O)N[C@@H](Cc3ccccc3)C(=O)N[C@@H](CC(C)C)C(=O)N[C@@H](Cc3ccccc3)C(=O)N[C@@H](CC(C)C)C(=O)N[C@@H](CCCC[NH3+])C(=O)N[C@@H]([C@@H](C)CC)C(=O)N[C@@H](CCSC)C(=O)N[C@@H](C)C(=O)N[C@@H](CCSC)C(=O)N[C@@H](CC(C)C)C(=O)N[C@@H]([C@H](O)C)C(=O)N[C@@H](CCC(=O)[O-])C(=O)N[C@@H](CC(C)C)C(=O)N[C@@H](CCCNC(=[NH2+])N)C(=O)N[C@@H](CO)C(=O)N[C@@H]([C@@H](C)CC)C(=O)N[C@@H](CC(=O)N)C(=O)N[C@@H](C)C(=O)N[C@@H](CCC(=O)N)C(=O)N[C@@H](Cc3nc[nH]c3)C(=O)N[C@@H]([C@H](O)C)C(=O)N[C@@H](CCC(=O)N)C(=O)N[C@@H](CCCNC(=[NH2+])N)C(=O)N[C@@H](CC(C)C)C(=O)N[C@@H](CC(C)C)C(=O)N[C@@H](CCCNC(=[NH2+])N)C(=O)N[C@@H]([C@@H](C)CC)C(=O)N[C@@H](CCC(=O)N)C(=O)N[C@@H](CC(=O)[O-])C(=O)N[C@@H]([C@@H](C)CC)C(=O)N[C@@H](Cc3nc[nH]c3)C(=O)N3[C@H](C(=O)N[C@@H](Cc4ccccc4)C(=O)N[C@@H](C)C(=O)N[C@@H]([C@H](O)C)C(=O)N4[C@H](C(=O)N[C@@H](CC(C)C)C(=O)N[C@@H](CCSC)C(=O)N[C@@H](CCC(=O)N)C(=O)N[C@@H](CCC(=O)[O-])C(=O)N[C@@H](CC(C)C)C(=O)N[C@@H](Cc5ccccc5)C(=O)NCC(=O)N[C@@H]([C@@H](C)CC)C(=O)N[C@@H]([C@H](O)C)C(=O)NCC(=O)N[C@@H](CO)C=O)CCC4)CCC3)CCC2)CCC1.S(C)CC[C@H](NC(=O)[C@@H](NC(=O)[C@@H](NC(=O)[C@@H](NC(=O)[C@@H](NC(=O)[C@@H](NC(=O)[C@@H](NC(=O)C[NH3+])CC(C)C)[C@H](O)C)CCC(=O)[O-])CCC(=O)[O-])CCC(=O)N)CCCNC(=[NH2+])N)C(=O)N[C@@H](CCSC)C(=O)N[C@@H]([C@@H](C)CC)C(=O)N[C@@H](CCCNC(=[NH2+])N)C(=O)N[C@@H](CCC(=O)[O-])C(=O)N[C@@H](CC(C)C)C(=O)N[C@@H](CCSC)C(=O)N[C@@H](CC(=O)[O-])C(=O)N[C@@H](C)C(=O)N[C@@H](CCC(=O)N)C(=O)N[C@@H](CCSC)C(=O)N[C@@H](CCCC[NH3+])C(=O)N[C@@H]([C@H](O)C)C(=O)N[C@@H](Cc1ccccc1)C(=O)N[C@@H](CC(=O)[O-])C(=O)N[C@@H]([C@H](O)C)C(=O)N[C@@H]([C@H](O)C)C(=O)N[C@@H](Cc1ccccc1)C(=O)N[C@@H](CO)C(=O)N[C@@H](Cc1nc[nH]c1)C(=O)N[C@@H](Cc1ccccc1)C(=O)N[C@@H](C)C(=O)N[C@@H](CC(=O)N)C(=O)N[C@@H](Cc1ccccc1)C(=O)N[C@@H](CCCNC(=[NH2+])N)C(=O)N[C@@H](CC(C)C)C(=O)N1[C@H](C(=O)NCC(=O)N[C@@H](C)C=O)CCC1"
"PXR_pdbalignments_holo_TIER1_sorted_moesession.moe","2026-05-29 13:43:33","9BEQ.A",1,50,692.782,"O([C@H](CCc1cc(OC)c(OC)cc1)c1cc(OCC(=O)[O-])ccc1)C(=O)[C@H]1N(C(=O)[C@@H](CC)c2cc(OC)c(OC)c(OC)c2)CCCC1"
"PXR_pdbalignments_holo_TIER1_sorted_moesession.moe","2026-05-29 13:43:33","9BEQ.A",30,30,480,"O.O.O.O.O.O.O.O.O.O.O.O.O.O.O.O.O.O.O.O.O.O.O.O.O.O.O.O.O.O"
"PXR_pdbalignments_holo_TIER1_sorted_moesession.moe","2026-05-29 13:43:33","9FZG.A",259,2042,29033,"SC[C@H](NC(=O)[C@@H](NC(=O)[C@@H](NC(=O)[C@@H](NC(=O)CNC(=O)[C@@H](NC(=O)[C@@H](NC(=O)[C@@H](NC(=O)[C@@H](NC(=O)[C@@H](NC(=O)[C@@H](NC(=O)[C@@H](NC(=O)[C@@H](NC(=O)[C@@H](NC(=O)[C@@H](NC(=O)[C@@H](NC(=O)[C@@H](NC(=O)[C@@H](NC(=O)[C@@H](NC(=O)[C@@H](NC(=O)[C@@H](NC(=O)[C@@H](NC(=O)[C@@H](NC(=O)CNC(=O)[C@@H](NC(=O)[C@@H](NC(=O)[C@@H](NC(=O)[C@@H](NC(=O)[C@@H](NC(=O)[C@@H](NC(=O)[C@@H](NC(=O)[C@@H](NC(=O)[C@@H](NC(=O)[C@H]1N(C(=O)[C@@H](NC(=O)[C@@H](NC(=O)[C@@H](NC(=O)[C@@H](NC(=O)[C@@H](NC(=O)[C@@H](NC(=O)[C@@H](NC(=O)[C@@H](NC(=O)[C@@H](NC(=O)[C@@H](NC(=O)[C@@H](NC(=O)[C@@H](NC(=O)[C@@H](NC(=O)[C@@H](NC(=O)CNC(=O)[C@@H](NC(=O)[C@@H](NC(=O)[C@@H](NC(=O)[C@@H](NC(=O)[C@@H](NC(=O)[C@@H](NC(=O)[C@@H](NC(=O)[C@@H](NC(=O)[C@@H](NC(=O)[C@@H](NC(=O)[C@@H](NC(=O)[C@H]2N(C(=O)[C@@H](NC(=O)[C@@H](NC(=O)[C@@H](NC(=O)[C@@H](NC(=O)[C@@H](NC(=O)[C@@H](NC(=O)[C@@H](NC(=O)CNC(=O)CNC(=O)[C@@H](NC(=O)[C@@H](NC(=O)[C@@H](NC(=O)[C@H]3N(C(=O)[C@H]4N(C(=O)[C@@H](NC(=O)[C@@H](NC(=O)[C@@H](NC(=O)[C@@H](NC(=O)[C@@H](NC(=O)[C@@H](NC(=O)CNC(=O)[C@@H](NC(=O)[C@@H](NC(=O)CNC(=O)[C@@H](NC(=O)[C@@H](NC(=O)[C@@H](NC(=O)[C@@H](NC(=O)[C@@H](NC(=O)[C@@H](NC(=O)[C@@H](NC(=O)[C@@H](NC(=O)[C@@H]([NH3+])C)C)CC)C(C)C)CO)CC(C)C)CCC(=O)N)CC(C)C)CCCNC(=[NH2+])N)C)CC(=O)[O-])CO)C(C)C)Cc5c[nH]c6ccccc56)CC(=O)N)Cc5ccc(O)cc5)CC)CCC4)CCC3)C)CC(=O)[O-])C)C)CCC(=O)[O-])[C@@H](C)CC)Cc3ccccc3)CO)CC(C)C)CC(C)C)CCC2)Cc2nc[nH]c2)CCSC)C)CC(=O)[O-])CCSC)CO)[C@H](O)C)Cc2ccc(O)cc2)CCSC)Cc2ccccc2)CCCC[NH3+])[C@@H](C)CC)[C@@H](C)CC)CO)Cc2ccccc2)C)CCC)C(C)C)[C@@H](C)CC)CO)Cc2ccc(O)cc2)Cc2ccccc2)CCCNC(=[NH2+])N)CC(=O)[O-])CC(C)C)CCC1)[C@@H](C)CC)CCC(=O)[O-])CC(=O)[O-])CCC(=O)N)[C@@H](C)CC)CO)CC(C)C)CC(C)C)CCCC[NH3+])C)C)Cc1ccccc1)CCC(=O)[O-])CC(C)C)CS)CCC(=O)N)CC(C)C)CCCNC(=[NH2+])N)Cc1ccccc1)CC(=O)N)[C@H](O)C)C(C)C)Cc1ccccc1)CC(=O)N)C)CCC(=O)[O-])[C@H](O)C)[C@H](O)C)Cc1c[nH]c2ccccc12)CCC(=O)[O-])C(=O)NCC(=O)N[C@@H](C)C(=O)N[C@@H](CC(C)C)C(=O)N[C@@H](CO)C(=O)N[C@@H](Cc1ccc(O)cc1)C(=O)N[C@@H](CS)C(=O)N[C@@H](CC(C)C)C(=O)N[C@@H](CCC(=O)[O-])C(=O)N[C@@H](C)C=O.SC[C@H](NC(=O)[C@@H](NC(=O)[C@@H](NC(=O)[C@@H](NC(=O)[C@@H](NC(=O)[C@@H](NC(=O)[C@@H](NC(=O)[C@@H](NC(=O)[C@@H](NC(=O)[C@@H](NC(=O)[C@@H](NC(=O)[C@@H](NC(=O)[C@@H](NC(=O)[C@@H](NC(=O)[C@@H](NC(=O)[C@@H](NC(=O)[C@@H](NC(=O)[C@@H](NC(=O)[C@@H](NC(=O)[C@@H](NC(=O)[C@@H](NC(=O)[C@@H](NC(=O)[C@@H](NC(=O)[C@@H](NC(=O)CNC(=O)[C@H]1N(C(=O)[C@@H](NC(=O)[C@@H](NC(=O)[C@H]2N(C(=O)[C@@H](NC(=O)[C@@H](NC(=O)[C@@H](NC(=O)[C@@H](NC(=O)[C@@H](NC(=O)[C@@H](NC(=O)[C@@H](NC(=O)[C@@H](NC(=O)[C@@H](NC(=O)[C@@H](NC(=O)[C@@H](NC(=O)[C@@H](NC(=O)[C@@H](NC(=O)[C@@H](NC(=O)[C@@H](NC(=O)[C@@H](NC(=O)[C@@H](NC(=O)[C@@H](NC(=O)[C@@H](NC(=O)[C@@H](NC(=O)[C@@H](NC(=O)[C@@H](NC(=O)[C@@H](NC(=O)[C@@H](NC(=O)[C@@H](NC(=O)[C@@H](NC(=O)[C@@H](NC(=O)[C@@H](NC(=O)[C@H]3N(C(=O)[C@@H](NC(=O)[C@@H](NC(=O)[C@@H](NC(=O)[C@@H](NC(=O)[C@@H](NC(=O)[C@@H](NC(=O)[C@@H]([NH3+])C)C)C)C)CC(C)C)CC(C)C)CCC(=O)[O-])CCC3)CCSC)CC(C)C)CCC)Cc3ccccc3)Cc3nc[nH]c3)Cc3ccc(O)cc3)CCSC)CC(C)C)CCCC[NH3+])CCC)CC(C)C)CCC(=O)N)CC(C)C)Cc3nc[nH]c3)CCC(=O)[O-])CCC(=O)[O-])CCC(=O)[O-])Cc3ccc(O)cc3)C(C)C)CC(C)C)CCSC)CCC(=O)N)C)[C@@H](C)CC)CO)CC(C)C)Cc3ccccc3)CO)CCC2)CC(=O)[O-])CCCNC(=[NH2+])N)CCC1)C(C)C)CC(C)C)CCC(=O)N)Cc1nc[nH]c1)C)C(C)C)C(C)C)CC(=O)[O-])CCC(=O)N)CC(C)C)CCC(=O)N)CCC(=O)[O-])CCC(=O)N)Cc1ccccc1)C)[C@@H](C)CC)[C@H](O)C)CC(C)C)CCCC[NH3+])CO)Cc1ccc(O)cc1)[C@@H](C)CC)CCC(=O)[O-])C(=O)N[C@@H](CC(=O)N)C(=O)N[C@@H](CCCNC(=[NH2+])N)C(=O)N1[C@H](C(=O)N[C@@H](CCC(=O)N)C(=O)N2[C@H](C(=O)N[C@@H](C)C(=O)N[C@@H](Cc3nc[nH]c3)C(=O)N[C@@H](CCCNC(=[NH2+])N)C(=O)N[C@@H](Cc3ccccc3)C(=O)N[C@@H](CC(C)C)C(=O)N[C@@H](Cc3ccccc3)C(=O)N[C@@H](CC(C)C)C(=O)N[C@@H](CCCC[NH3+])C(=O)N[C@@H]([C@@H](C)CC)C(=O)N[C@@H](CCSC)C(=O)N[C@@H](C)C(=O)N[C@@H](CCSC)C(=O)N[C@@H](CC(C)C)C(=O)N[C@@H]([C@H](O)C)C(=O)N[C@@H](CCC(=O)[O-])C(=O)N[C@@H](CC(C)C)C(=O)N[C@@H](CCCNC(=[NH2+])N)C(=O)N[C@@H](CO)C(=O)N[C@@H]([C@@H](C)CC)C(=O)N[C@@H](CC(=O)N)C(=O)N[C@@H](C)C(=O)N[C@@H](CCC(=O)N)C(=O)N[C@@H](Cc3nc[nH]c3)C(=O)N[C@@H]([C@H](O)C)C(=O)N[C@@H](CCC(=O)N)C(=O)N[C@@H](CCCNC(=[NH2+])N)C(=O)N[C@@H](CC(C)C)C(=O)N[C@@H](CC(C)C)C(=O)N[C@@H](CCCNC(=[NH2+])N)C(=O)N[C@@H]([C@@H](C)CC)C(=O)N[C@@H](CCC(=O)N)C(=O)N[C@@H](CC(=O)[O-])C(=O)N[C@@H]([C@@H](C)CC)C(=O)N[C@@H](Cc3nc[nH]c3)C(=O)N3[C@H](C(=O)N[C@@H](Cc4ccccc4)C(=O)N[C@@H](C)C(=O)N[C@@H]([C@H](O)C)C(=O)N4[C@H](C(=O)N[C@@H](CC(C)C)C(=O)N[C@@H](CCSC)C(=O)N[C@@H](CCC(=O)N)C(=O)N[C@@H](CCC(=O)[O-])C(=O)N[C@@H](CC(C)C)C(=O)N[C@@H](Cc5ccccc5)C(=O)NCC(=O)N[C@@H]([C@@H](C)CC)C(=O)N[C@@H]([C@H](O)C)C(=O)NCC(=O)N[C@@H](CO)C=O)CCC4)CCC3)CCC2)CCC1.S(C)CC[C@H](NC(=O)[C@@H](NC(=O)[C@@H](NC(=O)[C@@H](NC(=O)[C@@H](NC(=O)[C@@H](NC(=O)[C@@H](NC(=O)C[NH3+])CC(C)C)[C@H](O)C)CCC(=O)[O-])C)CCC(=O)N)CCCNC(=[NH2+])N)C(=O)N[C@@H](CCSC)C(=O)N[C@@H]([C@@H](C)CC)C(=O)N[C@@H](C)C(=O)N[C@@H](CCC(=O)[O-])C(=O)N[C@@H](CC(C)C)C(=O)N[C@@H](CCSC)C(=O)N[C@@H](CC(=O)[O-])C(=O)N[C@@H](C)C(=O)N[C@@H](CCC(=O)N)C(=O)N[C@@H](CCSC)C(=O)N[C@@H](CCCC[NH3+])C(=O)N[C@@H]([C@H](O)C)C(=O)N[C@@H](Cc1ccccc1)C(=O)N[C@@H](CC(=O)[O-])C(=O)N[C@@H]([C@H](O)C)C(=O)N[C@@H]([C@H](O)C)C(=O)N[C@@H](Cc1ccccc1)C(=O)N[C@@H](CO)C(=O)N[C@@H](Cc1nc[nH]c1)C(=O)N[C@@H](Cc1ccccc1)C(=O)N[C@@H](CCCC[NH3+])C(=O)N[C@@H](CC(=O)N)C(=O)N[C@@H](Cc1ccccc1)C(=O)N[C@@H](CCCNC(=[NH2+])N)C(=O)N[C@@H](CC(C)C)C(=O)N1[C@H](C(=O)NCC(=O)N[C@@H](C)C=O)CCC1"
"PXR_pdbalignments_holo_TIER1_sorted_moesession.moe","2026-05-29 13:43:33","9FZG.A",1,60,840.143,"S(=O)(=O)(Nc1ccc2n(Cc3ccccc3)c(CCCCCCCNC(=O)COCCOCCNC(=O)CC34CC5CC(C3)CC(C4)C5)nc2c1)c1c(C)cc(C)cc1C"
"PXR_pdbalignments_holo_TIER1_sorted_moesession.moe","2026-05-29 13:43:33","9FZG.A",199,199,3184,"O.O.O.O.O.O.O.O.O.O.O.O.O.O.O.O.O.O.O.O.O.O.O.O.O.O.O.O.O.O.O.O.O.O.O.O.O.O.O.O.O.O.O.O.O.O.O.O.O.O.O.O.O.O.O.O.O.O.O.O.O.O.O.O.O.O.O.O.O.O.O.O.O.O.O.O.O.O.O.O.O.O.O.O.O.O.O.O.O.O.O.O.O.O.O.O.O.O.O.O.O.O.O.O.O.O.O.O.O.O.O.O.O.O.O.O.O.O.O.O.O.O.O.O.O.O.O.O.O.O.O.O.O.O.O.O.O.O.O.O.O.O.O.O.O.O.O.O.O.O.O.O.O.O.O.O.O.O.O.O.O.O.O.O.O.O.O.O.O.O.O.O.O.O.O.O.O.O.O.O.O.O.O.O.O.O.O.O.O.O.O.O.O.O.O.O.O.O.O"
"PXR_pdbalignments_holo_TIER1_sorted_moesession.moe","2026-05-29 13:43:33","5A86.A",271,2213,31484,"SC[C@H](NC(=O)[C@@H](NC(=O)[C@@H](NC(=O)[C@@H](NC(=O)CNC(=O)[C@@H](NC(=O)[C@@H](NC(=O)[C@@H](NC(=O)[C@@H](NC(=O)[C@@H](NC(=O)[C@@H](NC(=O)[C@@H](NC(=O)[C@@H](NC(=O)[C@@H](NC(=O)[C@@H](NC(=O)[C@@H](NC(=O)[C@@H](NC(=O)[C@@H](NC(=O)[C@@H](NC(=O)[C@@H](NC(=O)[C@@H](NC(=O)[C@@H](NC(=O)[C@@H](NC(=O)CNC(=O)[C@@H](NC(=O)[C@@H](NC(=O)[C@@H](NC(=O)[C@@H](NC(=O)[C@@H](NC(=O)[C@@H](NC(=O)[C@@H](NC(=O)[C@@H](NC(=O)[C@@H](NC(=O)[C@H]1N(C(=O)[C@@H](NC(=O)[C@@H](NC(=O)[C@@H](NC(=O)[C@@H](NC(=O)[C@@H](NC(=O)[C@@H](NC(=O)[C@@H](NC(=O)[C@@H](NC(=O)[C@@H](NC(=O)[C@@H](NC(=O)[C@@H](NC(=O)[C@@H](NC(=O)[C@@H](NC(=O)[C@@H](NC(=O)CNC(=O)[C@@H](NC(=O)[C@@H](NC(=O)[C@@H](NC(=O)[C@@H](NC(=O)[C@@H](NC(=O)[C@@H](NC(=O)[C@@H](NC(=O)[C@@H](NC(=O)[C@@H](NC(=O)[C@@H](NC(=O)[C@@H](NC(=O)[C@H]2N(C(=O)[C@@H](NC(=O)[C@@H](NC(=O)[C@@H](NC(=O)[C@@H](NC(=O)[C@@H](NC(=O)[C@@H](NC(=O)[C@@H](NC(=O)CNC(=O)CNC(=O)[C@@H](NC(=O)[C@@H](NC(=O)[C@@H](NC(=O)[C@H]3N(C(=O)[C@H]4N(C(=O)[C@@H](NC(=O)[C@@H](NC(=O)[C@@H](NC(=O)[C@@H](NC(=O)[C@@H](NC(=O)[C@@H](NC(=O)CNC(=O)[C@@H](NC(=O)[C@@H](NC(=O)CNC(=O)[C@@H](NC(=O)[C@@H](NC(=O)[C@@H](NC(=O)[C@@H](NC(=O)[C@@H](NC(=O)[C@@H](NC(=O)[C@@H](NC(=O)[C@@H](NC(=O)[C@@H](NC(=O)[C@@H](NC(=O)[C@@H](NC(=O)[C@@H](NC(=O)[C@@H](NC(=O)[C@@H](NC(=O)[C@@H](NC(=O)[C@@H](NC(=O)[C@@H](NC(=O)[C@@H](NC(=O)[C@@H](NC(=O)[C@@H](NC(=O)[C@@H](NC(=O)[C@@H](NC(=O)[C@@H]([NH3+])CCC(=O)[O-])CCC(=O)[O-])C)C)CCCC[NH3+])Cc5c[nH]c6ccccc56)CO)CCC(=O)N)C(C)C)CCCNC(=[NH2+])N)CCCC[NH3+])CC(=O)[O-])CC(C)C)CS)CO)CC(C)C)CCCC[NH3+])C(C)C)CO)CC(C)C)CCC(=O)N)CC(C)C)CCCNC(=[NH2+])N)CCC(=O)[O-])CC(=O)[O-])CO)C(C)C)Cc5c[nH]c6ccccc56)CC(=O)N)Cc5ccc(O)cc5)CCCC[NH3+])CCC4)CCC3)C)CC(=O)[O-])CO)CCCC[NH3+])CCC(=O)[O-])[C@@H](C)CC)Cc3ccccc3)CO)CC(C)C)CC(C)C)CCC2)Cc2nc[nH]c2)CCSC)C)CC(=O)[O-])CCSC)CO)[C@H](O)C)Cc2ccc(O)cc2)CCSC)Cc2ccccc2)CCCC[NH3+])[C@@H](C)CC)[C@@H](C)CC)CO)Cc2ccccc2)C)CCCC[NH3+])C(C)C)[C@@H](C)CC)CO)Cc2ccc(O)cc2)Cc2ccccc2)CCCNC(=[NH2+])N)CC(=O)[O-])CC(C)C)CCC1)[C@@H](C)CC)CCC(=O)[O-])CC(=O)[O-])CCC(=O)N)[C@@H](C)CC)CO)CC(C)C)CC(C)C)CCCC[NH3+])C)C)Cc1ccccc1)CCC(=O)[O-])CC(C)C)CS)CCC(=O)N)CC(C)C)CCCNC(=[NH2+])N)Cc1ccccc1)CC(=O)N)[C@H](O)C)C(C)C)Cc1ccccc1)CC(=O)N)C)CCC(=O)[O-])[C@H](O)C)[C@H](O)C)Cc1c[nH]c2ccccc12)CCC(=O)[O-])C(=O)NCC(=O)N[C@@H](CCCNC(=[NH2+])N)C(=O)N[C@@H](CC(C)C)C(=O)N[C@@H](CO)C(=O)N[C@@H](Cc1ccc(O)cc1)C(=O)N[C@@H](CS)C(=O)N[C@@H](CC(C)C)C(=O)N[C@@H](CCC(=O)[O-])C(=O)N[C@@H](CC(=O)[O-])C(=O)N[C@@H]([C@H](O)C)C(=O)N[C@@H](C)C=O.SC[C@H](NC(=O)[C@@H](NC(=O)[C@@H](NC(=O)[C@@H](NC(=O)[C@@H](NC(=O)[C@@H](NC(=O)[C@@H](NC(=O)[C@@H](NC(=O)[C@@H](NC(=O)[C@@H](NC(=O)[C@@H](NC(=O)[C@@H](NC(=O)[C@@H](NC(=O)[C@@H](NC(=O)[C@@H](NC(=O)[C@@H](NC(=O)[C@@H](NC(=O)[C@@H](NC(=O)[C@@H](NC(=O)[C@@H](NC(=O)[C@@H](NC(=O)[C@@H](NC(=O)[C@@H](NC(=O)[C@@H](NC(=O)CNC(=O)[C@H]1N(C(=O)[C@@H](NC(=O)[C@@H](NC(=O)[C@H]2N(C(=O)[C@@H](NC(=O)[C@@H](NC(=O)[C@@H](NC(=O)[C@@H](NC(=O)[C@@H](NC(=O)[C@@H](NC(=O)[C@@H](NC(=O)[C@@H](NC(=O)[C@@H](NC(=O)[C@@H](NC(=O)[C@@H](NC(=O)[C@@H](NC(=O)[C@@H](NC(=O)[C@@H](NC(=O)[C@@H](NC(=O)[C@@H](NC(=O)[C@@H](NC(=O)[C@@H](NC(=O)[C@@H](NC(=O)[C@@H](NC(=O)[C@@H](NC(=O)[C@@H](NC(=O)[C@@H](NC(=O)[C@@H](NC(=O)[C@@H](NC(=O)[C@@H](NC(=O)[C@@H](NC(=O)[C@@H](NC(=O)[C@H]3N(C(=O)[C@@H](NC(=O)[C@@H](NC(=O)[C@@H](NC(=O)[C@@H](NC(=O)[C@@H](NC(=O)[C@@H]([NH3+])CCC(=O)N)CCC(=O)N)CC(C)C)CC(C)C)CC(C)C)CCC(=O)[O-])CCC3)CCSC)CC(C)C)CCCC[NH3+])Cc3ccccc3)Cc3nc[nH]c3)Cc3ccc(O)cc3)CCSC)CC(C)C)CCCC[NH3+])CCCC[NH3+])CC(C)C)CCC(=O)N)CC(C)C)Cc3nc[nH]c3)CCC(=O)[O-])CCC(=O)[O-])CCC(=O)[O-])Cc3ccc(O)cc3)C(C)C)CC(C)C)CCSC)CCC(=O)N)C)[C@@H](C)CC)CO)CC(C)C)Cc3ccccc3)CO)CCC2)CC(=O)[O-])CCCNC(=[NH2+])N)CCC1)C(C)C)CC(C)C)CCC(=O)N)Cc1nc[nH]c1)CCCNC(=[NH2+])N)C(C)C)C(C)C)CC(=O)[O-])CCC(=O)N)CC(C)C)CCC(=O)N)CCC(=O)[O-])CCC(=O)N)Cc1ccccc1)C)[C@@H](C)CC)[C@H](O)C)CC(C)C)CCCC[NH3+])CO)Cc1ccc(O)cc1)[C@@H](C)CC)CCC(=O)[O-])C(=O)N[C@@H](CC(=O)N)C(=O)N[C@@H](CCCNC(=[NH2+])N)C(=O)N1[C@H](C(=O)N[C@@H](CCC(=O)N)C(=O)N2[C@H](C(=O)N[C@@H](C)C(=O)N[C@@H](Cc3nc[nH]c3)C(=O)N[C@@H](CCCNC(=[NH2+])N)C(=O)N[C@@H](Cc3ccccc3)C(=O)N[C@@H](CC(C)C)C(=O)N[C@@H](Cc3ccccc3)C(=O)N[C@@H](CC(C)C)C(=O)N[C@@H](CCCC[NH3+])C(=O)N[C@@H]([C@@H](C)CC)C(=O)N[C@@H](CCSC)C(=O)N[C@@H](C)C(=O)N[C@@H](CCSC)C(=O)N[C@@H](CC(C)C)C(=O)N[C@@H]([C@H](O)C)C(=O)N[C@@H](CCC(=O)[O-])C(=O)N[C@@H](CC(C)C)C(=O)N[C@@H](CCCNC(=[NH2+])N)C(=O)N[C@@H](CO)C(=O)N[C@@H]([C@@H](C)CC)C(=O)N[C@@H](CC(=O)N)C(=O)N[C@@H](C)C(=O)N[C@@H](CCC(=O)N)C(=O)N[C@@H](Cc3nc[nH]c3)C(=O)N[C@@H]([C@H](O)C)C(=O)N[C@@H](CCC(=O)N)C(=O)N[C@@H](CCCNC(=[NH2+])N)C(=O)N[C@@H](CC(C)C)C(=O)N[C@@H](CC(C)C)C(=O)N[C@@H](CCCNC(=[NH2+])N)C(=O)N[C@@H]([C@@H](C)CC)C(=O)N[C@@H](CCC(=O)N)C(=O)N[C@@H](CC(=O)[O-])C(=O)N[C@@H]([C@@H](C)CC)C(=O)N[C@@H](Cc3nc[nH]c3)C(=O)N3[C@H](C(=O)N[C@@H](Cc4ccccc4)C(=O)N[C@@H](C)C(=O)N[C@@H]([C@H](O)C)C(=O)N4[C@H](C(=O)N[C@@H](CC(C)C)C(=O)N[C@@H](CCSC)C(=O)N[C@@H](CCC(=O)N)C(=O)N[C@@H](CCC(=O)[O-])C(=O)N[C@@H](CC(C)C)C(=O)N[C@@H](Cc5ccccc5)C(=O)NCC(=O)N[C@@H]([C@@H](C)CC)C(=O)N[C@H](C=O)[C@H](O)C)CCC4)CCC3)CCC2)CCC1.S(C)CC[C@H](NC(=O)[C@@H](NC(=O)[C@@H](NC(=O)[C@@H](NC(=O)[C@@H](NC(=O)[C@@H](NC(=O)[C@@H]([NH3+])CC(C)C)[C@H](O)C)CCC(=O)[O-])CCC(=O)[O-])CCC(=O)N)CCCNC(=[NH2+])N)C(=O)N[C@@H](CCSC)C(=O)N[C@@H]([C@@H](C)CC)C(=O)N[C@@H](CCCNC(=[NH2+])N)C(=O)N[C@@H](CCC(=O)[O-])C(=O)N[C@@H](CC(C)C)C(=O)N[C@@H](CCSC)C(=O)N[C@@H](CC(=O)[O-])C(=O)N[C@@H](C)C(=O)N[C@@H](CCC(=O)N)C(=O)N[C@@H](CCSC)C(=O)N[C@@H](CCCC[NH3+])C(=O)N[C@@H]([C@H](O)C)C(=O)N[C@@H](Cc1ccccc1)C(=O)N[C@@H](CC(=O)[O-])C(=O)N[C@@H]([C@H](O)C)C(=O)N[C@@H]([C@H](O)C)C(=O)N[C@@H](Cc1ccccc1)C(=O)N[C@@H](CO)C(=O)N[C@@H](Cc1nc[nH]c1)C(=O)N[C@@H](Cc1ccccc1)C(=O)N[C@@H](CCCC[NH3+])C(=O)N[C@@H](CC(=O)N)C(=O)N[C@@H](Cc1ccccc1)C(=O)N[C@@H](CCCNC(=[NH2+])N)C(=O)N[C@@H](CC(C)C)C(=O)N1[C@H](C(=O)NCC(=O)N[C@H](C=O)C(C)C)CCC1"
"PXR_pdbalignments_holo_TIER1_sorted_moesession.moe","2026-05-29 13:43:33","5A86.A",1,28,431.866,"Clc1ccc(S(=O)(=O)N[C@H](C)c2n(CC)c3cc(C(F)(F)F)ccc3n2)cc1"
"PXR_pdbalignments_holo_TIER1_sorted_moesession.moe","2026-05-29 13:43:33","4J5X.B",1,33,504.541,"P(=O)(OCC)(OCC)C(P(=O)(OCC)OCC)=Cc1cc(C(C)(C)C)c(O)c(C(C)(C)C)c1"
"PXR_pdbalignments_holo_TIER1_sorted_moesession.moe","2026-05-29 13:43:33","4J5X.B",293,2371,33725.5,"SC[C@H](NC(=O)[C@@H](NC(=O)[C@@H](NC(=O)[C@@H](NC(=O)CNC(=O)[C@@H](NC(=O)[C@@H](NC(=O)[C@@H](NC(=O)[C@@H](NC(=O)[C@@H](NC(=O)[C@@H](NC(=O)[C@@H](NC(=O)[C@@H](NC(=O)[C@@H](NC(=O)[C@@H](NC(=O)[C@@H](NC(=O)[C@@H](NC(=O)[C@@H](NC(=O)[C@@H](NC(=O)[C@@H](NC(=O)[C@@H](NC(=O)[C@@H](NC(=O)[C@@H](NC(=O)CNC(=O)[C@@H](NC(=O)[C@@H](NC(=O)[C@@H](NC(=O)[C@@H](NC(=O)[C@@H](NC(=O)[C@@H](NC(=O)[C@@H](NC(=O)[C@@H](NC(=O)[C@@H](NC(=O)[C@H]1N(C(=O)[C@@H](NC(=O)[C@@H](NC(=O)[C@@H](NC(=O)[C@@H](NC(=O)[C@@H](NC(=O)[C@@H](NC(=O)[C@@H](NC(=O)[C@@H](NC(=O)[C@@H](NC(=O)[C@@H](NC(=O)[C@@H](NC(=O)[C@@H](NC(=O)[C@@H](NC(=O)[C@@H](NC(=O)CNC(=O)[C@@H](NC(=O)[C@@H](NC(=O)[C@@H](NC(=O)[C@@H](NC(=O)[C@@H](NC(=O)[C@@H](NC(=O)[C@@H](NC(=O)[C@@H](NC(=O)[C@@H](NC(=O)[C@@H](NC(=O)[C@@H](NC(=O)[C@H]2N(C(=O)[C@@H](NC(=O)[C@@H](NC(=O)[C@@H](NC(=O)[C@@H](NC(=O)[C@@H](NC(=O)[C@@H](NC(=O)[C@@H](NC(=O)CNC(=O)CNC(=O)[C@@H](NC(=O)[C@@H](NC(=O)[C@@H](NC(=O)[C@H]3N(C(=O)[C@H]4N(C(=O)[C@@H](NC(=O)[C@@H](NC(=O)[C@@H](NC(=O)[C@@H](NC(=O)[C@@H](NC(=O)[C@@H](NC(=O)CNC(=O)[C@@H](NC(=O)[C@@H](NC(=O)CNC(=O)[C@@H](NC(=O)[C@@H](NC(=O)[C@@H](NC(=O)[C@@H](NC(=O)[C@@H](NC(=O)[C@@H](NC(=O)[C@@H](NC(=O)[C@@H](NC(=O)[C@@H](NC(=O)[C@@H](NC(=O)[C@@H](NC(=O)[C@@H](NC(=O)[C@@H](NC(=O)[C@@H](NC(=O)[C@@H](NC(=O)[C@@H](NC(=O)[C@@H](NC(=O)[C@@H](NC(=O)[C@@H](NC(=O)[C@@H](NC(=O)[C@@H](NC(=O)[C@@H](NC(=O)[C@@H](NC(=O)[C@@H](NC(=O)[C@@H]([NH3+])CO)C)C)CCC(=O)[O-])C)C)CCCC[NH3+])Cc5c[nH]c6ccccc56)CO)CCC(=O)N)C(C)C)CCCNC(=[NH2+])N)C)CC(=O)[O-])CC(C)C)CS)CO)CC(C)C)CCCC[NH3+])C(C)C)CO)CC(C)C)CCC(=O)N)CC(C)C)CCCNC(=[NH2+])N)CCC(=O)[O-])CC(=O)[O-])CO)C(C)C)Cc5c[nH]c6ccccc56)CC(=O)N)Cc5ccc(O)cc5)CCCC[NH3+])CCC4)CCC3)C)CC(=O)[O-])CO)CCCC[NH3+])CCC(=O)[O-])[C@@H](C)CC)Cc3ccccc3)CO)CC(C)C)CC(C)C)CCC2)Cc2nc[nH]c2)CCSC)C)CC(=O)[O-])CCSC)CO)[C@H](O)C)Cc2ccc(O)cc2)CCSC)Cc2ccccc2)CCCC[NH3+])[C@@H](C)CC)[C@@H](C)CC)CO)Cc2ccccc2)C)CCCC[NH3+])C(C)C)[C@@H](C)CC)CO)Cc2ccc(O)cc2)Cc2ccccc2)CCCNC(=[NH2+])N)CC(=O)[O-])CC(C)C)CCC1)[C@@H](C)CC)CCC(=O)[O-])CC(=O)[O-])CCC(=O)N)[C@@H](C)CC)CO)CC(C)C)CC(C)C)CCCC[NH3+])C)C)Cc1ccccc1)CCC(=O)[O-])CC(C)C)CS)CCC(=O)N)CC(C)C)CCCNC(=[NH2+])N)Cc1ccccc1)CC(=O)N)[C@H](O)C)C(C)C)Cc1ccccc1)CC(=O)N)C)CCC(=O)[O-])[C@H](O)C)[C@H](O)C)Cc1c[nH]c2ccccc12)CCC(=O)[O-])C(=O)NCC(=O)N[C@@H](CCCNC(=[NH2+])N)C(=O)N[C@@H](CC(C)C)C(=O)N[C@@H](CO)C(=O)N[C@@H](Cc1ccc(O)cc1)C(=O)N[C@@H](CS)C(=O)N[C@@H](CC(C)C)C(=O)N[C@@H](CCC(=O)[O-])C(=O)N[C@@H](CC(=O)[O-])C(=O)N[C@@H]([C@H](O)C)C(=O)N[C@@H](C)C=O.SC[C@H](NC(=O)[C@@H](NC(=O)[C@@H](NC(=O)[C@@H](NC(=O)[C@@H](NC(=O)[C@@H](NC(=O)[C@@H](NC(=O)[C@@H](NC(=O)[C@@H](NC(=O)[C@@H](NC(=O)[C@@H](NC(=O)[C@@H](NC(=O)[C@@H](NC(=O)[C@@H](NC(=O)[C@@H](NC(=O)[C@@H](NC(=O)[C@@H](NC(=O)[C@@H](NC(=O)[C@@H](NC(=O)[C@@H](NC(=O)[C@@H](NC(=O)[C@@H](NC(=O)[C@@H](NC(=O)[C@@H](NC(=O)CNC(=O)[C@H]1N(C(=O)[C@@H](NC(=O)[C@@H](NC(=O)[C@H]2N(C(=O)[C@@H](NC(=O)[C@@H](NC(=O)[C@@H](NC(=O)[C@@H](NC(=O)[C@@H](NC(=O)[C@@H](NC(=O)[C@@H](NC(=O)[C@@H](NC(=O)[C@@H](NC(=O)[C@@H](NC(=O)[C@@H](NC(=O)[C@@H](NC(=O)[C@@H](NC(=O)[C@@H](NC(=O)[C@@H](NC(=O)[C@@H](NC(=O)[C@@H](NC(=O)[C@@H](NC(=O)[C@@H](NC(=O)[C@@H](NC(=O)[C@@H](NC(=O)[C@@H](NC(=O)[C@@H](NC(=O)[C@@H](NC(=O)[C@@H](NC(=O)[C@@H](NC(=O)[C@@H](NC(=O)[C@@H](NC(=O)[C@H]3N(C(=O)[C@@H](NC(=O)[C@@H](NC(=O)[C@@H](NC(=O)[C@@H](NC(=O)[C@@H]([NH3+])CCC(=O)N)CC(C)C)CC(C)C)CC(C)C)CCC(=O)[O-])CCC3)CCSC)CC(C)C)CCCC[NH3+])Cc3ccccc3)Cc3nc[nH]c3)Cc3ccc(O)cc3)CCSC)CC(C)C)CCCC[NH3+])CCCC[NH3+])CC(C)C)CCC(=O)N)CC(C)C)Cc3nc[nH]c3)CCC(=O)[O-])CCC(=O)[O-])CCC(=O)[O-])Cc3ccc(O)cc3)C(C)C)CC(C)C)CCSC)CCC(=O)N)C)[C@@H](C)CC)CO)CC(C)C)Cc3ccccc3)CO)CCC2)CC(=O)[O-])CCCNC(=[NH2+])N)CCC1)C(C)C)CC(C)C)CCC(=O)N)Cc1nc[nH]c1)CCCNC(=[NH2+])N)C(C)C)C(C)C)CC(=O)[O-])CCC(=O)N)CC(C)C)CCC(=O)N)CCC(=O)[O-])CCC(=O)N)Cc1ccccc1)C)[C@@H](C)CC)[C@H](O)C)CC(C)C)CCCC[NH3+])CO)Cc1ccc(O)cc1)[C@@H](C)CC)CCC(=O)[O-])C(=O)N[C@@H](CC(=O)N)C(=O)N[C@@H](CCCNC(=[NH2+])N)C(=O)N1[C@H](C(=O)N[C@@H](CCC(=O)N)C(=O)N2[C@H](C(=O)N[C@@H](C)C(=O)N[C@@H](Cc3nc[nH]c3)C(=O)N[C@@H](CCCNC(=[NH2+])N)C(=O)N[C@@H](Cc3ccccc3)C(=O)N[C@@H](CC(C)C)C(=O)N[C@@H](Cc3ccccc3)C(=O)N[C@@H](CC(C)C)C(=O)N[C@@H](CCCC[NH3+])C(=O)N[C@@H]([C@@H](C)CC)C(=O)N[C@@H](CCSC)C(=O)N[C@@H](C)C(=O)N[C@@H](CCSC)C(=O)N[C@@H](CC(C)C)C(=O)N[C@@H]([C@H](O)C)C(=O)N[C@@H](CCC(=O)[O-])C(=O)N[C@@H](CC(C)C)C(=O)N[C@@H](CCCNC(=[NH2+])N)C(=O)N[C@@H](CO)C(=O)N[C@@H]([C@@H](C)CC)C(=O)N[C@@H](CC(=O)N)C(=O)N[C@@H](C)C(=O)N[C@@H](CCC(=O)N)C(=O)N[C@@H](Cc3nc[nH]c3)C(=O)N[C@@H]([C@H](O)C)C(=O)N[C@@H](CCC(=O)N)C(=O)N[C@@H](CCCNC(=[NH2+])N)C(=O)N[C@@H](CC(C)C)C(=O)N[C@@H](CC(C)C)C(=O)N[C@@H](CCCNC(=[NH2+])N)C(=O)N[C@@H]([C@@H](C)CC)C(=O)N[C@@H](CCC(=O)N)C(=O)N[C@@H](CC(=O)[O-])C(=O)N[C@@H]([C@@H](C)CC)C(=O)N[C@@H](Cc3nc[nH]c3)C(=O)N3[C@H](C(=O)N[C@@H](Cc4ccccc4)C(=O)N[C@@H](C)C(=O)N[C@@H]([C@H](O)C)C(=O)N4[C@H](C(=O)N[C@@H](CC(C)C)C(=O)N[C@@H](CCSC)C(=O)N[C@@H](CCC(=O)N)C(=O)N[C@@H](CCC(=O)[O-])C(=O)N[C@@H](CC(C)C)C(=O)N[C@@H](Cc5ccccc5)C(=O)NCC(=O)N[C@H](C=O)[C@@H](C)CC)CCC4)CCC3)CCC2)CCC1.S(C)CC[C@H](NC(=O)[C@@H](NC(=O)[C@@H](NC(=O)[C@@H](NC(=O)[C@@H](NC(=O)[C@@H](NC(=O)[C@@H](NC(=O)CNC(=O)[C@@H](NC(=O)[C@@H](NC(=O)C[NH3+])C(C)C)CCC(=O)N)CC(C)C)[C@H](O)C)CCC(=O)[O-])CCC(=O)[O-])CCC(=O)N)CCCNC(=[NH2+])N)C(=O)N[C@@H](CCSC)C(=O)N[C@@H]([C@@H](C)CC)C(=O)N[C@@H](CCCNC(=[NH2+])N)C(=O)N[C@@H](CCC(=O)[O-])C(=O)N[C@@H](CC(C)C)C(=O)N[C@@H](CCSC)C(=O)N[C@@H](CC(=O)[O-])C(=O)N[C@@H](C)C(=O)N[C@@H](CCC(=O)N)C(=O)N[C@@H](CCSC)C(=O)N[C@@H](CCCC[NH3+])C(=O)N[C@@H]([C@H](O)C)C(=O)N[C@@H](Cc1ccccc1)C(=O)N[C@@H](CC(=O)[O-])C(=O)N[C@@H]([C@H](O)C)C(=O)N[C@@H]([C@H](O)C)C(=O)N[C@@H](Cc1ccccc1)C(=O)N[C@@H](CO)C(=O)N[C@@H](Cc1nc[nH]c1)C(=O)N[C@@H](Cc1ccccc1)C(=O)N[C@@H](CCCC[NH3+])C(=O)N[C@@H](CC(=O)N)C(=O)N[C@@H](Cc1ccccc1)C(=O)N[C@@H](CCCNC(=[NH2+])N)C(=O)N[C@@H](CC(C)C)C(=O)N1[C@H](C(=O)NCC(=O)N[C@H](C=O)C(C)C)CCC1.OC[C@H](NC(=O)CNC(=O)[C@@H](NC(=O)[C@@H](NC(=O)[C@@H](NC(=O)[C@@H](NC(=O)[C@@H](NC(=O)[C@@H](NC(=O)[C@@H](NC(=O)[C@@H](NC(=O)[C@@H](NC(=O)[C@@H](NC(=O)[C@@H](NC(=O)[C@@H](NC(=O)[C@@H](NC(=O)[C@@H](NC(=O)[C@@H](NC(=O)[C@@H]([NH3+])CO)CO)CC(C)C)[C@H](O)C)CCC(=O)[O-])CCCNC(=[NH2+])N)Cc1nc[nH]c1)CCCC[NH3+])[C@@H](C)CC)CC(C)C)Cc1nc[nH]c1)CCCNC(=[NH2+])N)CC(C)C)CC(C)C)CCC(=O)N)CCC(=O)[O-])C=O"
"PXR_pdbalignments_holo_TIER1_sorted_moesession.moe","2026-05-29 13:43:33","4J5X.A",293,2389,33970.9,"SC[C@H](NC(=O)[C@@H](NC(=O)[C@@H](NC(=O)[C@@H](NC(=O)CNC(=O)[C@@H](NC(=O)[C@@H](NC(=O)[C@@H](NC(=O)[C@@H](NC(=O)[C@@H](NC(=O)[C@@H](NC(=O)[C@@H](NC(=O)[C@@H](NC(=O)[C@@H](NC(=O)[C@@H](NC(=O)[C@@H](NC(=O)[C@@H](NC(=O)[C@@H](NC(=O)[C@@H](NC(=O)[C@@H](NC(=O)[C@@H](NC(=O)[C@@H](NC(=O)[C@@H](NC(=O)CNC(=O)[C@@H](NC(=O)[C@@H](NC(=O)[C@@H](NC(=O)[C@@H](NC(=O)[C@@H](NC(=O)[C@@H](NC(=O)[C@@H](NC(=O)[C@@H](NC(=O)[C@@H](NC(=O)[C@H]1N(C(=O)[C@@H](NC(=O)[C@@H](NC(=O)[C@@H](NC(=O)[C@@H](NC(=O)[C@@H](NC(=O)[C@@H](NC(=O)[C@@H](NC(=O)[C@@H](NC(=O)[C@@H](NC(=O)[C@@H](NC(=O)[C@@H](NC(=O)[C@@H](NC(=O)[C@@H](NC(=O)[C@@H](NC(=O)CNC(=O)[C@@H](NC(=O)[C@@H](NC(=O)[C@@H](NC(=O)[C@@H](NC(=O)[C@@H](NC(=O)[C@@H](NC(=O)[C@@H](NC(=O)[C@@H](NC(=O)[C@@H](NC(=O)[C@@H](NC(=O)[C@@H](NC(=O)[C@H]2N(C(=O)[C@@H](NC(=O)[C@@H](NC(=O)[C@@H](NC(=O)[C@@H](NC(=O)[C@@H](NC(=O)[C@@H](NC(=O)[C@@H](NC(=O)CNC(=O)CNC(=O)[C@@H](NC(=O)[C@@H](NC(=O)[C@@H](NC(=O)[C@H]3N(C(=O)[C@H]4N(C(=O)[C@@H](NC(=O)[C@@H](NC(=O)[C@@H](NC(=O)[C@@H](NC(=O)[C@@H](NC(=O)[C@@H](NC(=O)CNC(=O)[C@@H](NC(=O)[C@@H](NC(=O)CNC(=O)[C@@H](NC(=O)[C@@H](NC(=O)[C@@H](NC(=O)[C@@H](NC(=O)[C@@H](NC(=O)[C@@H](NC(=O)[C@@H](NC(=O)[C@@H](NC(=O)[C@@H](NC(=O)[C@@H](NC(=O)[C@@H](NC(=O)[C@@H](NC(=O)[C@@H](NC(=O)[C@@H](NC(=O)[C@@H](NC(=O)[C@@H](NC(=O)[C@@H](NC(=O)[C@@H](NC(=O)[C@@H](NC(=O)[C@@H](NC(=O)[C@@H](NC(=O)[C@@H](NC(=O)[C@@H](NC(=O)[C@@H](NC(=O)[C@@H]([NH3+])CO)CCCNC(=[NH2+])N)C)CCC(=O)[O-])C)C)CCCC[NH3+])Cc5c[nH]c6ccccc56)CO)CCC(=O)N)C(C)C)CCCNC(=[NH2+])N)CCCC[NH3+])CC(=O)[O-])CC(C)C)CS)CO)CC(C)C)CCCC[NH3+])C(C)C)CO)CC(C)C)CCC(=O)N)CC(C)C)CCCNC(=[NH2+])N)CCC(=O)[O-])CC(=O)[O-])CO)C(C)C)Cc5c[nH]c6ccccc56)CC(=O)N)Cc5ccc(O)cc5)CCCC[NH3+])CCC4)CCC3)C)CC(=O)[O-])CO)CCCC[NH3+])CCC(=O)[O-])[C@@H](C)CC)Cc3ccccc3)CO)CC(C)C)CC(C)C)CCC2)Cc2nc[nH]c2)CCSC)C)CC(=O)[O-])CCSC)CO)[C@H](O)C)Cc2ccc(O)cc2)CCSC)Cc2ccccc2)CCCC[NH3+])[C@@H](C)CC)[C@@H](C)CC)CO)Cc2ccccc2)C)CCCC[NH3+])C(C)C)[C@@H](C)CC)CO)Cc2ccc(O)cc2)Cc2ccccc2)CCCNC(=[NH2+])N)CC(=O)[O-])CC(C)C)CCC1)[C@@H](C)CC)CCC(=O)[O-])CC(=O)[O-])CCC(=O)N)[C@@H](C)CC)CO)CC(C)C)CC(C)C)CCCC[NH3+])C)C)Cc1ccccc1)CCC(=O)[O-])CC(C)C)CS)CCC(=O)N)CC(C)C)CCCNC(=[NH2+])N)Cc1ccccc1)CC(=O)N)[C@H](O)C)C(C)C)Cc1ccccc1)CC(=O)N)C)CCC(=O)[O-])[C@H](O)C)[C@H](O)C)Cc1c[nH]c2ccccc12)CCC(=O)[O-])C(=O)NCC(=O)N[C@@H](CCCNC(=[NH2+])N)C(=O)N[C@@H](CC(C)C)C(=O)N[C@@H](CO)C(=O)N[C@@H](Cc1ccc(O)cc1)C(=O)N[C@@H](CS)C(=O)N[C@@H](CC(C)C)C(=O)N[C@@H](CCC(=O)[O-])C(=O)N[C@@H](CC(=O)[O-])C(=O)N[C@@H]([C@H](O)C)C(=O)N[C@@H](C)C(=O)NCC(=O)NCC(=O)N[C@@H](Cc1ccccc1)C(=O)N[C@@H](CCC(=O)N)C(=O)N[C@@H](CCC(=O)N)C(=O)N[C@@H](CC(C)C)C(=O)N[C@@H](CC(C)C)C(=O)N[C@@H](CC(C)C)C(=O)N[C@@H](CCC(=O)[O-])C(=O)N1[C@H](C(=O)N[C@@H](CCSC)C(=O)N[C@@H](CC(C)C)C(=O)N[C@@H](CCCC[NH3+])C(=O)N[C@@H](Cc2ccccc2)C(=O)N[C@@H](Cc2nc[nH]c2)C(=O)N[C@@H](Cc2ccc(O)cc2)C(=O)N[C@@H](CCSC)C(=O)N[C@@H](CC(C)C)C(=O)N[C@@H](CCCC[NH3+])C(=O)N[C@@H](CCCC[NH3+])C(=O)N[C@@H](CC(C)C)C(=O)N[C@@H](CCC(=O)N)C(=O)N[C@@H](CC(C)C)C(=O)N[C@@H](Cc2nc[nH]c2)C(=O)N[C@@H](CCC(=O)[O-])C(=O)N[C@@H](CCC(=O)[O-])C(=O)N[C@@H](CCC(=O)[O-])C(=O)N[C@@H](Cc2ccc(O)cc2)C(=O)N[C@@H](C(C)C)C(=O)N[C@@H](CC(C)C)C(=O)N[C@@H](CCSC)C(=O)N[C@@H](CCC(=O)N)C(=O)N[C@@H](C)C(=O)N[C@@H]([C@@H](C)CC)C(=O)N[C@@H](CO)C(=O)N[C@@H](CC(C)C)C(=O)N[C@@H](Cc2ccccc2)C(=O)N[C@@H](CO)C(=O)N2[C@H](C(=O)N[C@@H](CC(=O)[O-])C(=O)N[C@@H](CCCNC(=[NH2+])N)C(=O)N3[C@H](C(=O)NCC(=O)N[C@@H](C(C)C)C(=O)N[C@@H](CC(C)C)C(=O)N[C@@H](CCC(=O)N)C(=O)N[C@@H](Cc4nc[nH]c4)C(=O)N[C@@H](CCCNC(=[NH2+])N)C(=O)N[C@@H](C(C)C)C(=O)N[C@@H](C(C)C)C(=O)N[C@@H](CC(=O)[O-])C(=O)N[C@@H](CCC(=O)N)C(=O)N[C@@H](CC(C)C)C(=O)N[C@@H](CCC(=O)N)C(=O)N[C@@H](CCC(=O)[O-])C(=O)N[C@@H](CCC(=O)N)C(=O)N[C@@H](Cc4ccccc4)C(=O)N[C@@H](C)C(=O)N[C@@H]([C@@H](C)CC)C(=O)N[C@@H]([C@H](O)C)C(=O)N[C@@H](CC(C)C)C(=O)N[C@@H](CCCC[NH3+])C(=O)N[C@@H](CO)C(=O)N[C@@H](Cc4ccc(O)cc4)C(=O)N[C@@H]([C@@H](C)CC)C(=O)N[C@@H](CCC(=O)[O-])C(=O)N[C@@H](CS)C(=O)N[C@@H](CC(=O)N)C(=O)N[C@@H](CCCNC(=[NH2+])N)C(=O)N4[C@H](C(=O)N[C@@H](CCC(=O)N)C(=O)N5[C@H](C(=O)N[C@@H](C)C(=O)N[C@@H](Cc6nc[nH]c6)C(=O)N[C@@H](CCCNC(=[NH2+])N)C(=O)N[C@@H](Cc6ccccc6)C(=O)N[C@@H](CC(C)C)C(=O)N[C@@H](Cc6ccccc6)C(=O)N[C@@H](CC(C)C)C(=O)N[C@@H](CCCC[NH3+])C(=O)N[C@@H]([C@@H](C)CC)C(=O)N[C@@H](CCSC)C(=O)N[C@@H](C)C(=O)N[C@@H](CCSC)C(=O)N[C@@H](CC(C)C)C(=O)N[C@@H]([C@H](O)C)C(=O)N[C@@H](CCC(=O)[O-])C(=O)N[C@@H](CC(C)C)C(=O)N[C@@H](CCCNC(=[NH2+])N)C(=O)N[C@@H](CO)C(=O)N[C@@H]([C@@H](C)CC)C(=O)N[C@@H](CC(=O)N)C(=O)N[C@@H](C)C(=O)N[C@@H](CCC(=O)N)C(=O)N[C@@H](Cc6nc[nH]c6)C(=O)N[C@@H]([C@H](O)C)C(=O)N[C@@H](CCC(=O)N)C(=O)N[C@@H](CCCNC(=[NH2+])N)C(=O)N[C@@H](CC(C)C)C(=O)N[C@@H](CC(C)C)C(=O)N[C@@H](CCCNC(=[NH2+])N)C(=O)N[C@@H]([C@@H](C)CC)C(=O)N[C@@H](CCC(=O)N)C(=O)N[C@@H](CC(=O)[O-])C(=O)N[C@@H]([C@@H](C)CC)C(=O)N[C@@H](Cc6nc[nH]c6)C(=O)N6[C@H](C(=O)N[C@@H](Cc7ccccc7)C(=O)N[C@@H](C)C(=O)N[C@@H]([C@H](O)C)C(=O)N7[C@H](C(=O)N[C@@H](CC(C)C)C(=O)N[C@@H](CCSC)C(=O)N[C@@H](CCC(=O)N)C(=O)N[C@@H](CCC(=O)[O-])C(=O)N[C@@H](CC(C)C)C(=O)N[C@@H](Cc8ccccc8)C(=O)NCC(=O)N[C@@H]([C@@H](C)CC)C(=O)N[C@H](C=O)[C@H](O)C)CCC7)CCC6)CCC5)CCC4)CCC3)CCC2)CCC1.S(C)CC[C@H](NC(=O)[C@@H](NC(=O)[C@@H](NC(=O)[C@@H](NC(=O)[C@@H](NC(=O)[C@@H](NC(=O)[C@@H](NC(=O)CNC(=O)[C@@H]([NH3+])CCC(=O)N)CC(C)C)[C@H](O)C)CCC(=O)[O-])CCC(=O)[O-])CCC(=O)N)CCCNC(=[NH2+])N)C(=O)N[C@@H](CCSC)C(=O)N[C@@H]([C@@H](C)CC)C(=O)N[C@@H](CCCNC(=[NH2+])N)C(=O)N[C@@H](CCC(=O)[O-])C(=O)N[C@@H](CC(C)C)C(=O)N[C@@H](CCSC)C(=O)N[C@@H](CC(=O)[O-])C(=O)N[C@@H](C)C(=O)N[C@@H](CCC(=O)N)C(=O)N[C@@H](CCSC)C(=O)N[C@@H](CCCC[NH3+])C(=O)N[C@@H]([C@H](O)C)C(=O)N[C@@H](Cc1ccccc1)C(=O)N[C@@H](CC(=O)[O-])C(=O)N[C@@H]([C@H](O)C)C(=O)N[C@@H]([C@H](O)C)C(=O)N[C@@H](Cc1ccccc1)C(=O)N[C@@H](CO)C(=O)N[C@@H](Cc1nc[nH]c1)C(=O)N[C@@H](Cc1ccccc1)C(=O)N[C@@H](CCCC[NH3+])C(=O)N[C@@H](CC(=O)N)C(=O)N[C@@H](Cc1ccccc1)C(=O)N[C@@H](CCCNC(=[NH2+])N)C(=O)N[C@@H](CC(C)C)C(=O)N1[C@H](C(=O)NCC(=O)N[C@H](C=O)C(C)C)CCC1.OC[C@H]([NH3+])C(=O)N[C@@H](CC(C)C)C(=O)N[C@@H]([C@H](O)C)C(=O)N[C@@H](CCC(=O)[O-])C(=O)N[C@@H](CCCNC(=[NH2+])N)C(=O)N[C@@H](Cc1nc[nH]c1)C(=O)N[C@@H](CCCC[NH3+])C(=O)N[C@@H]([C@@H](C)CC)C(=O)N[C@@H](CC(C)C)C(=O)N[C@@H](Cc1nc[nH]c1)C(=O)N[C@@H](CCCNC(=[NH2+])N)C(=O)N[C@@H](CC(C)C)C(=O)N[C@@H](CC(C)C)C(=O)N[C@@H](CCC(=O)N)C(=O)N[C@@H](CCC(=O)[O-])C=O"
"PXR_pdbalignments_holo_TIER1_sorted_moesession.moe","2026-05-29 13:43:33","4J5X.A",1,33,504.541,"P(=O)(OCC)(OCC)C(P(=O)(OCC)OCC)=Cc1cc(C(C)(C)C)c(O)c(C(C)(C)C)c1"
"PXR_pdbalignments_holo_TIER1_sorted_moesession.moe","2026-05-29 13:43:33","4J5X.D",44,44,704,"O.O.O.O.O.O.O.O.O.O.O.O.O.O.O.O.O.O.O.O.O.O.O.O.O.O.O.O.O.O.O.O.O.O.O.O.O.O.O.O.O.O.O.O"
"PXR_pdbalignments_holo_TIER1_sorted_moesession.moe","2026-05-29 13:43:33","4J5X.C",34,34,544,"O.O.O.O.O.O.O.O.O.O.O.O.O.O.O.O.O.O.O.O.O.O.O.O.O.O.O.O.O.O.O.O.O.O"
"PXR_pdbalignments_holo_TIER1_sorted_moesession.moe","2026-05-29 13:43:33","4J5X.A",40,40,640,"O.O.O.O.O.O.O.O.O.O.O.O.O.O.O.O.O.O.O.O.O.O.O.O.O.O.O.O.O.O.O.O.O.O.O.O.O.O.O.O"
"PXR_pdbalignments_holo_TIER1_sorted_moesession.moe","2026-05-29 13:43:33","4J5X.B",42,42,672,"O.O.O.O.O.O.O.O.O.O.O.O.O.O.O.O.O.O.O.O.O.O.O.O.O.O.O.O.O.O.O.O.O.O.O.O.O.O.O.O.O.O"
